id,video_id,title,url,downloaded_comment_count,comment_file_found,invalid_comment_lines
796,zxuICI0kL3s,"Don’t Turn Around, Win $10k",https://www.youtube.com/watch?v=zxuICI0kL3s,31,yes,0
49,zvBXpoBegwE,I Got T-Series To Subscribe To Me,https://www.youtube.com/watch?v=zvBXpoBegwE,31,yes,0
48,znUF-QobGGY,i really be trying to ask simple questions,https://www.youtube.com/watch?v=znUF-QobGGY,31,yes,0
47,znT63TRyKHs,Bryan pulled a Kevin on Kevin 😂,https://www.youtube.com/watch?v=znT63TRyKHs,31,yes,0
46,zfvw_vnmRYQ,Harrison Ford Tells The GREATEST Joke of All Time! BROCCOLI?,https://www.youtube.com/watch?v=zfvw_vnmRYQ,31,yes,0
45,ypYyHMH0n4M,"Your days are numbered, clown! 🤡 #HappyGilmore #AdamSandler #Shorts",https://www.youtube.com/watch?v=ypYyHMH0n4M,31,yes,0
44,yjdxNsuJk2o,Adam Sandler Bumming at the Oscars‼️🤣😂 #hilarious #conan #adamsandler #chalamet #oacars #comedy,https://www.youtube.com/watch?v=yjdxNsuJk2o,31,yes,0
43,yiWbBC9rUMM,Swedens next top model | Crowd work,https://www.youtube.com/watch?v=yiWbBC9rUMM,31,yes,0
42,yUO2TxF5uh8,Adam Sandler’s Funny Advice on Swimming With His Kids #adamsandler #celebrity,https://www.youtube.com/watch?v=yUO2TxF5uh8,31,yes,0
41,yRFeTgwx5lA,Jeremy Isn't Being Polite Enough,https://www.youtube.com/watch?v=yRFeTgwx5lA,31,yes,0
40,yR2L3JrG6GA,Ariana Grande & Jimmy Fallon Speak Japanese 😭,https://www.youtube.com/watch?v=yR2L3JrG6GA,31,yes,0
39,yEpsfaSr7F8,Joe Rogan Reacts To Funny Clip Of Joe Biden😂,https://www.youtube.com/watch?v=yEpsfaSr7F8,31,yes,0
38,y9TRCHqR6uw,Things Got Real With Roddy Piper and Bill Maher #wwe #aew #shorts,https://www.youtube.com/watch?v=y9TRCHqR6uw,31,yes,0
37,y91-2ITboys,alpharad’s videos referenced in jaiden animation’s video,https://www.youtube.com/watch?v=y91-2ITboys,31,yes,0
36,xuSJ_zQ_xvk,That’s What She Said - Adam Sandler 🤣,https://www.youtube.com/watch?v=xuSJ_zQ_xvk,31,yes,0
35,xsuQF59QhuE,Storyboard vs Animation: I got a cat. (shot 20),https://www.youtube.com/watch?v=xsuQF59QhuE,31,yes,0
34,xqvkHLatvE8,the last reveal of Season 2,https://www.youtube.com/watch?v=xqvkHLatvE8,31,yes,0
33,xgbjTu_qiJk,amazing kids on the Steve Harvey show #entertainment #love #goodvibes #world #everyone #reels #usa,https://www.youtube.com/watch?v=xgbjTu_qiJk,31,yes,0
32,xUrrguHV5SI,Adam Sandler's Daddy Pool Advice,https://www.youtube.com/watch?v=xUrrguHV5SI,31,yes,0
31,xTmRY5L7wT0,Who has kissed Trump’s ass the most this week!? 😘🍑🏆 #TheGoldenGroveler #Kimmel,https://www.youtube.com/watch?v=xTmRY5L7wT0,31,yes,0
30,xPi5CgUB8Zw,kidnapping Santa 🎅,https://www.youtube.com/watch?v=xPi5CgUB8Zw,31,yes,0
29,xDH9siLF8u0,When accents collide 🩴🌯 ​⁠@mrnigelng,https://www.youtube.com/watch?v=xDH9siLF8u0,31,yes,0
2192,roEtfSJZ7Ys,"""Top 5 Creepiest Natural Disasters That Look TOO BIZARRE to Be Real!?""",https://www.youtube.com/watch?v=roEtfSJZ7Ys,31,yes,0
2191,rlr6JyITzHM,This Fight Over Bill Maher Was So Big It Could Be the End of This Host of 'The View',https://www.youtube.com/watch?v=rlr6JyITzHM,31,yes,0
2190,rjou6-OISP4,When artists stop being relatable  #shorts #funny #animations #art #rapper,https://www.youtube.com/watch?v=rjou6-OISP4,31,yes,0
2188,raCEzmYcL2g,"It's okay, Kevin, we all think we're a ""little"" more famous than we really are.",https://www.youtube.com/watch?v=raCEzmYcL2g,31,yes,0
2186,rSiY6SZTaJc,Pain and Orochimaru are always at each other’s necks 🤣 #anime #shorts #funny #rdcworld1,https://www.youtube.com/watch?v=rSiY6SZTaJc,31,yes,0
2182,rLypLxxslaI,Dad does the most! #EverybodyHatesChris #ChrisRock #TerryCrews #TylerJamesWilliams #Shorts,https://www.youtube.com/watch?v=rLypLxxslaI,31,yes,0
2181,rLWKXXb6Uac,Joe Rogan Smelling SALTS Goes Wrong... 🤯@joerogan,https://www.youtube.com/watch?v=rLWKXXb6Uac,31,yes,0
2179,rGqc08VihOI,Bill Maher Takes a Savage Dig at Woke Culture 😳🔥,https://www.youtube.com/watch?v=rGqc08VihOI,31,yes,0
2177,rBtAdrY7ubs,"Trump has a plan to bring down drug prices. Does it make sense? No, but he has a plan! #DailyShow",https://www.youtube.com/watch?v=rBtAdrY7ubs,31,yes,0
2176,rAd0okZKDtw,"China Unlimited Energy For 60,000 Years",https://www.youtube.com/watch?v=rAd0okZKDtw,31,yes,0
2174,r95jLiAJtaA,Ricky Gervais Funny Moments,https://www.youtube.com/watch?v=r95jLiAJtaA,31,yes,0
2169,r0dp6quOn9k,미국 시민권 따자마자 한국인 됨🇲🇽🤠🇰🇷,https://www.youtube.com/watch?v=r0dp6quOn9k,31,yes,0
2165,qv34Ge4-Sao,Bender Go To Robot Prison 😆 #futurama#funny#classiccartoons #shorts,https://www.youtube.com/watch?v=qv34Ge4-Sao,31,yes,0
2162,qrBOQuS9JL8,Ranking the Best Celebrity Lookalikes.#twins #adele #katyperry #steveharvey,https://www.youtube.com/watch?v=qrBOQuS9JL8,31,yes,0
2159,qp0IgnjaLRY,"Bill Maher & Rob Reiner on RFK Jr.: Science, Choice & Cheryl Hines #shorts",https://www.youtube.com/watch?v=qp0IgnjaLRY,31,yes,0
2157,qmTUAHpXAyQ,Clueless Activist Gets OWNED On Live TV,https://www.youtube.com/watch?v=qmTUAHpXAyQ,31,yes,0
2155,ql5v9dfohB0,I’ll start coughing 😷😂  #covid19 #pandemic #tiktok #memes,https://www.youtube.com/watch?v=ql5v9dfohB0,31,yes,0
2152,qb5H5asmjts,Don’t miss the end 😅🤣 #anthonykarthik #comedy #telugu #funny #ytshorts #telugu,https://www.youtube.com/watch?v=qb5H5asmjts,31,yes,0
2149,qUqFHUklWHU,The Bistro Huddy Holiday Party,https://www.youtube.com/watch?v=qUqFHUklWHU,31,yes,0
2147,qUFEkxNP6fc,The quiet kid on lockdown drill day#skits#quietkid#comedy,https://www.youtube.com/watch?v=qUFEkxNP6fc,31,yes,0
2144,qKbb-1UqH00,Standup Shows on Zoom Meeting : Part 1😂| COVID Effects | Standup Comedy by Aakash Gupta #shorts,https://www.youtube.com/watch?v=qKbb-1UqH00,31,yes,0
2142,qKWUkR3R-aU,Fin’s history lesson | Fin vs the internet with @JyotySingh,https://www.youtube.com/watch?v=qKWUkR3R-aU,31,yes,0
2141,qJCKF8NDs9E,Ben Shapiro challenges the racism narrative on income inequality,https://www.youtube.com/watch?v=qJCKF8NDs9E,31,yes,0
2140,qHCjUk3XrVE,Voter confronts Jon Ossoff about impeaching Trump,https://www.youtube.com/watch?v=qHCjUk3XrVE,31,yes,0
2139,qGN5fNRWuHE,When RDC Leland ate the Ad food😂#rdcworld1 #funny #comedy,https://www.youtube.com/watch?v=qGN5fNRWuHE,31,yes,0
2138,qDdqMm00Mw4,Halloween experiment,https://www.youtube.com/watch?v=qDdqMm00Mw4,31,yes,0
2134,psjv_z4E-sQ,Ranking Best 2015 Iconic Vine Moments,https://www.youtube.com/watch?v=psjv_z4E-sQ,31,yes,0
2133,pqNFOJWFVQQ,Dakota Johnson is too Hot for Jimmy Fallon!,https://www.youtube.com/watch?v=pqNFOJWFVQQ,31,yes,0
2129,pck3xkL6tmQ,Rhett is really good at that...,https://www.youtube.com/watch?v=pck3xkL6tmQ,31,yes,0
2128,pcYA9RfiEKw,Influenceless influencer #KattWilliams,https://www.youtube.com/watch?v=pcYA9RfiEKw,31,yes,0
2127,pbgTRab0ffk,"When Your Co-Worker Joins a Cult, Part 6: Halloween Finale!",https://www.youtube.com/watch?v=pbgTRab0ffk,31,yes,0
2126,paFv5OJgXWE,Ranking Anwar Jibawi vine moments #shorts,https://www.youtube.com/watch?v=paFv5OJgXWE,31,yes,0
2125,pZu8rjGI39s,"""Roleplaying"" 🎤: @rachelmac6647  | Full Video on our Channel!",https://www.youtube.com/watch?v=pZu8rjGI39s,31,yes,0
2123,pVPGbbEOJDg,Mrbeast HATES my new chips!😩,https://www.youtube.com/watch?v=pVPGbbEOJDg,31,yes,0
2122,pUFn8fU0d0c,Zohran Mamdani's victory speech following New York mayor election win,https://www.youtube.com/watch?v=pUFn8fU0d0c,31,yes,0
2120,pK9X0fo2Q0g,Ricky Gervais ROASTS Hollywood Actors,https://www.youtube.com/watch?v=pK9X0fo2Q0g,31,yes,0
2118,pI_NfmgDB_Y,Matt Rife e le carrozzine...,https://www.youtube.com/watch?v=pI_NfmgDB_Y,31,yes,0
2117,pI3HzJI_01A,Kate Winslet has famous b**bs 🫡,https://www.youtube.com/watch?v=pI3HzJI_01A,31,yes,0
2116,pGd7J96-3a0,Jamie Oliver Destroys Pho,https://www.youtube.com/watch?v=pGd7J96-3a0,31,yes,0
2115,pFqc491jewM,"Free speech is back, baby! But only if it agrees with Trump",https://www.youtube.com/watch?v=pFqc491jewM,31,yes,0
2113,p8riRqfGdwY,H3H3 Steals xqc’s flow and flexes on idubbz with a watch,https://www.youtube.com/watch?v=p8riRqfGdwY,31,yes,0
2110,p5ojxMtxjGI,Real Time' Crowd Goes Quiet as Bill Maher Explains Why Dems Can’t Win,https://www.youtube.com/watch?v=p5ojxMtxjGI,31,yes,0
2107,p1IG4hFWwtI,Katt Williams. White People 😮 #comedy #standupcomedy #funny,https://www.youtube.com/watch?v=p1IG4hFWwtI,31,yes,0
2106,p-S5-mvGqfM,Trevor Noah Why Rich People Are Lazy,https://www.youtube.com/watch?v=p-S5-mvGqfM,31,yes,0
2102,osh1v6FqUhc,Florida Vaccine Mandates #lastweektonight,https://www.youtube.com/watch?v=osh1v6FqUhc,31,yes,0
2099,oiZvK6MY7tI,"Call Your Ex, Win $10,000",https://www.youtube.com/watch?v=oiZvK6MY7tI,31,yes,0
2098,of3KbcNPGh8,Using poison in fights is cheating idc 😂 #shorts #anime #rdcworld1 #funny,https://www.youtube.com/watch?v=of3KbcNPGh8,31,yes,0
2097,ocJzXK3tMQM,"""1 Year of Andy Huggins"" 🎤: Andy Huggins | Full Video on our Channel!",https://www.youtube.com/watch?v=ocJzXK3tMQM,31,yes,0
2095,oYUYymsU-qs,Top 5 Theo Von funniest moments #theovon #theovonclips #theovoncomedy,https://www.youtube.com/watch?v=oYUYymsU-qs,31,yes,0
2094,oY7tjh8RGXY,l'm anti- antidepressant. #antidepressants #depression #therapy #mentalhealth #standup #comedy,https://www.youtube.com/watch?v=oY7tjh8RGXY,31,yes,0
2092,oWcJ0FFTov4,Fanfan's Most Embarrassing Moment,https://www.youtube.com/watch?v=oWcJ0FFTov4,31,yes,0
2087,oAP2bTWeEmc,Niño de tres años se roba el show y el corazón de Steve Harvey #shorts,https://www.youtube.com/watch?v=oAP2bTWeEmc,31,yes,0
2086,o5B4epiF2VY,Lawyer Medicine #rfkjr #mitochondria #airports #vaccines #standupcomedy #funny #jokes #shorts,https://www.youtube.com/watch?v=o5B4epiF2VY,31,yes,0
2084,o0VgB9NoGz0,Shane & Theo Have a Close Call 😂🔥🤣 | This Past Weekend ft. Riley Mau,https://www.youtube.com/watch?v=o0VgB9NoGz0,31,yes,0
2082,nwezy-P6oWo,Mike Tyson on Chelsea Lately,https://www.youtube.com/watch?v=nwezy-P6oWo,31,yes,0
2080,nshOzf2KsW0,What's weird about that??,https://www.youtube.com/watch?v=nshOzf2KsW0,31,yes,0
2078,ns931Pz9JfU,#ranking #funny #nyc #nycmayorrace,https://www.youtube.com/watch?v=ns931Pz9JfU,31,yes,0
2077,nryCz2_mf0Q,Amy Poehler ROASTS Seth Meyers,https://www.youtube.com/watch?v=nryCz2_mf0Q,31,yes,0
2075,niN8WFJHw5M,The WORST Kid EVER!!,https://www.youtube.com/watch?v=niN8WFJHw5M,31,yes,0
2074,nfirJM7Qy6k,"Jimmy ""interviews"" #Trump about the longest government shutdown in US history. #FallonTonight",https://www.youtube.com/watch?v=nfirJM7Qy6k,31,yes,0
2072,nfObE69TtHM,Insane Tsunami Almost Hits A Human. Joe Rogan,https://www.youtube.com/watch?v=nfObE69TtHM,31,yes,0
2070,nDyDwJQWbwY,"""Going Gray"" 🎤: Susan Rice | @susanrice3033 | Full Video on our Channel!",https://www.youtube.com/watch?v=nDyDwJQWbwY,31,yes,0
2063,mzOgnT1_Qdk,Emily Has a Huge French Press Full of Tea 🫖,https://www.youtube.com/watch?v=mzOgnT1_Qdk,31,yes,0
2058,mmWilF-2vaM,With apologies to all dogs featured on this podcast.,https://www.youtube.com/watch?v=mmWilF-2vaM,31,yes,0
2057,mkw6cfNGvX4,Andrew Schulz In TIRES Season 2!!🤣🤣🤣#shanegillis #mattandshanessecretpodcast #andrewshulz #comedy,https://www.youtube.com/watch?v=mkw6cfNGvX4,31,yes,0
2054,m_AE4EQ5hoo,‘Madness!’ Patrick Christys Slams Migrant Chaos as Britain Engulfed by Asylum Hotel Uproar,https://www.youtube.com/watch?v=m_AE4EQ5hoo,31,yes,0
2053,mVK6sPX3wY8,oldest vs. newest JOYRIDE,https://www.youtube.com/watch?v=mVK6sPX3wY8,31,yes,0
2052,mTvxIcugIkk,would you try this challenge?🦘,https://www.youtube.com/watch?v=mTvxIcugIkk,31,yes,0
2051,mTj6JVLJ01E,GABRIEL IGLESIAS First time in Chicago PT.2😂 #shorts,https://www.youtube.com/watch?v=mTj6JVLJ01E,31,yes,0
2050,mPF4Z9-t6jg,where did he get that,https://www.youtube.com/watch?v=mPF4Z9-t6jg,31,yes,0
2046,mIuUUbQVuO0,We’re Already In Space! | Ricky Gervais #standup #funny,https://www.youtube.com/watch?v=mIuUUbQVuO0,31,yes,0
2044,mHjVzZhLcA8,We tazed @markiplier 😅,https://www.youtube.com/watch?v=mHjVzZhLcA8,31,yes,0
2043,mHVAelSeQG4,Jillian Michaels is this biggest loser in slavery debate,https://www.youtube.com/watch?v=mHVAelSeQG4,31,yes,0
2042,mF1CzHfDUc8,They didn't believe in him 💀🤣 #christianhooligan #funnypranks #pranklab #shorts,https://www.youtube.com/watch?v=mF1CzHfDUc8,31,yes,0
2041,mAbsDFe-e-c,SHOW-OFF TENNIS CRICKETER #shorts #cricket #cricketlover #sports #playground #comedy #funny #explore,https://www.youtube.com/watch?v=mAbsDFe-e-c,31,yes,0
2040,m89qKcVYifQ,"""Evil Laugh” 🎤: Marie Faustin | Full Video on our Channel!",https://www.youtube.com/watch?v=m89qKcVYifQ,31,yes,0
2038,m5Xw4TMfDX8,Trump shares bizarre AI video of Chuck Schumer and sombrero-wearing Hakeem Jeffries,https://www.youtube.com/watch?v=m5Xw4TMfDX8,31,yes,0
2036,ltUpNuefxwg,D&D Animated: The Campaign Is CANCELED!!! 🤣🍩 #dnd #ttrpg #dnd5e,https://www.youtube.com/watch?v=ltUpNuefxwg,31,yes,0
2034,lsm_37mAPf0,Zach Kornfeld From The Try Guys Is STEALING From A Billionaire,https://www.youtube.com/watch?v=lsm_37mAPf0,31,yes,0
2033,ls4-F9ikbxw,Celine Dion politely responding to Ellen’s rude remarks #celine #celinedion #ellen,https://www.youtube.com/watch?v=ls4-F9ikbxw,31,yes,0
2032,lrJpL5jNb-Q,What’s going on with RFK Jr?,https://www.youtube.com/watch?v=lrJpL5jNb-Q,31,yes,0
2031,lqCFYDKTg9k,‘This will happen if we don’t tax the rich’,https://www.youtube.com/watch?v=lqCFYDKTg9k,31,yes,0
2028,lX06r1zGfA8,'Why can't British homeless people qualify?' | LBC,https://www.youtube.com/watch?v=lX06r1zGfA8,31,yes,0
2026,lS1Tc-YtgbQ,Old Yeller | Ricky Gervais #comedian,https://www.youtube.com/watch?v=lS1Tc-YtgbQ,31,yes,0
2025,lQz5aqjZ3lQ,"Find This Briefcase, Win $10,000",https://www.youtube.com/watch?v=lQz5aqjZ3lQ,31,yes,0
2020,lEfbT1bbDEY,Ranking best Trevor Wallace and Sarah Safari moments.SUBSCRIBE,https://www.youtube.com/watch?v=lEfbT1bbDEY,31,yes,0
2019,lDWsvCu4Ois,Ricky Gervais explains insulting Johnny Depp #shorts #interview,https://www.youtube.com/watch?v=lDWsvCu4Ois,31,yes,0
2018,lBvFJtdgIX4,Bill Murray Humbles Joe Rogan!!! 😂😂😂 | JRE,https://www.youtube.com/watch?v=lBvFJtdgIX4,31,yes,0
2016,l9RcbpMb8sg,How I Get My 3 Year Old Son To Fall Asleep Alone #shorts,https://www.youtube.com/watch?v=l9RcbpMb8sg,31,yes,0
2013,kxJ_aSyIWGw,Trump's SEVEN calls to Putin #PUPPETREGIME #Trump #Putin,https://www.youtube.com/watch?v=kxJ_aSyIWGw,31,yes,0
2012,kx0LW5A5rUY,Trevor Noah on Labelling,https://www.youtube.com/watch?v=kx0LW5A5rUY,31,yes,0
2010,kus_DZCrxhk,Alien Isolations AI Is INSANE,https://www.youtube.com/watch?v=kus_DZCrxhk,31,yes,0
2005,kmJzfUejIlU,BASED Bill Maher ROASTS woke Dems on why they lost to Trump,https://www.youtube.com/watch?v=kmJzfUejIlU,31,yes,0
1998,kUU1BMbCT1c,50 Cent’s Funniest Interview! 🤣🔥 Quick-Fire with Stephen Colbert,https://www.youtube.com/watch?v=kUU1BMbCT1c,31,yes,0
1997,kQqvUxqGMBc,In-N-Out is diabolical for this,https://www.youtube.com/watch?v=kQqvUxqGMBc,31,yes,0
1996,kPa_S6jN9ls,Could You Win This Obstacle Course?,https://www.youtube.com/watch?v=kPa_S6jN9ls,31,yes,0
1995,kOmp2zqNn5E,Leland with the perfect timing😭 #funny #funniestmoments #rdcworld1 #funnyclips #rdcworld,https://www.youtube.com/watch?v=kOmp2zqNn5E,31,yes,0
1987,kK5uQcWFxgY,Schindler’s List Questions | Ricky Gervais #comedy #comedyvideos,https://www.youtube.com/watch?v=kK5uQcWFxgY,31,yes,0
1985,kA_WARUX-yY,I got vaccinated! (2021),https://www.youtube.com/watch?v=kA_WARUX-yY,31,yes,0
1983,k8IMietUe8Q,Travis Scott LOVES Juice,https://www.youtube.com/watch?v=k8IMietUe8Q,31,yes,0
1981,jzPbYVlhFvo,Nick Mullen Breaks Down Steve Harvey’s Funniest Stand-Up🤣😭💀,https://www.youtube.com/watch?v=jzPbYVlhFvo,31,yes,0
1977,jpvuq1-Pk4k,Ricky Gervais ROASTS Johnny Depp,https://www.youtube.com/watch?v=jpvuq1-Pk4k,31,yes,0
1976,jpO9RtS5qIY,WOW - Schulz Nailed It!🔥🤣  #usa #israel #palestine #politics #canada #news #uk #congress #lol #joke,https://www.youtube.com/watch?v=jpO9RtS5qIY,31,yes,0
1692,jblRGZESi5Y,Anti-migrant hotel protester: 'We are a fed up nation',https://www.youtube.com/watch?v=jblRGZESi5Y,31,yes,0
1690,jaTiBYPwewk,Top 5 Deadliest Natural Disasters That Was Very Dangerous!☠️😰,https://www.youtube.com/watch?v=jaTiBYPwewk,31,yes,0
1973,jU2Eyi3fIdE,They would be confused af landing out here 🤣 #rdcworld1 #comedy #shorts #funnyshorts,https://www.youtube.com/watch?v=jU2Eyi3fIdE,31,yes,0
1972,jPjib1CnlTo,Child Genius Crushed Anatomy 😂🤯 | ft.Steve,https://www.youtube.com/watch?v=jPjib1CnlTo,31,yes,0
1689,jKgQAFOdMA8,Tariffs be like… 💰💸😂 #shorts #funny #comedy #america #american #usa #economy #youtubeshorts,https://www.youtube.com/watch?v=jKgQAFOdMA8,31,yes,0
1687,jGq1udkAwEs,Urban Genius | Dave Chappelle #comedian #funny,https://www.youtube.com/watch?v=jGq1udkAwEs,31,yes,0
1685,jEekNplJtSc,Don't Mess With Lena.,https://www.youtube.com/watch?v=jEekNplJtSc,31,yes,0
1680,j3c1fXJD91c,oh frogan...,https://www.youtube.com/watch?v=j3c1fXJD91c,31,yes,0
1674,insZDI9UKok,Ricky Gervais MEETS Roy Keane! 🍿🤣,https://www.youtube.com/watch?v=insZDI9UKok,31,yes,0
1669,ihhr7pxthac,Is Elon a Super Genius?,https://www.youtube.com/watch?v=ihhr7pxthac,31,yes,0
1665,iWacrb4TWUw,Uncle Roger review @cookingwithkian Fried Rice,https://www.youtube.com/watch?v=iWacrb4TWUw,31,yes,0
1661,iIwqstOQ0vQ,Is THIS the Most Important Line In the History Of 'Seinfeld'?,https://www.youtube.com/watch?v=iIwqstOQ0vQ,31,yes,0
1653,i8B8qHeA8gI,Real Ways Criminals Escaped The Police,https://www.youtube.com/watch?v=i8B8qHeA8gI,31,yes,0
1651,i7rG1Mz-Bm4,Bill Maher Shocked By Whitney Cummings ￼,https://www.youtube.com/watch?v=i7rG1Mz-Bm4,31,yes,0
1649,i5-A_q8Abmc,Emma Chamberlain LOSES MONEY Selling Coffee,https://www.youtube.com/watch?v=i5-A_q8Abmc,31,yes,0
1646,hy7w8hA5sZc,This man is hilarious💀Ranking the Best Thomas Sanders Vines #3😂 #nostalgia #funny #silly #storytime,https://www.youtube.com/watch?v=hy7w8hA5sZc,31,yes,0
1644,hvptX9PKi9A,Chris Rock on Trump and Bullies. #comedy #chrisrock #trump,https://www.youtube.com/watch?v=hvptX9PKi9A,31,yes,0
1643,hvglIbPSHtg,Jimmy O. Yang Loves Hong Kong,https://www.youtube.com/watch?v=hvglIbPSHtg,31,yes,0
1642,hqENx3qOzPQ,we must protect Deb at all costs #AmySchumer,https://www.youtube.com/watch?v=hqENx3qOzPQ,31,yes,0
1637,hXqlpfUzbNs,Andrew Schulz CONTROLS THE WEATHER w/Shane Gillis and Steve Gerben!,https://www.youtube.com/watch?v=hXqlpfUzbNs,31,yes,0
1636,hX3Mcjpu8Yo,Best Penguinz0 Moments Ranked #shorts #funny #ranked,https://www.youtube.com/watch?v=hX3Mcjpu8Yo,31,yes,0
1634,hUKKbiYgNfk,"To be fair, the bar is on the floor when it comes to Trump’s interactions with the Black community",https://www.youtube.com/watch?v=hUKKbiYgNfk,31,yes,0
1629,h2vXZNGIDJM,the man has no filter 😭,https://www.youtube.com/watch?v=h2vXZNGIDJM,31,yes,0
1628,h0HsiDJS5bU,"Hilarious Love Scene Gone Wrong (Kinda Pregnant, 2025)",https://www.youtube.com/watch?v=h0HsiDJS5bU,31,yes,0
1624,guF62ONs6wI,Top 5 Funniest Sidemen 20v1 Moments 💀😂 #sidemen,https://www.youtube.com/watch?v=guF62ONs6wI,31,yes,0
1623,gtkqnhN0VkU,"Answer The Door, Win $10,000",https://www.youtube.com/watch?v=gtkqnhN0VkU,31,yes,0
1621,gqNiY0Pe1vo,CalebCity BREATHS In Military TEAR GAS 😳 #calebcity #twitch #comedy #shorts,https://www.youtube.com/watch?v=gqNiY0Pe1vo,31,yes,0
1619,gksqQWX5-qs,Justin Bieber seeing his friends vs his wife,https://www.youtube.com/watch?v=gksqQWX5-qs,31,yes,0
1618,gg8IoWCPK_U,5 Surprising Stars You Missed in Happy Gilmore 2! #shorts,https://www.youtube.com/watch?v=gg8IoWCPK_U,31,yes,0
1617,gcMsvyk30R0,Celebrity Reactions to the 2024 Election Results,https://www.youtube.com/watch?v=gcMsvyk30R0,31,yes,0
1616,gWtnifeYc2Y,Ranking Best Make Me Mad Challenge😭 #shorts #funny #meme,https://www.youtube.com/watch?v=gWtnifeYc2Y,31,yes,0
1614,gU8f57dnK0g,Adam Sandler is funny 💀#adamsandler  #edit #shorts,https://www.youtube.com/watch?v=gU8f57dnK0g,31,yes,0
1613,gTnBvMJ52Z4,Getting a sorry quirk is really a nightmare 🤣 #anime #shorts #rdcworld1 ##funny,https://www.youtube.com/watch?v=gTnBvMJ52Z4,31,yes,0
1612,gQrRg4atQLA,Kevin Hart Got Payback For Trying To Roast Druski 😭💀,https://www.youtube.com/watch?v=gQrRg4atQLA,31,yes,0
1605,gJ1qlXd5XAE,Dave Chappelle Reacts to Will Smith Slapping Chris Rock at the Oscars,https://www.youtube.com/watch?v=gJ1qlXd5XAE,31,yes,0
1600,g3Xta6QVOOo,Gurleen Pannnu & Ludo 🎲 | Comicstaan | #primevideoindia,https://www.youtube.com/watch?v=g3Xta6QVOOo,31,yes,0
1599,fzUS1JOWBeU,These Kevin Hart moments that had us crying 😭💀 Don’t miss the laughs! #KevinHart #Funniest #lol,https://www.youtube.com/watch?v=fzUS1JOWBeU,31,yes,0
1598,fvwC1551lGc,Vance warns U.K. against censoring free speech,https://www.youtube.com/watch?v=fvwC1551lGc,31,yes,0
1592,fs5b3oFjWzM,i got fired for no reason,https://www.youtube.com/watch?v=fs5b3oFjWzM,31,yes,0
1589,fmuyVt8AetE,I woke up at 5am for this,https://www.youtube.com/watch?v=fmuyVt8AetE,31,yes,0
1586,fgQQECwB3OA,RDC Ben with questionable shoe taste🤣 #rdcworld1 #funny #comedy #shorts,https://www.youtube.com/watch?v=fgQQECwB3OA,31,yes,0
1585,fg1mCyiUo30,UK vs America,https://www.youtube.com/watch?v=fg1mCyiUo30,31,yes,0
1583,fWyfOICLMU8,ANDREW SHULZ on KENDRICK LAMAR dissing him OVER JOKES 😳😱🤯#viral #trending #lildurk #fyp,https://www.youtube.com/watch?v=fWyfOICLMU8,31,yes,0
1581,fVVMVYHZq5A,Doxxed #penguinz0 #Moistcr1tikal,https://www.youtube.com/watch?v=fVVMVYHZq5A,31,yes,0
1579,fTilOo2WgRE,Ricky Gervais is FURIOUS with UK Government Censorship! #comedy #funny #standup,https://www.youtube.com/watch?v=fTilOo2WgRE,31,yes,0
1578,fQk5maMJYI0,Jordan makes a big mistake,https://www.youtube.com/watch?v=fQk5maMJYI0,31,yes,0
1575,fMI7x6HfQSk,Ricky Gervais on meeting his HERO! 🎸 🤯,https://www.youtube.com/watch?v=fMI7x6HfQSk,31,yes,0
1571,fKBniW3J0fA,I Made MrBeast Only Using His Friends' Faces,https://www.youtube.com/watch?v=fKBniW3J0fA,31,yes,0
1569,fHbreEz7SRk,We accidentally made MOONSHINE?!,https://www.youtube.com/watch?v=fHbreEz7SRk,31,yes,0
1568,fBdApb0N704,Trevor Noah Is a Joke,https://www.youtube.com/watch?v=fBdApb0N704,31,yes,0
1567,f8CVatqM4B8,"I work from home, but my family yelled at me for being lazy, and told me to leave with my dog...",https://www.youtube.com/watch?v=f8CVatqM4B8,31,yes,0
1566,f6PpXyYG7q0,Uncle Roger review QCP Fried Rice,https://www.youtube.com/watch?v=f6PpXyYG7q0,31,yes,0
1565,f4LsczpDJw8,Fake Doctor Gets Offended,https://www.youtube.com/watch?v=f4LsczpDJw8,31,yes,0
1564,f31iYufuJWY,I’m a voice actor,https://www.youtube.com/watch?v=f31iYufuJWY,31,yes,0
1562,f2lqUBswAeY,#WillFerrell is the new face of Little Debbie Snack Cakes 🤣  #FallonFlashback,https://www.youtube.com/watch?v=f2lqUBswAeY,31,yes,0
1561,f1_h5y5udqI,Alien Isolation is Absolutely Terrifying,https://www.youtube.com/watch?v=f1_h5y5udqI,31,yes,0
1560,f0bgHQSWfpo,he suddenly without notice drops these career-ending bombs #shorts #ranking #funny #viral,https://www.youtube.com/watch?v=f0bgHQSWfpo,31,yes,0
1558,f-AdwUGeb54,Laura: This is how far left the Dems have moved #shorts #us #election,https://www.youtube.com/watch?v=f-AdwUGeb54,31,yes,0
1557,ez9IPd_9fLg,the electoral college makes no sense #standupcomedy #standup #funny #comedy #politics #usa #america,https://www.youtube.com/watch?v=ez9IPd_9fLg,31,yes,0
1555,ewRPvpRgGNo,"Gotta give it to Trump, the man can spin a failure. #ACloserLook",https://www.youtube.com/watch?v=ewRPvpRgGNo,31,yes,0
1551,el_wBe0d69w,TOP 5 FUNNIEST AI BABY VIDEOS ON THE INTERNET 👶 #shorts #funny,https://www.youtube.com/watch?v=el_wBe0d69w,31,yes,0
1550,eke1Dcw50rU,"""These 5 Natural Disasters Can Delete Your City in 0.2 Seconds…""🤯😱",https://www.youtube.com/watch?v=eke1Dcw50rU,31,yes,0
1548,eincjq-0R3c,Top 5 Theo Von BEST Moments,https://www.youtube.com/watch?v=eincjq-0R3c,31,yes,0
1547,ehaOcSv2j10,kevin hart and Rock's funny moments,https://www.youtube.com/watch?v=ehaOcSv2j10,31,yes,0
1546,eh-yJAB0AVk,Chelsea Handler's close call with Bill Cosby,https://www.youtube.com/watch?v=eh-yJAB0AVk,31,yes,0
1541,eWOp2tMPAMU,Best Markiplier Moments Ranked #shorts @markiplier,https://www.youtube.com/watch?v=eWOp2tMPAMU,31,yes,0
1538,eQ7yyTiVxVM,Late night hosts react to Trump's WILD week,https://www.youtube.com/watch?v=eQ7yyTiVxVM,31,yes,0
1535,eIlXLZNorSA,How David Dobrik TRANSFORMED His Body 🤯💉(Weight Loss Transformation),https://www.youtube.com/watch?v=eIlXLZNorSA,31,yes,0
1534,eDvkwRnTgnw,How Gamestop used to do us has to be illegal 😂 #shorts #games #videogames #funny #rdcworld1,https://www.youtube.com/watch?v=eDvkwRnTgnw,31,yes,0
1529,e9iExg3mvv0,"""Black vs. White Therapists"" 🎤: Marie Faustin | Full Video on our Channel!",https://www.youtube.com/watch?v=e9iExg3mvv0,31,yes,0
1528,e84B-cwUJm8,ADHD wife. #stutter #adhd #comedy #standup,https://www.youtube.com/watch?v=e84B-cwUJm8,31,yes,0
1527,e76mOqI5H2s,The Best Jay Pharoah Impressions!,https://www.youtube.com/watch?v=e76mOqI5H2s,31,yes,0
1520,dtwwJO5YTvk,Bobby Lee is in the Squid Game,https://www.youtube.com/watch?v=dtwwJO5YTvk,31,yes,0
1519,dtGDv_LXF74,Jimmy Kimmel defends free speech in late-night return,https://www.youtube.com/watch?v=dtGDv_LXF74,31,yes,0
1516,dqSBSDXo1H0,Trumps ankles are thiccc,https://www.youtube.com/watch?v=dqSBSDXo1H0,31,yes,0
1510,ddOti18SvVI,"Trump Reaches Peace Deal to End Armenia, Azerbaijan Fighting",https://www.youtube.com/watch?v=ddOti18SvVI,31,yes,0
1509,dWpDeaEjMkI,Jimmy Carr's Top 5 DARKEST Jokes #shorts #funny #comedy #humor #dark #youtubeshorts #youtube,https://www.youtube.com/watch?v=dWpDeaEjMkI,31,yes,0
1508,dWLdBvd_unQ,Trump Threatens Rosie O’Donnell,https://www.youtube.com/watch?v=dWLdBvd_unQ,31,yes,0
1507,dV_wlg3X07g,What is it about politics that makes politicians so weird? 🤔,https://www.youtube.com/watch?v=dV_wlg3X07g,31,yes,0
1505,dTe8co6hKHc,#funny #standupcomedy #mattrife #comedyfilms,https://www.youtube.com/watch?v=dTe8co6hKHc,31,yes,0
1502,dIB2imRfklc,When a woman goes to the man’s place for the first time,https://www.youtube.com/watch?v=dIB2imRfklc,31,yes,0
1501,dCM1U7PwTc4,Bill Maher HUMILIATES Democrats like Hillary & Kamala for being too scared to come on his show,https://www.youtube.com/watch?v=dCM1U7PwTc4,31,yes,0
1500,d7d_9oGvdoE,I Can Relate With President Trump! - Trevor Noah,https://www.youtube.com/watch?v=d7d_9oGvdoE,31,yes,0
1499,d6Mq6NohBDc,"""Stranger Danger"" 🎤: Chris Robinson | Full Video on our Channel!",https://www.youtube.com/watch?v=d6Mq6NohBDc,31,yes,0
1496,d1S-Z6nD-fA,Markiplier *VOICES* a new character in TADC Ep.6!?,https://www.youtube.com/watch?v=d1S-Z6nD-fA,31,yes,0
1494,d-Ma2V6JIKg,You guys look sad. #wealth #economy #money,https://www.youtube.com/watch?v=d-Ma2V6JIKg,31,yes,0
1490,cvUVNc0XGdE,What would you do with this offer? #daviddobrik #funny #vlogs,https://www.youtube.com/watch?v=cvUVNc0XGdE,31,yes,0
1488,cmqIuNjuUE0,Top 3 Funniest Scares in Horror Game Moments (Instant Soul Evacuation 💀🚀)  #funny #robloxedit,https://www.youtube.com/watch?v=cmqIuNjuUE0,31,yes,0
1483,chkxhgQykao,Theo Von Catches Trump Off Guard,https://www.youtube.com/watch?v=chkxhgQykao,31,yes,0
1482,chjVeawIbJA,The First Time I Met A White Person,https://www.youtube.com/watch?v=chjVeawIbJA,31,yes,0
1481,chKx9xB1yZE,Trump on his dealmaking approach with Putin #shorts,https://www.youtube.com/watch?v=chKx9xB1yZE,31,yes,0
1477,ceWTbkSEt7U,3 signs of OCD #mentalhealth,https://www.youtube.com/watch?v=ceWTbkSEt7U,31,yes,0
1476,cdYCZlpktTs,Ellen Degeneres ROASTS Meryl Streep,https://www.youtube.com/watch?v=cdYCZlpktTs,31,yes,0
1475,cUQMQ2NgAe8,Jimmy Fallon Gets Nasty😂,https://www.youtube.com/watch?v=cUQMQ2NgAe8,31,yes,0
1473,cQxKoZaFTRY,😂😂 @brentriveratwo,https://www.youtube.com/watch?v=cQxKoZaFTRY,31,yes,0
1472,cQs2CmUE3VQ,SING WORLDS SMALLEST VIOLIN AT 200% SPEED #shorts,https://www.youtube.com/watch?v=cQs2CmUE3VQ,31,yes,0
1471,cOydnhJZdwg,the ULTIMATE pop culture trolley problem?!,https://www.youtube.com/watch?v=cOydnhJZdwg,31,yes,0
1470,cOVg7i-ebGc,Chelsea Handler Exposes Theo Von,https://www.youtube.com/watch?v=cOVg7i-ebGc,31,yes,0
1469,cM8sDleh55g,Us Italians don’t send food back we fix it… pepper… some oil… BOOM Michelin Star,https://www.youtube.com/watch?v=cM8sDleh55g,31,yes,0
1467,cKGhtN6_BaU,Mr Bean vs Mr Beast @MrBeast #mrbeast  #mrbean  #beamngdrive,https://www.youtube.com/watch?v=cKGhtN6_BaU,31,yes,0
1466,cH_4U-PLitY,The TRUTH about Shane Dawson! -Cancelled with Tana Mongeau & Brooke Schofield (ft. Jeffree Star),https://www.youtube.com/watch?v=cH_4U-PLitY,31,yes,0
1465,cEXWCWFXAh8,Eminem in Happy Gilmore 2,https://www.youtube.com/watch?v=cEXWCWFXAh8,31,yes,0
1464,cE3KraZFHro,Asylum seeker debate: 'Sending them back isn’t a solution!' | LBC,https://www.youtube.com/watch?v=cE3KraZFHro,31,yes,0
1462,cDFaQgM1bUs,How Adam Sandler got Eminem for Happy Gilmore 2,https://www.youtube.com/watch?v=cDFaQgM1bUs,31,yes,0
1461,cAtVy4nVliE,The Scariest Moment on Jimmy Fallon,https://www.youtube.com/watch?v=cAtVy4nVliE,31,yes,0
1460,c9m8FrVDHYk,CalebCity Ranks WORST Marvel Rival Mains 😭 #calebcity #reaction #shorts,https://www.youtube.com/watch?v=c9m8FrVDHYk,31,yes,0
1459,c6XVIIbZ_f0,Top 5 Matt vs Peyton jokes of all time pt.2🤣,https://www.youtube.com/watch?v=c6XVIIbZ_f0,31,yes,0
1458,c60hB-Csthw,😳“LOUD IN BED”?!! 😂😂 | First Date ft. Matt Rife #comedy #femalecomedian #tb,https://www.youtube.com/watch?v=c60hB-Csthw,31,yes,0
1457,c5mtTrLtmyI,Kylie Kelce Isn't A Fan Of Pet Names!,https://www.youtube.com/watch?v=c5mtTrLtmyI,31,yes,0
1456,c5KAo8m0sxM,this aged so well 🧟‍♂️ | Community #shorts,https://www.youtube.com/watch?v=c5KAo8m0sxM,31,yes,0
1455,c4hXljepVeY,the day white people stopped being cool. #ShaneGillis,https://www.youtube.com/watch?v=c4hXljepVeY,31,yes,0
1454,c2ukL_zjFCk,Extreme Helmet Game,https://www.youtube.com/watch?v=c2ukL_zjFCk,31,yes,0
1453,c1tQV2psdpM,Steve Thought His Wife Was His Daughter! #familyfeud #funny #steveharvey,https://www.youtube.com/watch?v=c1tQV2psdpM,31,yes,0
1452,c0MYabkH84s,The Most Memorable Fan Meets Their Idol Moments Ever  #NickiMinaj ellenshow #arianagrande #surprise,https://www.youtube.com/watch?v=c0MYabkH84s,31,yes,0
1451,c-kx6nlvc6k,how much for a haircut,https://www.youtube.com/watch?v=c-kx6nlvc6k,31,yes,0
1449,bymvBwl06e8,Cats or Dogs?,https://www.youtube.com/watch?v=bymvBwl06e8,31,yes,0
1448,bu1Aw8uH_-U,The Gulf of America 🇲🇽🇺🇸😂 #shorts #funny #comedy #america #usa #mexico #youtubeshorts,https://www.youtube.com/watch?v=bu1Aw8uH_-U,31,yes,0
1447,btbBWkZ2Y18,The Moment When Sam Jackson Met Marlon Brando | #shorts,https://www.youtube.com/watch?v=btbBWkZ2Y18,31,yes,0
1446,bsUcMXZ_DuY,Jim Carrey's Hilarious Environmental Activist Sketch | In Living Color,https://www.youtube.com/watch?v=bsUcMXZ_DuY,31,yes,0
1445,br9dVphoCVs,Ranking Most Iconic Memes #ranking #funny #funnyshorts #funnyvideos #memes,https://www.youtube.com/watch?v=br9dVphoCVs,31,yes,0
1444,blad_L_MBw8,Why Is Steve Harvey Always the Right Answer?! 😂 | Family Feud Moment,https://www.youtube.com/watch?v=blad_L_MBw8,31,yes,0
1441,bb5Gk_ZRIVc,If Moana was in Dress To Impress!,https://www.youtube.com/watch?v=bb5Gk_ZRIVc,31,yes,0
1440,bZv7ygWW36E,Stereotypes in Omaha!! | Matt Rife Crowd work,https://www.youtube.com/watch?v=bZv7ygWW36E,31,yes,0
1437,bV4zbKKMi-0,Optimal Gamer Morning Routine...,https://www.youtube.com/watch?v=bV4zbKKMi-0,31,yes,0
1436,bUFjWXFdWXg,Crazy that this video has over 25 Million views on TikTok! | Ali Siddiq Stand Up Comedy,https://www.youtube.com/watch?v=bUFjWXFdWXg,31,yes,0
1435,bT2cCWYiFpw,Beautiful Nail | Anjelah Johnson | Comedy Time,https://www.youtube.com/watch?v=bT2cCWYiFpw,31,yes,0
1434,bSvNCFL-h6w,comment with 0 likes wins..LET'S GO😄 #confessyourlove #dance #danceedit,https://www.youtube.com/watch?v=bSvNCFL-h6w,31,yes,0
1433,bRh_ym5bejA,"IDubbbz, Lets Act Like Adults...",https://www.youtube.com/watch?v=bRh_ym5bejA,31,yes,0
1432,bNsD6loy6wc,Shadow has THOUGHTS on climate change 😂 🌎,https://www.youtube.com/watch?v=bNsD6loy6wc,31,yes,0
1430,bIrKxUD3vOE,he makes full music from one cup #interviewshorts #funny #comedian #bts #funniestvideo #comedyskits,https://www.youtube.com/watch?v=bIrKxUD3vOE,31,yes,0
1428,bFQBuJHPjK0,"Melania Trump talks return to DC, decoration plans for the White House",https://www.youtube.com/watch?v=bFQBuJHPjK0,31,yes,0
1427,bEhI7ppLkfs,Reading Lily's Letter to Link,https://www.youtube.com/watch?v=bEhI7ppLkfs,31,yes,0
1426,bBbFH-tqpJ0,Best Penguinz0 Moments Ranked #shorts #funny @penguinz0,https://www.youtube.com/watch?v=bBbFH-tqpJ0,31,yes,0
1425,bAcdSUqHnDQ,CAN'T BELIEVE this happens to Salish Matter with Nidal Wonder's thing?!😳🥺 #nalish #shorts #trending,https://www.youtube.com/watch?v=bAcdSUqHnDQ,31,yes,0
1424,bA5u3i-YF_U,Leave it to New Yorkers to share their feelings!,https://www.youtube.com/watch?v=bA5u3i-YF_U,31,yes,0
1423,b92UIBNXDeg,Top 5 funniest Kevin Hart moments,https://www.youtube.com/watch?v=b92UIBNXDeg,31,yes,0
1422,b8WP00XTSRo,Druski Breaks Kai Cenat’s Expensive Chair 😭,https://www.youtube.com/watch?v=b8WP00XTSRo,31,yes,0
1421,b78qJYJsy3Y,It's not really a choice | Jimmy O. Yang,https://www.youtube.com/watch?v=b78qJYJsy3Y,31,yes,0
1420,b71gOW78gbI,Vaccination💉 #shorts #shortvideo,https://www.youtube.com/watch?v=b71gOW78gbI,31,yes,0
1418,b38h-JlZnvo,A tradition that’s been passed down for generations! #funny #mentalhealth #mentalillness #relatable,https://www.youtube.com/watch?v=b38h-JlZnvo,31,yes,0
1417,b2-HxMIcR2g,"Top 3 Anime Series  Attack on Titan, Code Geass, a #funnymoments #penguinz0 #moistcr1tikal",https://www.youtube.com/watch?v=b2-HxMIcR2g,31,yes,0
1416,b1UK_GYJ3O8,Migrants CONFRONTED by Express reporter | 24 Hours in Calais,https://www.youtube.com/watch?v=b1UK_GYJ3O8,31,yes,0
1415,b1D-oyoArb8,"""A Good One!"" - Caleb’s Grandpa Rocks a Tie So Fancy, It Could Steal Steve Harvey’s Job! #shorts",https://www.youtube.com/watch?v=b1D-oyoArb8,31,yes,0
1413,b-9gko2AtP0,Shortest Wars in History,https://www.youtube.com/watch?v=b-9gko2AtP0,31,yes,0
1411,aytRS129_vU,everything that’s happened since Covid… #recap #rap,https://www.youtube.com/watch?v=aytRS129_vU,31,yes,0
1410,axdVSq0urLM,I was so scared 😒😭 #jojoworld #viral #doctors #shorts #funny,https://www.youtube.com/watch?v=axdVSq0urLM,31,yes,0
1408,at3GD23vjFk,Funniest Theo Von moments,https://www.youtube.com/watch?v=at3GD23vjFk,31,yes,0
1407,aq3vMfeFLYM,Charlie Sheen’s HILARIOUS Rodney Dangerfield Elevator Story 😂 | Joe Rogan Podcast #joerogan,https://www.youtube.com/watch?v=aq3vMfeFLYM,31,yes,0
1406,apnO2-wHK1M,buy JOYRIDE = Christmas shopping 🎄,https://www.youtube.com/watch?v=apnO2-wHK1M,31,yes,0
1405,amqe2W3-lP0,Tana Mongeau’s Very Specific Ick,https://www.youtube.com/watch?v=amqe2W3-lP0,31,yes,0
1404,ak8PoDWv6P0,Jack Black Gets Backstabbed by Pewdiepie 💔😞,https://www.youtube.com/watch?v=ak8PoDWv6P0,31,yes,0
1403,ajFQPY7IAXk,RFK Jr. won't say Covid vaccines saved lives,https://www.youtube.com/watch?v=ajFQPY7IAXk,31,yes,0
1402,aiFLs94e4e4,Top 3 Best Insults Ever in The Kevin Langue Show!,https://www.youtube.com/watch?v=aiFLs94e4e4,31,yes,0
1401,aePRCHAml_o,Regina Hall Pats Down Jason Momoa & Josh Brolin at the 94th #Oscars #shorts,https://www.youtube.com/watch?v=aePRCHAml_o,31,yes,0
1400,adWMjnuD2NU,"Global warming is not political, it’s science 🥵 #iceland #globalwarming #climatechange",https://www.youtube.com/watch?v=adWMjnuD2NU,31,yes,0
1399,adUSdFDJGTw,Bob Menery ALWAYS Whining About Someone Owing Him Money #nelk #funny #talkshow #stevewilldoit,https://www.youtube.com/watch?v=adUSdFDJGTw,31,yes,0
1398,aboz-HW45KI,NOS VAMOS DE RUMBA 😂 @SusyMouriz  #humor #baile #mx #mexico,https://www.youtube.com/watch?v=aboz-HW45KI,31,yes,0
1396,aZYsMdOobd0,🤯 #funny #danawhite #poker #casino #blackjack #clip #viral #adinross #xqc #youtube #nelk #ufc,https://www.youtube.com/watch?v=aZYsMdOobd0,31,yes,0
1395,aZVprpxxAEM,"When Your Co-Worker Joins a Cult, Part 2",https://www.youtube.com/watch?v=aZVprpxxAEM,31,yes,0
1394,aXnRov715BI,When Dr Mike FELL For His Wife,https://www.youtube.com/watch?v=aXnRov715BI,31,yes,0
1393,aTuQOFM29Iw,Reporter asks Trump and UK Prime Minister Starmer about 'free speech',https://www.youtube.com/watch?v=aTuQOFM29Iw,31,yes,0
1392,aTSSCQA9LB0,Trump tells Elon to say it to his face #PUPPETREGIME #Comedy #abomination,https://www.youtube.com/watch?v=aTSSCQA9LB0,31,yes,0
1391,aSDFN-mzgFE,I Offended The Entire Audience In Five Seconds | Gabriel Iglesias #comedian #jokes,https://www.youtube.com/watch?v=aSDFN-mzgFE,31,yes,0
1390,aRiUlpXFW7s,Matt Rife said it... not us.,https://www.youtube.com/watch?v=aRiUlpXFW7s,31,yes,0
1389,aQSYudASEgM,Ryan & Harrison CRACKING UP During Interview! 😂 | #ryangosling #hilarious #viralshorts  #interview,https://www.youtube.com/watch?v=aQSYudASEgM,31,yes,0
1388,aNLfUdRkCdY,Markiplier Hates Me.,https://www.youtube.com/watch?v=aNLfUdRkCdY,31,yes,0
1387,aMWTF7RZRzU,The only people who reacted worse than Trump this week,https://www.youtube.com/watch?v=aMWTF7RZRzU,31,yes,0
1386,aKLHfm-A7Ws,The Most Attractive Dad You've Ever Seen,https://www.youtube.com/watch?v=aKLHfm-A7Ws,31,yes,0
1385,aFyVaOdDizk,Chocolate #cartoon #animation #funny #eating #asmr #odlysatisfying #comedymemes,https://www.youtube.com/watch?v=aFyVaOdDizk,31,yes,0
1384,aF4VJjoOQIU,Now she gets it @pierson @brentrivera,https://www.youtube.com/watch?v=aF4VJjoOQIU,31,yes,0
1383,aAbY1mUDCz8,Throwback To The Best Acceptance speech ever!😂🎤,https://www.youtube.com/watch?v=aAbY1mUDCz8,31,yes,0
1382,a7Dv14zqhXk,Aquariums in Chinese Grocery Stores,https://www.youtube.com/watch?v=a7Dv14zqhXk,31,yes,0
1381,a077OSdQAJY,Who let them in here?! | Matt Rife Crowd Work,https://www.youtube.com/watch?v=a077OSdQAJY,31,yes,0
1380,_zE0hc9wAos,Ukraine F*** Russia | Max Amini | Stand Up Comedy,https://www.youtube.com/watch?v=_zE0hc9wAos,31,yes,0
1379,_wjlXh6_TRE,WHY DID THEY DO THIS,https://www.youtube.com/watch?v=_wjlXh6_TRE,31,yes,0
1378,_wZVQMNd_io,The way Salish found out Nidal ❤️ - Nalish  😍   Jordan Matter Shorts,https://www.youtube.com/watch?v=_wZVQMNd_io,31,yes,0
1377,_ucNDdCJdz0,Which Shoes Will Protect Your Feet?,https://www.youtube.com/watch?v=_ucNDdCJdz0,31,yes,0
1376,_r8eKK4Wmdk,Harder than it looks!!,https://www.youtube.com/watch?v=_r8eKK4Wmdk,31,yes,0
1375,_n2pVxC7IJI,Storyboard vs Animation: I went to Japan (shot 12),https://www.youtube.com/watch?v=_n2pVxC7IJI,31,yes,0
1373,_iRiMDzqVpc,It Was Worse | Campaign 4,https://www.youtube.com/watch?v=_iRiMDzqVpc,31,yes,0
1372,_fkCbMtRqQU,They all the same height 🤣 #zachcray #funnymoments #funniestytclips #sh,https://www.youtube.com/watch?v=_fkCbMtRqQU,31,yes,0
1371,_eOSchEiwrA,Funniest Fart Moments😂 #fartprank #funny #shorts #humor #funnymoment #prank,https://www.youtube.com/watch?v=_eOSchEiwrA,31,yes,0
1370,_dqFMUhOmqo,When You Work with Your Bestie 😂 #OfficeFails #trending #viral #officememes #memes,https://www.youtube.com/watch?v=_dqFMUhOmqo,31,yes,0
1368,__Lmb-90ts8,Residents take shelter as fighting erupts between Thai and Cambodian forces,https://www.youtube.com/watch?v=__Lmb-90ts8,31,yes,0
28,_YFuwimETCo,Your Vocation Is Not To Sell Guns | Gabriel Iglesias #fluffy #comedyvideo,https://www.youtube.com/watch?v=_YFuwimETCo,31,yes,0
1364,_SZHvosNJjY,Ranking Shaq & Kevin Hart Funniest Moments Ever 😂 #ShaquilleONeal #KevinHart #FunnyMoments,https://www.youtube.com/watch?v=_SZHvosNJjY,31,yes,0
1363,_R4HVauTxx4,"""Talking After S*x"" 🎤: Usama Siddiquee #donttellcomedy #usamasiddiquee #standup #comedy",https://www.youtube.com/watch?v=_R4HVauTxx4,31,yes,0
1362,_OehPa-gGwQ,Ricky Gervais ROASTS Martin Scorsese,https://www.youtube.com/watch?v=_OehPa-gGwQ,31,yes,0
1358,_HlIelqBDkM,Joe Rogan Watches Infamous Viral Video,https://www.youtube.com/watch?v=_HlIelqBDkM,31,yes,0
1355,_GXU-I2ZSGk,LeBron Knew Kobe’s Hand Signal Meant Only One Thing: ISO! 🐍🏀 #lebronjames #kobebryant #kobe #lebron,https://www.youtube.com/watch?v=_GXU-I2ZSGk,31,yes,0
1354,_E4-pBcteMs,Zach Galifianakis Performs For Jerry Seinfeld,https://www.youtube.com/watch?v=_E4-pBcteMs,31,yes,0
1353,_DZAa2nVHBw,Kylie and Chelsea Handler Have Different Opinions on Guys Who Wear Flip Flops 😂,https://www.youtube.com/watch?v=_DZAa2nVHBw,31,yes,0
1352,_Aq54FSah_g,The Life of Markiplier 🕹️,https://www.youtube.com/watch?v=_Aq54FSah_g,31,yes,0
1351,_9eileZ79BE,Shabana Mahmood slammed for stating the obvious on migrant crisis,https://www.youtube.com/watch?v=_9eileZ79BE,31,yes,0
1350,_8E1AB1Ho3E,“what’s austin’s favorite restaurant?”,https://www.youtube.com/watch?v=_8E1AB1Ho3E,31,yes,0
1349,_7kBWkggnE0,European Tour kicks off this week in Reykjavik! See you in Europe ✈️,https://www.youtube.com/watch?v=_7kBWkggnE0,31,yes,0
1348,_1_0WqGD00g,🆚Strong Run Challenge | Who was the strongest?🥸 #funny #foryou #challenge #shorts #gym #strong,https://www.youtube.com/watch?v=_1_0WqGD00g,31,yes,0
1347,_-zGgqoBjOU,"Trump tears into climate change, immigration and talks conflict at UN General Assembly #Shorts",https://www.youtube.com/watch?v=_-zGgqoBjOU,31,yes,0
1346,_-MqPiWPp9E,Ranking the Funniest Blanket Dance Challenge Fails 💃🤣 #funny,https://www.youtube.com/watch?v=_-MqPiWPp9E,31,yes,0
27,ZzcEB0IOt7o,HECKLED BY HIS MOM?!? 😳😳 #standupcomedy #comedy #funny #standup #crowdwork,https://www.youtube.com/watch?v=ZzcEB0IOt7o,31,yes,0
26,ZmDCD1sgqZo,Joe Rogan Talks About Japan's Crisis,https://www.youtube.com/watch?v=ZmDCD1sgqZo,31,yes,0
25,ZbecKRGwOq0,BLOWING UP The Desk | Blac Chyna | The Eric Andre Show | adult swim,https://www.youtube.com/watch?v=ZbecKRGwOq0,31,yes,0
24,ZTkP4Em9Q9s,Emma Watson Teaches Jimmy Fallon to Dance – Hilarious & Adorable! #jimmyfallon #emmawatson #shorts,https://www.youtube.com/watch?v=ZTkP4Em9Q9s,31,yes,0
23,ZSuCY7yPwrE,"""The Wildest Barbershop in the West 💈🤣 | The Ridiculous 6""",https://www.youtube.com/watch?v=ZSuCY7yPwrE,31,yes,0
22,ZREjKEKxGhE,Is Tandem Names For Kids a Bad Idea- #cancelledpodcast #tanamongeau #brookeschofield,https://www.youtube.com/watch?v=ZREjKEKxGhE,31,yes,0
21,ZN3Vh0wyQGQ,Ronaldo and MrBeast Ai Funny videos #funny #cr7 #mrbeast #ai #shorts #ronaldo,https://www.youtube.com/watch?v=ZN3Vh0wyQGQ,31,yes,0
20,Yxo59C30zTg,"She’s really pretty, even in her short hair 🥹",https://www.youtube.com/watch?v=Yxo59C30zTg,31,yes,0
18,YqVYSFFG3dw,FUNNY VIDEO Mr.Beast Worst Contestant #pov #skit #relatable #comedy,https://www.youtube.com/watch?v=YqVYSFFG3dw,31,yes,0
17,Yof-CSkxtYY,BLACK??? | Matt Rife crowd work,https://www.youtube.com/watch?v=Yof-CSkxtYY,31,yes,0
16,YgGlQHRBB-A,$50K on the line for a tape no one’s supposed to see.,https://www.youtube.com/watch?v=YgGlQHRBB-A,31,yes,0
15,YXRL02rUEDM,Happy Gilmore 2 is.. 😦 | The Truth about Adam Sandler 🍿🎬,https://www.youtube.com/watch?v=YXRL02rUEDM,31,yes,0
13,YK8g_52Yhw8,Can You Tell I Love Blue Cheese?,https://www.youtube.com/watch?v=YK8g_52Yhw8,31,yes,0
12,YD3QZk6n4QI,Sorry (Not Sorry) Ryan Trahan 🐐 #TheManniiShow.com/series,https://www.youtube.com/watch?v=YD3QZk6n4QI,31,yes,0
11,Y-FJ7OJ8iaQ,Accepted by the natives!! | Matt Rife crowd work part 1,https://www.youtube.com/watch?v=Y-FJ7OJ8iaQ,31,yes,0
10,XzeLupTvj5I,😂‼️ Full episode is out! Watch in its entirety below! | What Now? with Trevor Noah Podcast,https://www.youtube.com/watch?v=XzeLupTvj5I,31,yes,0
9,Xxgx-k5uJhc,We Saved MrBeast From Going BLIND 😱,https://www.youtube.com/watch?v=Xxgx-k5uJhc,31,yes,0
8,XjsdnyYj4Gc,Fluffy's hilarious gun advice | Gabriel Iglesias,https://www.youtube.com/watch?v=XjsdnyYj4Gc,31,yes,0
7,XgMK__cSmho,Adam Sandler on Eminem | Happy Gilmore 2025,https://www.youtube.com/watch?v=XgMK__cSmho,31,yes,0
6,XXFAYUNfJy4,Top 6 funniest Family Feud Steve Harvey Moments🤣 #shorts #viralshorts #subscribe,https://www.youtube.com/watch?v=XXFAYUNfJy4,31,yes,0
5,XPx_U-Gw5II,#BabyJohn Stars Join the Fun This Weekend Only On #TheGreatIndianKapilShow #VarunDhawan #Atlee,https://www.youtube.com/watch?v=XPx_U-Gw5II,31,yes,0
4,XNtTO_339kU,"Pick The Wrong Tube, Get Slimed",https://www.youtube.com/watch?v=XNtTO_339kU,31,yes,0
3,XF5atSzGKRI,Seth MacFarlane switches voices effortlessly,https://www.youtube.com/watch?v=XF5atSzGKRI,31,yes,0
1970,Rw_y9GyrCY8,This is Why Arc Raiders Is So Fun,https://www.youtube.com/watch?v=Rw_y9GyrCY8,31,yes,0
1965,RhtYmgj41gw,'Turn The Volume Up': Zohran Mamdani Calls Out Trump In Victory Speech,https://www.youtube.com/watch?v=RhtYmgj41gw,31,yes,0
1962,Rex25oBz8NM,no way she just strarted singing like that😭🗣️ | #kevinlangue #edit #funny #funnyedit #viralvideo,https://www.youtube.com/watch?v=Rex25oBz8NM,31,yes,0
1957,RUSb33fzRdk,I love when white dudes dance at weddings,https://www.youtube.com/watch?v=RUSb33fzRdk,31,yes,0
1956,RU6zll_Gbvo,Trevor Noah Pokes Fun Taylor Swift at The Grammys #shorts #youtubeshorts #viralshorts,https://www.youtube.com/watch?v=RU6zll_Gbvo,31,yes,0
1954,RQ2XfRTBW_o,Jinx Challenge With Margot Robbie at Jimmy Fallon Show...😂😂,https://www.youtube.com/watch?v=RQ2XfRTBW_o,31,yes,0
1953,ROctVNlolEI,Cinna Shows Love to RDC: “They’re My Favorite People to See at Events” #rdcworld #rdcworld1,https://www.youtube.com/watch?v=ROctVNlolEI,31,yes,0
1952,RMuyV4reItM,Ty and Denny's Mom didn't like this game,https://www.youtube.com/watch?v=RMuyV4reItM,31,yes,0
1951,RMGvMe5pRjA,They gotta be feeding their kids something we don’t know about 😂 #comedy #shorts #rdcworld1,https://www.youtube.com/watch?v=RMGvMe5pRjA,31,yes,0
1950,RGbKSfUL9BQ,the moment h3 finds out the content cop is on him #h3h3 #h3h3productions #h3h3podcast #idubbz,https://www.youtube.com/watch?v=RGbKSfUL9BQ,31,yes,0
1948,RDhoCbdC8p0,Us in 50 years after calling robots “clankers” #shorts #funny #theboondocks #clanker #tiktok #fyp,https://www.youtube.com/watch?v=RDhoCbdC8p0,31,yes,0
1947,RDQDoNRog3I,Ranking Trevor Wallace mentality core #shorts,https://www.youtube.com/watch?v=RDQDoNRog3I,31,yes,0
1943,R4pqs3F4z-Y,Asking Your Server to Do Your Baby's Gender Reveal,https://www.youtube.com/watch?v=R4pqs3F4z-Y,31,yes,0
1942,R1TgTZcKNU8,Shane Gillis Roasts Trevor Noah Video,https://www.youtube.com/watch?v=R1TgTZcKNU8,31,yes,0
1938,QuaTu5_ZrHY,Joe Rogan Reacts To America’s Secret Weapon,https://www.youtube.com/watch?v=QuaTu5_ZrHY,31,yes,0
1937,QthxxJH6W7Q,⁠Emma Chamberlain Reacts To Her Own Life Movie @emmachamberlain,https://www.youtube.com/watch?v=QthxxJH6W7Q,31,yes,0
1935,Qqogdy436ig,Dave Chapelle and Chris Rock COOK Libs on SNL 🤣,https://www.youtube.com/watch?v=Qqogdy436ig,31,yes,0
1931,QpHygFHoHAU,Is it bad to laugh at this? 😭,https://www.youtube.com/watch?v=QpHygFHoHAU,31,yes,0
1927,QdAm1-H9HSc,BDG'S Hot Food Take: All Sandwiches Are Better Pressed 🥪,https://www.youtube.com/watch?v=QdAm1-H9HSc,31,yes,0
1924,QcKNrNR7urM,most unhinged clip ever lmao,https://www.youtube.com/watch?v=QcKNrNR7urM,31,yes,0
1922,QYfqZ01XNG0,Best dancer... MEGAN!!!,https://www.youtube.com/watch?v=QYfqZ01XNG0,31,yes,0
1920,QSjCAu-L98I,Top 5 Madison beer need to be nerfed Moments #madisonbeer #daviddobrik,https://www.youtube.com/watch?v=QSjCAu-L98I,31,yes,0
1919,QQ8ZN46Val4,"""My dad died watching your special!"" #jimmycarr #standupcomedy #hecklers #crowdwork",https://www.youtube.com/watch?v=QQ8ZN46Val4,31,yes,0
1917,QO3hbm16n4E,Steve Bannon tells Bill Maher that Trump WILL Serve a Third Term.,https://www.youtube.com/watch?v=QO3hbm16n4E,31,yes,0
1915,QJCY9F-Jxrc,bro does NOT have a filter 😭,https://www.youtube.com/watch?v=QJCY9F-Jxrc,31,yes,0
1913,QHUSt-AiSlg,At least Ohtani gets his proper respect 😂 #shorts #funny #nba #sports #rdcworld1,https://www.youtube.com/watch?v=QHUSt-AiSlg,31,yes,0
1911,QFY_oqF1yOY,Bill Maher Quizzes Woody Allen: Godfather & James Bond — Pass or Fail? #shorts,https://www.youtube.com/watch?v=QFY_oqF1yOY,31,yes,0
1910,QEinMM8J5hc,Boosie GOES OFF w/ Joe Rogan 🔥🤣 #jre #comedy #jreexperience #joeroganpodcast,https://www.youtube.com/watch?v=QEinMM8J5hc,31,yes,0
1909,QE2UtkmIGgo,HYPER REALISTIC Face Mask!,https://www.youtube.com/watch?v=QE2UtkmIGgo,31,yes,0
1906,Q7YTUdvGaT8,WOULD YOU FLY TO HAWAII FOR A COCONUT? #shorts,https://www.youtube.com/watch?v=Q7YTUdvGaT8,31,yes,0
1905,Q4PRRrx-lzU,Trevor Mentality 🧠⚡️,https://www.youtube.com/watch?v=Q4PRRrx-lzU,31,yes,0
1903,PxoBmf745bM,Match with Matt Rife!! | Crowd Work,https://www.youtube.com/watch?v=PxoBmf745bM,31,yes,0
1901,Pvm51xFwuJA,Why Penguinz0 Is the Nicest Man on YouTube,https://www.youtube.com/watch?v=Pvm51xFwuJA,31,yes,0
1900,PsrpN8ZOVWs,Do NOT call your wife rigid,https://www.youtube.com/watch?v=PsrpN8ZOVWs,31,yes,0
1898,PoqTeD3dZiU,Trump Announces He's Ending 'Brutal And Crippling' Sanctions Against Syria,https://www.youtube.com/watch?v=PoqTeD3dZiU,31,yes,0
1895,PlNzR3BxvY8,“I guess not..” #explore #funny #fyp  #memes #series #pranks #jokes #movie #movies #viralmovies #lol,https://www.youtube.com/watch?v=PlNzR3BxvY8,31,yes,0
1894,PlCNbr2M54k,"""Hey, You Remember..."" 🎤: @susanrice3033  | Full Video on our Channel!",https://www.youtube.com/watch?v=PlCNbr2M54k,31,yes,0
1892,PkI6NHxmyz4,best rizz of 2024 [pt. 2],https://www.youtube.com/watch?v=PkI6NHxmyz4,31,yes,0
1890,PfKXhuOfpTE,xQc flexes his INSANE watch on H3H3,https://www.youtube.com/watch?v=PfKXhuOfpTE,31,yes,0
1886,PXevNM0awlI,"Highest Away From Me Wins $10,000",https://www.youtube.com/watch?v=PXevNM0awlI,31,yes,0
1884,PO9yyS367p4,Chris Rock talks about Tupac - Bigger & Blacker (1999),https://www.youtube.com/watch?v=PO9yyS367p4,31,yes,0
1882,PMDnyQd3Fl4,he was missing an ARM ??,https://www.youtube.com/watch?v=PMDnyQd3Fl4,31,yes,0
1878,P2krQTYuscY,Pilots stay calm through literally everything 😂 #shorts #rdcworld1 #funny #comedy #trending,https://www.youtube.com/watch?v=P2krQTYuscY,31,yes,0
1877,P-FzYHOA04g,The TRUTH about Dramageddon!! Canceled with Tana Mongeau & Brooke Schofield (ft. Jeffree Star),https://www.youtube.com/watch?v=P-FzYHOA04g,31,yes,0
1875,Ow-pQxA2s4w,Chocolate Cake Shake,https://www.youtube.com/watch?v=Ow-pQxA2s4w,31,yes,0
1871,Oiyk2dnEHNk,Military Fall In Exercises Part 3,https://www.youtube.com/watch?v=Oiyk2dnEHNk,31,yes,0
1870,OgopfeJ0wQA,Kevin Hart’s Hilarious Take on Black Baby Names 😂 | #icecube #hollywood #funnyinterview,https://www.youtube.com/watch?v=OgopfeJ0wQA,31,yes,0
1866,Ob_DAW6LSMU,Migrant smuggler THREATENS F*** UP Patrick Christys,https://www.youtube.com/watch?v=Ob_DAW6LSMU,31,yes,0
1865,OXEP0HiZ4pE,Top 5 Funniest Smosh Moments [Hilarious] (credit: @smosh) 😁😂😁,https://www.youtube.com/watch?v=OXEP0HiZ4pE,31,yes,0
1862,OOEDj6Pp1Mg,Matt Rife nearly hugged to death!!! stranger rushes stage! | Crowd Work,https://www.youtube.com/watch?v=OOEDj6Pp1Mg,31,yes,0
1859,OMoYymsDfXI,Norm Macdonald's Most Brutal Joke... #funny #comedy #standupcomedy #jokes #comedian #shorts,https://www.youtube.com/watch?v=OMoYymsDfXI,31,yes,0
1858,OLrC_L3mmsA,Don't mess with an Italian.,https://www.youtube.com/watch?v=OLrC_L3mmsA,31,yes,0
1856,OIK9K2tadp8,Top 5 FUNNIEST KEVIN HART & THE ROCK Moments😂 |#top5 #moments #kevinhart #therock #shorts,https://www.youtube.com/watch?v=OIK9K2tadp8,31,yes,0
1855,OGaztz4JUnk,Rhett Wasn't Link's Best Man,https://www.youtube.com/watch?v=OGaztz4JUnk,31,yes,0
1854,OAfBGCyT5Lo,Ranking best Markiplier moments,https://www.youtube.com/watch?v=OAfBGCyT5Lo,31,yes,0
1852,O1YpPrK47fM,I remember when text messages weren’t unlimited,https://www.youtube.com/watch?v=O1YpPrK47fM,31,yes,0
1849,NqibhBQ-nCw,"Jon Stewart breaks down the simple, Dear Leader-authorized rules of free speech for Jimmy Kimmel",https://www.youtube.com/watch?v=NqibhBQ-nCw,31,yes,0
1847,NkbZ7fwr-1E,Jamie Oliver finally acknowledge Uncle Roger,https://www.youtube.com/watch?v=NkbZ7fwr-1E,31,yes,0
1846,NjlP2_l1Wr0,"You Lose, You Get Shot",https://www.youtube.com/watch?v=NjlP2_l1Wr0,31,yes,0
1843,NZvRgyJY0IU,"Donald Trump is in it, with us! - Trevor Noah",https://www.youtube.com/watch?v=NZvRgyJY0IU,31,yes,0
1842,NZPBC6-hkCE,she left us SPEECHLESS,https://www.youtube.com/watch?v=NZPBC6-hkCE,31,yes,0
1841,NWBt93duF0U,Top 5 funny Dana White & Joe Rogan moments EVER! #ufc #mma #danawhite #joerogan #iglive,https://www.youtube.com/watch?v=NWBt93duF0U,31,yes,0
1838,NQ2j1jKysBs,Dialect can tell you a lot about Latinos.,https://www.youtube.com/watch?v=NQ2j1jKysBs,31,yes,0
1837,NPdzwn5hqgw,Shane Gillis Mocks Amy Schumer’s Oscars 'Trauma' with Trump Impression! 😂🤣,https://www.youtube.com/watch?v=NPdzwn5hqgw,31,yes,0
1835,NOvHlc4h_w8,Joe: 'You can't tell people the economy's booming when they can't afford groceries',https://www.youtube.com/watch?v=NOvHlc4h_w8,31,yes,0
1834,NLodEd3ciMA,Shane Gillis “The Voice” Parody Sketch🤣😭🤣#shanegillis #saturdaynightlive #mssp #comedy #thevoice,https://www.youtube.com/watch?v=NLodEd3ciMA,31,yes,0
1833,NLf3CvSxPSM,Cuomo CREATED the wrong answer!,https://www.youtube.com/watch?v=NLf3CvSxPSM,31,yes,0
1830,NFzwglXQITg,giving my bosses RANDOM updates all day?!,https://www.youtube.com/watch?v=NFzwglXQITg,31,yes,0
1826,N34JXCEWtsE,Matt Rife vs a Giant part 1 | Crowd work part 1,https://www.youtube.com/watch?v=N34JXCEWtsE,31,yes,0
1823,N2aNyzKufQo,Chris Rock. The Will Smith slap #comedy #comedyvideo #willsmith #funnycomedy #comedyshorts,https://www.youtube.com/watch?v=N2aNyzKufQo,31,yes,0
1816,MiWPHbsDYoA,buy JOYRIDE = Disney World 🏰,https://www.youtube.com/watch?v=MiWPHbsDYoA,31,yes,0
1814,MdpP_lymCyM,"""The Crazy Plan to Fix Global Warming""",https://www.youtube.com/watch?v=MdpP_lymCyM,31,yes,0
1812,M_WtFNtN1-Q,What Humor Is For | Ricky Gervais #standup #funny,https://www.youtube.com/watch?v=M_WtFNtN1-Q,31,yes,0
1811,MZGHQU75qlU,Pewdiepie is on his Villain ARC! 💀 #asmongold,https://www.youtube.com/watch?v=MZGHQU75qlU,31,yes,0
1810,MYel6s7_geo,stop this genre of men,https://www.youtube.com/watch?v=MYel6s7_geo,31,yes,0
1806,MTeNSQwWqWE,Ricky Gervais Roasts His Own Mum… Brutally 😂,https://www.youtube.com/watch?v=MTeNSQwWqWE,31,yes,0
1804,MNcDUDBQL5w,Bill Maher CALLS OUT The Dems AGAIN! It never gets old!,https://www.youtube.com/watch?v=MNcDUDBQL5w,31,yes,0
1801,MHlNo9zJRI0,Theo Von Cracks Druski🤣😂#standup #standupcomedy #comedy #comedyshow #theovon,https://www.youtube.com/watch?v=MHlNo9zJRI0,31,yes,0
1799,MFpWEKN9c6Y,"Last Person Hanging Wins $10,000",https://www.youtube.com/watch?v=MFpWEKN9c6Y,31,yes,0
1798,MF_x41nKTuY,The 3 Most Unexpected Clips Of The Kevin Langue Show,https://www.youtube.com/watch?v=MF_x41nKTuY,31,yes,0
1797,MEMHoLkSFq4,Happy US Open season!!,https://www.youtube.com/watch?v=MEMHoLkSFq4,31,yes,0
1795,MDV9030bLEo,Trump on climate change: 'Greatest con job',https://www.youtube.com/watch?v=MDV9030bLEo,31,yes,0
1791,M5kGN4e9_zE,My Fave City in Canada | Jimmy O. Yang,https://www.youtube.com/watch?v=M5kGN4e9_zE,31,yes,0
1790,M5GKPUtvvFo,"Trump on people criticizing free speech crackdown: ""Maybe they're drugged out""",https://www.youtube.com/watch?v=M5GKPUtvvFo,31,yes,0
1789,M4egvtiFkl8,Total Conan move #ConanObrien #WillFerrell #MarkTwainPrize,https://www.youtube.com/watch?v=M4egvtiFkl8,31,yes,0
1786,M189_pr_V-Q,Ranking Best Kevin Langue Show Moments,https://www.youtube.com/watch?v=M189_pr_V-Q,31,yes,0
1783,LwPbPPNOrK8,Trump dismisses free speech concerns after Kimmel's suspension,https://www.youtube.com/watch?v=LwPbPPNOrK8,31,yes,0
1779,LptRp34-gds,Relaxing Katsu Curry?,https://www.youtube.com/watch?v=LptRp34-gds,31,yes,0
1778,LoZcji918Ng,Lockdown drills be like:😭 #roblox #rants #relatable #gaming #robloxrant #school  #lockdown #drill,https://www.youtube.com/watch?v=LoZcji918Ng,31,yes,0
1775,Lep9nksL0XY,HOW TO CALM SOMEBODY DOWN,https://www.youtube.com/watch?v=Lep9nksL0XY,31,yes,0
1774,LctzaMkiPnU,Apparently tall people have fun at concerts | Jimmy O. Yang,https://www.youtube.com/watch?v=LctzaMkiPnU,31,yes,0
1772,LaVVGCLgAmo,Canadian provinces discuss the recent election results·#Canada #Canadian #jokes #funny,https://www.youtube.com/watch?v=LaVVGCLgAmo,31,yes,0
1771,LYXFagBFB1k,Funniest Kid's Insults In The Kevin Langue Show!,https://www.youtube.com/watch?v=LYXFagBFB1k,31,yes,0
1770,LWfyBH1zTIg,Ranking The King Bach Funniest Moments 😭,https://www.youtube.com/watch?v=LWfyBH1zTIg,31,yes,0
1769,LV6Sowom8bM,Gun store comedy | Gabriel Iglesias,https://www.youtube.com/watch?v=LV6Sowom8bM,31,yes,0
1768,LUi5LQ4IpaQ,Did He Eat Too Much Food At The Potluck?,https://www.youtube.com/watch?v=LUi5LQ4IpaQ,31,yes,0
1767,LUe-ElvZLQw,This Rapper has a Pet Alligator?!?🤣🤣🤣 ft. Skrilla #shanegillis #mattmccusker #mssp #comedy,https://www.youtube.com/watch?v=LUe-ElvZLQw,31,yes,0
1763,LQXocddiTzc,Kevin & Druski Find Out Who Kai's Neighbor Is,https://www.youtube.com/watch?v=LQXocddiTzc,31,yes,0
1761,LOFm0Dy9U0k,Zombies 4 Be like😂,https://www.youtube.com/watch?v=LOFm0Dy9U0k,31,yes,0
1760,LMigAiry9b0,Reasons Why Men Date Younger Women | Chris Rock #standupcomedy #comedian #standup,https://www.youtube.com/watch?v=LMigAiry9b0,31,yes,0
1757,LKzM7B_XrOU,Bernie & AOC Both Have A Meltdown After Host Calmly Asks This Simple Question,https://www.youtube.com/watch?v=LKzM7B_XrOU,31,yes,0
1752,LFswK_KMtPA,Shane Gillis Knows Cars!!!🤣🤣🤣#shanegillis #netflix #mattandshanessecretpodcast #comedy #mssp,https://www.youtube.com/watch?v=LFswK_KMtPA,31,yes,0
1747,L7mN6FSRgig,Fox Tried to Cancel Michael Knowles For Stating the Truth,https://www.youtube.com/watch?v=L7mN6FSRgig,31,yes,0
1744,L5ihmu87xTE,"Find This Stranger, Win $10,000",https://www.youtube.com/watch?v=L5ihmu87xTE,31,yes,0
1741,L2_6TOCbtZE,Chihuahua  - What's This Dog?,https://www.youtube.com/watch?v=L2_6TOCbtZE,31,yes,0
1739,L06dg1E277o,My School Lockdown,https://www.youtube.com/watch?v=L06dg1E277o,31,yes,0
1738,KyWvUUPPgZM,Trump: “Not so sure” about free speech,https://www.youtube.com/watch?v=KyWvUUPPgZM,31,yes,0
1737,KuF-L6n0O9o,GUESS MY DAUGHTER TO WIN $100 #shorts,https://www.youtube.com/watch?v=KuF-L6n0O9o,31,yes,0
1733,KoMh_pdH8iU,Tim Dillon’s Hilarious Reaction to The Nelk Boys Situation 😂😭,https://www.youtube.com/watch?v=KoMh_pdH8iU,31,yes,0
1732,KniVD22s18o,Sabrina and Salem The Cat Reunite!,https://www.youtube.com/watch?v=KniVD22s18o,31,yes,0
1731,Km4n_QcF2K0,Is he allowed to say that?💀 #tiktok #shorts #ranked,https://www.youtube.com/watch?v=Km4n_QcF2K0,31,yes,0
1729,KjhJyAXS__M,"""My Dad is Mr. T"" 🎤: Erica Nicole Clark | Full Video on our Channel!",https://www.youtube.com/watch?v=KjhJyAXS__M,31,yes,0
1728,KdDn_ZXfZXA,"""W33d Got Too Strong"" 🎤: Cole Garrett | Full Video on our Channel!",https://www.youtube.com/watch?v=KdDn_ZXfZXA,31,yes,0
1726,KbNAi0nTGHc,Something might be going on that we don’t know about 😂 #shorts #nba #funny #rdcworld1,https://www.youtube.com/watch?v=KbNAi0nTGHc,31,yes,0
1725,KYtgBQMWoiA,Showdown looms off Venezuelan Coast,https://www.youtube.com/watch?v=KYtgBQMWoiA,31,yes,0
1724,KWnMDOWo00c,아시안이 수학 잘하는 이유(?)😂,https://www.youtube.com/watch?v=KWnMDOWo00c,31,yes,0
1723,KVRZ8n0u39Y,Ranking The Best Caleb City Vines #ranking #tiktok,https://www.youtube.com/watch?v=KVRZ8n0u39Y,31,yes,0
1722,KUS54RzwlM4,What Do You Gotta Say About That? | Gabriel Iglesias #fluffy #comedian,https://www.youtube.com/watch?v=KUS54RzwlM4,31,yes,0
1721,KTchqnNQf9M,Even Fox News isn't backing up Trump's Russia-Ukraine stance #dailyshow #Trump #Ukraine,https://www.youtube.com/watch?v=KTchqnNQf9M,31,yes,0
1719,KRjSt0cft3I,Aaron Paul was a bad influence on the set of Breaking Bad 😂,https://www.youtube.com/watch?v=KRjSt0cft3I,31,yes,0
1717,KMxd5VdJIns,Calais has JUST ACCEPTED MIGRANTS - we shouldn't,https://www.youtube.com/watch?v=KMxd5VdJIns,31,yes,0
1714,KGGh6ZSsXu4,How I know if I’m safe in a city,https://www.youtube.com/watch?v=KGGh6ZSsXu4,31,yes,0
1711,K908TsWH9JI,Dave Chappelle | The first time i bought a gun #shorts,https://www.youtube.com/watch?v=K908TsWH9JI,31,yes,0
1710,K8fAjL53dSE,Ricky Gervais ROASTS Golden Globes,https://www.youtube.com/watch?v=K8fAjL53dSE,31,yes,0
1705,JyQF5RlWFRo,this drives me nuts,https://www.youtube.com/watch?v=JyQF5RlWFRo,31,yes,0
1704,Jw9yQvKDDU0,when u 💦 too quick at the Bonnie Blue meet up,https://www.youtube.com/watch?v=Jw9yQvKDDU0,31,yes,0
1701,JoBOSC6EnOQ,Unfinished Drawing Of Pac-Man😂 #comedy #shorts iB:@ryanhiga,https://www.youtube.com/watch?v=JoBOSC6EnOQ,31,yes,0
1345,JnqJ8p7fGSs,Nothing beats a jet2 holiday😭😂 #funny #memes,https://www.youtube.com/watch?v=JnqJ8p7fGSs,31,yes,0
1344,Jn05pXYYDrs,Ricky Gervais ROASTS Golden Globes,https://www.youtube.com/watch?v=Jn05pXYYDrs,31,yes,0
1342,JjlMQfFaYjc,Ethan & Trisha Paytas@h3h3productions @blndsundoll4mj #babypodcast #funny #podcast #h3h3,https://www.youtube.com/watch?v=JjlMQfFaYjc,31,yes,0
1341,Jj_uNq1EMw8,how to hit on a girl at the gym,https://www.youtube.com/watch?v=Jj_uNq1EMw8,31,yes,0
1340,JizJxB4wTaI,Salish with Nidal vs Kaido @jordanmatter @salishmatter,https://www.youtube.com/watch?v=JizJxB4wTaI,31,yes,0
1338,JgJrQnDIRgg,"First to Answer the Phone, Wins $10,000",https://www.youtube.com/watch?v=JgJrQnDIRgg,31,yes,0
1337,Jfad4_xXD-k,Ellen Reacts To Newborn Baby,https://www.youtube.com/watch?v=Jfad4_xXD-k,31,yes,0
1336,JfQZpXipC2Q,Why the Rich WON'T Redistribute Wealth! #viralclips  #trending  #piersmorgan,https://www.youtube.com/watch?v=JfQZpXipC2Q,31,yes,0
1335,JdX4O5sJj8w,Try Not to Laugh Challenge 982 🤣 #funny ⁠#shorts #vira,https://www.youtube.com/watch?v=JdX4O5sJj8w,31,yes,0
1334,JcB_bepJ7Lw,DO NOT LET WOMEN DISTRACT YOU 💀🖤 | Ready or Not #readyornot,https://www.youtube.com/watch?v=JcB_bepJ7Lw,31,yes,0
1698,JRQ4jU9E4w0,#trump #famousshorts #motivation #facts #wealth #youtubeshorts #ellendegeneres #money #marketing,https://www.youtube.com/watch?v=JRQ4jU9E4w0,31,yes,0
1697,JPTsavLeIHk,Giving a Rug to Ben Azelart @BenAzelart,https://www.youtube.com/watch?v=JPTsavLeIHk,31,yes,0
1333,JLajx5-CPz8,Kevin Hart & Druski Get Scared After Hood Miles Arrived 😭,https://www.youtube.com/watch?v=JLajx5-CPz8,31,yes,0
1332,JKZVRxphLh0,Theo Von's First Joke,https://www.youtube.com/watch?v=JKZVRxphLh0,31,yes,0
1331,JJSE_T4apwM,CAN'T BELIEVE Salish Matter and Nidal Wonder did this tiktok trend?😭😂 #nalish #shorts #trending #fyp,https://www.youtube.com/watch?v=JJSE_T4apwM,31,yes,0
1330,JJPF-HdvLpg,When Celebrities Meet Their Lookalikes.#KatyPerry #Adele #STEVEHARVEY #Oprah #Ellen,https://www.youtube.com/watch?v=JJPF-HdvLpg,31,yes,0
1329,JH6zzjeeQN0,Adam Sandler on meeting Eminem First Time,https://www.youtube.com/watch?v=JH6zzjeeQN0,31,yes,0
1328,JFzskp7qaII,Ooh People are so mad about Bad Bunny’s Halftime,https://www.youtube.com/watch?v=JFzskp7qaII,31,yes,0
1327,JFwQrb3hIeE,"Honey, please help her #couple #trinhhyy #funny #short #shortvideo #love #cute #dance",https://www.youtube.com/watch?v=JFwQrb3hIeE,31,yes,0
1325,J8VhsN10amY,Pope Blesses Block of Ice at Climate Justice Conference #AffirmAgainstThePapacy,https://www.youtube.com/watch?v=J8VhsN10amY,31,yes,0
1324,J6Sg1kE73wU,God forbid a white boy catch a vibe,https://www.youtube.com/watch?v=J6Sg1kE73wU,31,yes,0
1323,J5avFNtmsP8,These Answers Touched Steve Harvey’s Soul#steve #familyfeud #funny #christianity #hits,https://www.youtube.com/watch?v=J5avFNtmsP8,31,yes,0
1322,J4G4WcC-Uuw,WW D Day American Troops Charge in Massive D-Day Reenactment Battle in Conneaut Ohio WW DDay,https://www.youtube.com/watch?v=J4G4WcC-Uuw,31,yes,0
1321,J13NvtUmVCw,Bobby Lee REACTS to Theo Von Telling Trump About His Addiction 🤯 #shorts #trump #bobbylee #theovon,https://www.youtube.com/watch?v=J13NvtUmVCw,31,yes,0
1319,J-k7MtbYYpU,Hilarious Kid Trolls Mila Kunis,https://www.youtube.com/watch?v=J-k7MtbYYpU,31,yes,0
1318,IxfXAhHmpN8,best save i've seen in years,https://www.youtube.com/watch?v=IxfXAhHmpN8,31,yes,0
1314,IvpBmw31xJM,Theo and reincarnation #theovon #kattwilliamsinterview #podcast #funny,https://www.youtube.com/watch?v=IvpBmw31xJM,31,yes,0
1312,IpQRat30KZw,Haiyaa Why Not Real Diamond,https://www.youtube.com/watch?v=IpQRat30KZw,31,yes,0
1311,ImPZAoWWBdY,BRO… Delhi Is Literally ‘Washing’ The AIR - So Much Pollution! #shorts,https://www.youtube.com/watch?v=ImPZAoWWBdY,31,yes,0
1310,ImKKi5I-C-s,getting grounded...,https://www.youtube.com/watch?v=ImKKi5I-C-s,31,yes,0
1309,ImHVPKzSJew,Ukraine war: Ukrainian FPV Drone Targeted Buggy Carrying Russian Soldiers #russia #ukraine,https://www.youtube.com/watch?v=ImHVPKzSJew,31,yes,0
1307,IkPWdGY8tcw,"Richard Nixon watched Conan's ""Late Night"" show. #podcast #comedy #conran #comedian",https://www.youtube.com/watch?v=IkPWdGY8tcw,31,yes,0
1306,IeUu_GKwcxQ,"John ""Shrek"" McPhee Brings INSANE WAR TROPHIES To Joe Rogan",https://www.youtube.com/watch?v=IeUu_GKwcxQ,31,yes,0
1305,IVO-ZKlZgWQ,Ranking Best Kid Reactions To Needles,https://www.youtube.com/watch?v=IVO-ZKlZgWQ,31,yes,0
1304,ISK-9jWZtmM,Ann Coulter Roasts Hypocritical Bill Maher,https://www.youtube.com/watch?v=ISK-9jWZtmM,31,yes,0
1302,INWvHDCd87A,Joe Rogan REACTS TO Russia’s Nuclear “DEAD HAND”,https://www.youtube.com/watch?v=INWvHDCd87A,31,yes,0
1301,IMpwdno1Dxs,Wrong answers only CHALLENGE 😳 (pt.1),https://www.youtube.com/watch?v=IMpwdno1Dxs,31,yes,0
1300,IM7Vy4uiCos,grocery shopping,https://www.youtube.com/watch?v=IM7Vy4uiCos,31,yes,0
1298,IGcqOJ7gePI,Having a Gen Z assistant is a humbling experience for Nikki Glaser,https://www.youtube.com/watch?v=IGcqOJ7gePI,31,yes,0
1297,IFWUJ_trnp4,Natural Disasters 😱 #shorts #scary #short #shortvideo #flood #storm #horror,https://www.youtube.com/watch?v=IFWUJ_trnp4,31,yes,0
1296,IF8mM04FT18,Times When Real Men Cried #markiplier #bestyoutuber #sad,https://www.youtube.com/watch?v=IF8mM04FT18,31,yes,0
1295,IDzVn_7Z7nY,Deep meaning image top 10 motivational picture 😢#shorts​​​ #image​​​ #trending​​​,https://www.youtube.com/watch?v=IDzVn_7Z7nY,31,yes,0
1294,ID8qGu1WOdQ,Takeaways from the final NYC mayoral debate,https://www.youtube.com/watch?v=ID8qGu1WOdQ,31,yes,0
1293,IAQ8AbZ2VOo,What we learned from COVID-19 (see comments) #funny #funnyvideo #funnyshorts #memes #covid19,https://www.youtube.com/watch?v=IAQ8AbZ2VOo,31,yes,0
1292,I9JYel4moP8,Behind the scenes of THAT #FinalDestination #Bloodlines death 👀,https://www.youtube.com/watch?v=I9JYel4moP8,31,yes,0
1291,I8Cjhl6f6QU,"Trump Says Witkoff to Visit Russia, Expects to Impose Sanctions",https://www.youtube.com/watch?v=I8Cjhl6f6QU,31,yes,0
1290,I7Lv-1GY92M,Trying to keep a clean house with a toddler.,https://www.youtube.com/watch?v=I7Lv-1GY92M,31,yes,0
1289,I5HnICNKexQ,Dave Chappelle Hates Kevin Hart!!!😂😂😂| The Age of Spin,https://www.youtube.com/watch?v=I5HnICNKexQ,31,yes,0
1287,I2-d7qek81E,Ukrainian Refugee Stabbed On US Train,https://www.youtube.com/watch?v=I2-d7qek81E,31,yes,0
1284,Hw_X_ax2ogg,Don’t kick the BOWLING BALL!!🎳🤕,https://www.youtube.com/watch?v=Hw_X_ax2ogg,31,yes,0
1283,HtYlORZr1Dw,The Ultimate Betrayal,https://www.youtube.com/watch?v=HtYlORZr1Dw,31,yes,0
1281,HoLOj0R9REE,Ricky Gervais ROASTS Kiefer Sutherland,https://www.youtube.com/watch?v=HoLOj0R9REE,31,yes,0
1280,Hj7QZw8x0O4,Big moments from the NYC mayoral debate,https://www.youtube.com/watch?v=Hj7QZw8x0O4,31,yes,0
1278,HhXF6KsyGfg,This audio from Danny Gonzalez lives rent free in my head #dannygonzalez #art #funny,https://www.youtube.com/watch?v=HhXF6KsyGfg,31,yes,0
1277,HhVIo9PeEWE,Even Bill Maher Wasn't Ready For This Answer 😂,https://www.youtube.com/watch?v=HhVIo9PeEWE,31,yes,0
1276,Hgf5AC0SmrI,Joe Rogan on African Tribe’s Features,https://www.youtube.com/watch?v=Hgf5AC0SmrI,31,yes,0
1275,HeLoqmSjROk,Ellen Puts Johnny Depp on the Spot - You Won't Believe His Answer!,https://www.youtube.com/watch?v=HeLoqmSjROk,31,yes,0
1274,He2bxa1nrUA,Watch Matt Rife's viral crowd work special here: https://youtu.be/A5VmVa1w1zw,https://www.youtube.com/watch?v=He2bxa1nrUA,31,yes,0
1272,Hcz20y9_iyM,How The British Took Over India! - Trevor Noah,https://www.youtube.com/watch?v=Hcz20y9_iyM,31,yes,0
1271,Hc0J8PIBW2g,RFK Jr. contradicts his past false statements and himself,https://www.youtube.com/watch?v=Hc0J8PIBW2g,31,yes,0
1270,HZOvwRr4QR0,See comics react to Florida's surgeon general likening vaccines to slavery,https://www.youtube.com/watch?v=HZOvwRr4QR0,31,yes,0
1269,HTk6bKKukfY,Putin hears he will lose all of Ukraine,https://www.youtube.com/watch?v=HTk6bKKukfY,31,yes,0
1268,HSP15vdW9B8,Best ElectroBoom Moments Ranked #shorts #funny #ranked,https://www.youtube.com/watch?v=HSP15vdW9B8,31,yes,0
1266,HLhLIRYTqnA,Cody Ko Tries To Make A Comeback (and fails),https://www.youtube.com/watch?v=HLhLIRYTqnA,31,yes,0
1264,HGDpzVBYxK8,Top 5 Funniest Bugatti Moments Ever!,https://www.youtube.com/watch?v=HGDpzVBYxK8,31,yes,0
1260,H9hZl5kB1Xs,we need an aaron strays compilation,https://www.youtube.com/watch?v=H9hZl5kB1Xs,31,yes,0
1258,H3MPpI8HHPI,"Playing FragPunk, but you don’t know about the cards…",https://www.youtube.com/watch?v=H3MPpI8HHPI,31,yes,0
1257,H2YcJkuAK8g,Comedians Best Reactions To Will Smith's Slap😂 | #funny #comedy #trending #marriageproposals,https://www.youtube.com/watch?v=H2YcJkuAK8g,31,yes,0
1256,H-PgO2Lkfmg,Massive distractions!!! | Matt Rife Crowd Work,https://www.youtube.com/watch?v=H-PgO2Lkfmg,31,yes,0
1254,GyoTu40Y0fQ,"Just own up to it, man",https://www.youtube.com/watch?v=GyoTu40Y0fQ,31,yes,0
1253,GqewkYYdTQE,HASAN PIKER vs ETHAN KLEIN debating the CONTENT NUKE,https://www.youtube.com/watch?v=GqewkYYdTQE,31,yes,0
1252,GqKmdhazkiY,The climate change 'hoax' and countries 'going to hell': Trump addresses the UN | ITV News,https://www.youtube.com/watch?v=GqKmdhazkiY,31,yes,0
1251,GnvKfk8lNOk,THE BIGGEST JUMPSCARE OF MY LIFE,https://www.youtube.com/watch?v=GnvKfk8lNOk,31,yes,0
1250,Gmb7ntcNMwM,Rich Herm,https://www.youtube.com/watch?v=Gmb7ntcNMwM,31,yes,0
1249,GlP1ygoOttg,F***ing Star Trek - The Vulcan Edition #startrek #funny #unnecessarycensorship,https://www.youtube.com/watch?v=GlP1ygoOttg,31,yes,0
1248,GlNe6J5ddMc,Trying to give dating advice to my women friends,https://www.youtube.com/watch?v=GlNe6J5ddMc,31,yes,0
1247,GhtBCQ8HsUo,"Il menù per bambini 😂 Ricky Gervais dalla serie ""After life""",https://www.youtube.com/watch?v=GhtBCQ8HsUo,31,yes,0
1246,GhdR_mcMFQs,Watch the full video ⬆️⬆️,https://www.youtube.com/watch?v=GhdR_mcMFQs,31,yes,0
1245,GgD-WIoIJaY,Ranking The Funniest Joe Bartolozzi Moments😂😭 #shorts #funny #joebartolozzi,https://www.youtube.com/watch?v=GgD-WIoIJaY,31,yes,0
1243,Gd-WIbWl1ho,Ranking Funniest Orders Before Closing 🤣 (Part 5) #ranking #memes #funny #tiktok,https://www.youtube.com/watch?v=Gd-WIbWl1ho,31,yes,0
1240,G_uQ0FWkBSE,Cody Ko’s Oatmeal,https://www.youtube.com/watch?v=G_uQ0FWkBSE,31,yes,0
1239,GYsmWhrtuFY,could YOU survive in the WILDERNESS?!,https://www.youtube.com/watch?v=GYsmWhrtuFY,31,yes,0
1237,GXJYROVq_6Q,Markiplier MOST ICONIC Moments🐻 #markiplier #fnaf #ytshorts,https://www.youtube.com/watch?v=GXJYROVq_6Q,31,yes,0
1236,GSGMchEKFyU,future ppl be cooked 💀😭🔥 #viral #funny #relatablememes #globalwarming #instantbrainrot,https://www.youtube.com/watch?v=GSGMchEKFyU,31,yes,0
1235,GNrBlGlwbeE,voice: davis schulz u.a. producer: college humor #lustigevideos #lustigeclips #humor #fyp,https://www.youtube.com/watch?v=GNrBlGlwbeE,31,yes,0
1234,GMHex2iYtzo,Salma Hayek SPILLS THE TEA on Trump Asking Her Out! ☕  #ytshorts #trump,https://www.youtube.com/watch?v=GMHex2iYtzo,31,yes,0
1233,GLBYvWhZ5dg,Can You Guess Walmart's TOP SELLING product?,https://www.youtube.com/watch?v=GLBYvWhZ5dg,31,yes,0
1232,GJiozbQNLX4,Using Emojis On Venmo 🍆💦🤰,https://www.youtube.com/watch?v=GJiozbQNLX4,31,yes,0
1231,GHxdXw_TmVk,"Ranking the funniest ear piercings moments, watch till the end…#funny #shorts #viral",https://www.youtube.com/watch?v=GHxdXw_TmVk,31,yes,0
1230,GHcf38HEAgs,Never taking my girl to this yoga class ever again,https://www.youtube.com/watch?v=GHcf38HEAgs,31,yes,0
1229,GBzAPlBclno,blake lively meets amy schumer vs justin baldoni  #justinbaldoni,https://www.youtube.com/watch?v=GBzAPlBclno,31,yes,0
1228,G6au9Y0iP1M,Now a Global Joke! 🤣🤣 #palestine #politics #usa #israel #uk #congress #comedy #laugh #lol #canada,https://www.youtube.com/watch?v=G6au9Y0iP1M,31,yes,0
1227,G5ZWZfQYJrg,Joe Rogan can’t believe what this farmer just said #shorts,https://www.youtube.com/watch?v=G5ZWZfQYJrg,31,yes,0
1226,G4FdSZYgoME,Firefighter's Hilarious Prank on Officers 😂 #shorts,https://www.youtube.com/watch?v=G4FdSZYgoME,31,yes,0
1225,G3_ToB3tPK4,Theo Von's WILDEST Night EVER | #joerogan #theovon #podcast,https://www.youtube.com/watch?v=G3_ToB3tPK4,31,yes,0
1224,G-Kno17qVns,EXPOSED: The migrants on their way to Britain,https://www.youtube.com/watch?v=G-Kno17qVns,31,yes,0
1223,FpSmfCnUXw4,Kevin Hart Takes Kids to His Hometown 🏠,https://www.youtube.com/watch?v=FpSmfCnUXw4,31,yes,0
1222,Foj4CY7Vx-s,Guess The Arrest = Win Money,https://www.youtube.com/watch?v=Foj4CY7Vx-s,31,yes,0
1220,FXSlSLG9yBg,Matt Rife on the worst last name #mattrife #rifeforlife #problemattic #standupcomedy #humor,https://www.youtube.com/watch?v=FXSlSLG9yBg,31,yes,0
1219,FWGCs0EY_mo,Gotta watch how close that sign is to your face | Jimmy O. Yang,https://www.youtube.com/watch?v=FWGCs0EY_mo,31,yes,0
1218,FVhgCYyyAG8,Bobby Lee Regrets Doing Asian Accents?! 😂 (Bad Friends Podcast),https://www.youtube.com/watch?v=FVhgCYyyAG8,31,yes,0
1217,FVSW8nt4vIo,NAME A BLACK SUPERHERO… | #familyfeud #steveharvey #blacksuperheroes #blacksuperhero,https://www.youtube.com/watch?v=FVSW8nt4vIo,31,yes,0
1216,FSqRoyH6clk,"""Funniest Interview: Steve Harvey Meets Mini Martial Artist!""#youtubeshorts#shorts#joerogan #ryusei",https://www.youtube.com/watch?v=FSqRoyH6clk,31,yes,0
1215,FP7wLFIJ3z4,Ranking The Best King Bach Moments #ranking #shorts #tiktoktrend #viralvideo #crazilyfunny,https://www.youtube.com/watch?v=FP7wLFIJ3z4,31,yes,0
1214,FMGuGoGEnhs,Ricky Gervais’ Most OUTRAGEOUS Joke,https://www.youtube.com/watch?v=FMGuGoGEnhs,31,yes,0
1213,FHbY-z0Pfvw,Everyone has that one friend 😂,https://www.youtube.com/watch?v=FHbY-z0Pfvw,31,yes,0
1212,FGmuE2KIOas,Congresswoman Jasmine Crockett on Donald #Trump calling her “low I.Q.” #Kimmel,https://www.youtube.com/watch?v=FGmuE2KIOas,31,yes,0
1211,FGmeHLd8xDI,is this how Oreos are made???,https://www.youtube.com/watch?v=FGmeHLd8xDI,31,yes,0
1210,FF10GZqWpOc,xQc reacts to iDubbbz CONTENT COP On H3 💀 #xqc #h3h3 #hasanabi,https://www.youtube.com/watch?v=FF10GZqWpOc,31,yes,0
1207,F9-5vNH7ryk,Top 6 Funniest Hibachi Chef Tricks Ever! #Hibachi #ranking,https://www.youtube.com/watch?v=F9-5vNH7ryk,31,yes,0
1206,F6WnIx7fx44,Ellen’s Hunt for the Kid Goes Hilariously Wrong 🤦‍♀️,https://www.youtube.com/watch?v=F6WnIx7fx44,31,yes,0
1205,F3erOFiAeTI,Steve Harvey #babypodcast #funny #familyfeud #steveharveyshow,https://www.youtube.com/watch?v=F3erOFiAeTI,31,yes,0
1204,ExbmtW6StMI,quicksand is scary 🤯 | Joe Rogan,https://www.youtube.com/watch?v=ExbmtW6StMI,31,yes,0
1203,EvqtfK_RaRg,This obstacle course is WILD,https://www.youtube.com/watch?v=EvqtfK_RaRg,31,yes,0
1202,EtixPzvI3sg,Why does this Always happen 😭😩,https://www.youtube.com/watch?v=EtixPzvI3sg,31,yes,0
1201,EsIIQttd2_w,Ranbir Kapoor Kar Raha Hai Anushka Sharma Aur Aishwarya Rai Se Flirt #thekapilshramashow #comedy,https://www.youtube.com/watch?v=EsIIQttd2_w,31,yes,0
1200,EpoBcTsOLh8,Ranking Funniest King Bach Vines  😭#ranking #viral #funny #Short,https://www.youtube.com/watch?v=EpoBcTsOLh8,31,yes,0
1199,EnWfPubDyZ0,that church line was diabolical,https://www.youtube.com/watch?v=EnWfPubDyZ0,31,yes,0
1198,EkOhgBd7Hwo,Would your BOSS notice?!,https://www.youtube.com/watch?v=EkOhgBd7Hwo,31,yes,0
1197,EjAHseZEJwI,Jail Vs Prison - What's The Difference?,https://www.youtube.com/watch?v=EjAHseZEJwI,31,yes,0
1196,EijOs3VN4EQ,Which do you prefer?,https://www.youtube.com/watch?v=EijOs3VN4EQ,31,yes,0
1195,EiFcNbXBqeo,Jet Engine vs Human for $10k,https://www.youtube.com/watch?v=EiFcNbXBqeo,31,yes,0
1194,Ehq3lg4V5xI,iShowSpeed Cameback for Revenge 💀💀 #ishowspeed #mrbeast #edit,https://www.youtube.com/watch?v=Ehq3lg4V5xI,31,yes,0
1193,EhfWXBxsQVU,The only way to stop Putin,https://www.youtube.com/watch?v=EhfWXBxsQVU,31,yes,0
1192,EgVBfOUWN_g,Allergies aren’t real,https://www.youtube.com/watch?v=EgVBfOUWN_g,31,yes,0
1191,EgR0PMCAmWc,Americans See the Wealth Gap and Say… WHAT THE 🤯,https://www.youtube.com/watch?v=EgR0PMCAmWc,31,yes,0
1190,EcUhw7ZWwjA,craziest halloween story,https://www.youtube.com/watch?v=EcUhw7ZWwjA,31,yes,0
1189,Ec8GxMhFjlM,Modi ji revenue of shahbaj sarif #funnyvideo #trending #shorts #funny #comedy #modicomedy,https://www.youtube.com/watch?v=Ec8GxMhFjlM,31,yes,0
1188,EXlvjyC0hzo,El Salvador Is Our Mexico | Ralph Barbosa #standupcomedy #RalphBarbosa #mexico #elsalvador #joke,https://www.youtube.com/watch?v=EXlvjyC0hzo,31,yes,0
1187,EWPyFu_9DYk,Link To Watch Todays Vid Here 👆,https://www.youtube.com/watch?v=EWPyFu_9DYk,31,yes,0
1186,ES75xLrH2nw,Ranking The Funniest Kids Reactions To Getting Injections #children #funny #ranking,https://www.youtube.com/watch?v=ES75xLrH2nw,31,yes,0
1185,EPTdwRLwWR8,Rhett's Curly Secrets REVEALED!,https://www.youtube.com/watch?v=EPTdwRLwWR8,31,yes,0
1183,ENWDG7vG47A,teachable moments with @natejackson,https://www.youtube.com/watch?v=ENWDG7vG47A,31,yes,0
1182,ELlT4GJIR7k,Mr Beast Is CRAZY 😱 #shorts #funny #mrbeast #photoshop #peakted,https://www.youtube.com/watch?v=ELlT4GJIR7k,31,yes,0
1181,EIKQwFE5wV4,2025 Met Gala’s Most UNHINGED Moments,https://www.youtube.com/watch?v=EIKQwFE5wV4,31,yes,0
1179,E7UDtAoVrXQ,Cody Ko Just Responded... 😮,https://www.youtube.com/watch?v=E7UDtAoVrXQ,31,yes,0
1178,E2nbh4cVdVI,just fired my worst employee,https://www.youtube.com/watch?v=E2nbh4cVdVI,31,yes,0
1177,E2ErW3yzOHA,We All Did This 💀 | Call of Duty Modern Warfare Campaign,https://www.youtube.com/watch?v=E2ErW3yzOHA,31,yes,0
1175,E0acA3aJfJ4,Lobster and Ramen in truck? @mokochan,https://www.youtube.com/watch?v=E0acA3aJfJ4,31,yes,0
1173,Dx_Hc7m8n08,Ranking Funniest Jumpscare Moments 😂,https://www.youtube.com/watch?v=Dx_Hc7m8n08,31,yes,0
1172,DvsfI2AXOrQ,Ranking The Best King Bach Moments #shorts #ranking #viralvideo,https://www.youtube.com/watch?v=DvsfI2AXOrQ,31,yes,0
1171,Dpiy7DPK6s8,wait a minute...MARKIPLIER?!?! #fnaf #memes,https://www.youtube.com/watch?v=Dpiy7DPK6s8,31,yes,0
1170,DpDu_FzZsyI,"Walter Matthau's Hilarious Toilet Joke | December 10th, 1981",https://www.youtube.com/watch?v=DpDu_FzZsyI,31,yes,0
1167,Dn-TmIOgDQY,"Election results weren't ""good for Republicans"", US President Trump says. #BBCNews",https://www.youtube.com/watch?v=Dn-TmIOgDQY,31,yes,0
1166,DivfIbRT5hI,Brett Cooper SHOCKED By Shane Dawson Becoming a Father,https://www.youtube.com/watch?v=DivfIbRT5hI,31,yes,0
1165,DhwN1Jnu_eU,Colombian chick with 6 Brothers = 🚩,https://www.youtube.com/watch?v=DhwN1Jnu_eU,31,yes,0
1164,DeG5ffdVpZg,BREAKING: Dr. Phil finally reveals his favorite color #AdamRay #DrPhil,https://www.youtube.com/watch?v=DeG5ffdVpZg,31,yes,0
1163,DaM_3hW16_c,Ricky Gervais on That Oscar Slap #shorts #rickygervais #willsmith,https://www.youtube.com/watch?v=DaM_3hW16_c,31,yes,0
1161,DZ7N_383hc4,Ricky Gervais ROASTS Jodie Foster,https://www.youtube.com/watch?v=DZ7N_383hc4,31,yes,0
1160,DXjyG3UQHlg,Nikki Glaser Destroyed Everyone. #NikkiGlaser #roast #ranking #celebrity #usa #funny,https://www.youtube.com/watch?v=DXjyG3UQHlg,31,yes,0
1158,DVoYk2Zc7Og,3 signs of #depression 😞 #mentalhealth,https://www.youtube.com/watch?v=DVoYk2Zc7Og,31,yes,0
1157,DVKr8xNs9Q8,Crocodile Hunter,https://www.youtube.com/watch?v=DVKr8xNs9Q8,31,yes,0
1156,DUohsv7Sfz0,DIY Free Energy Generator Using Potato Power – Science Experiment! #shorts #mrmakerproject,https://www.youtube.com/watch?v=DUohsv7Sfz0,31,yes,0
1155,DQsCZlOOX3o,JaidenAnimations Gets Mistaken For Emiru,https://www.youtube.com/watch?v=DQsCZlOOX3o,31,yes,0
1154,DPDPx5xOOcA,Amy after a few drinks is hilarious 😂💃,https://www.youtube.com/watch?v=DPDPx5xOOcA,31,yes,0
1153,DO_-doohtms,More Funny Anime Pokemon Cries,https://www.youtube.com/watch?v=DO_-doohtms,31,yes,0
1152,DOFofQSK2zU,Ricky Gervais Can’t Believe What His Brother Said at their dad's Funeral 💀😂,https://www.youtube.com/watch?v=DOFofQSK2zU,31,yes,0
1151,DNkkaAu2MMo,Late-night hosts react to Jimmy Kimmel’s suspension,https://www.youtube.com/watch?v=DNkkaAu2MMo,31,yes,0
1150,DKDeo4QiIQs,Uncle Roger Cancelled By China,https://www.youtube.com/watch?v=DKDeo4QiIQs,31,yes,0
1149,DIkkpwTydvA,3 Hacks To Make Work Suck Less,https://www.youtube.com/watch?v=DIkkpwTydvA,31,yes,0
1147,DGWiJMBjyq4,never gets old 😂 #sarasaffari #funny #comedysongs #interview #dothingsyoudontwanttodo #funnysongs,https://www.youtube.com/watch?v=DGWiJMBjyq4,31,yes,0
1146,DErNFGhRf0I,Ricky Gervais ROASTS Kate Winslet,https://www.youtube.com/watch?v=DErNFGhRf0I,31,yes,0
1145,DEeEjZ1_bO4,Salish mentality.. #dontlethisflop #givemebackmykids (video clips from @jordanmatter ),https://www.youtube.com/watch?v=DEeEjZ1_bO4,31,yes,0
1144,DCQfX6Vr4JU,Ricky Gervais calls out billionaires who don’t pay their tax.,https://www.youtube.com/watch?v=DCQfX6Vr4JU,31,yes,0
1143,D9T3YcgBIVA,I’m here for this approach @shanedawson #shanedawson,https://www.youtube.com/watch?v=D9T3YcgBIVA,31,yes,0
1142,D9N9KoxXTpI,last one is CRAAZY 😭,https://www.youtube.com/watch?v=D9N9KoxXTpI,31,yes,0
1141,D35RP9tlrVY,I speak from experience #college#collegehumor#freshman#prof#professor#school#class#ItsOurHome#fypシ,https://www.youtube.com/watch?v=D35RP9tlrVY,31,yes,0
1140,D2E3XfkVd18,Why Soldiers Have Pins On Their Collars,https://www.youtube.com/watch?v=D2E3XfkVd18,31,yes,0
1139,D1vWQyrxBS4,Why ELLEN did that to BILL GATES? 💀,https://www.youtube.com/watch?v=D1vWQyrxBS4,31,yes,0
1138,D-_LU29MVvU,omni man roblox natural disasters,https://www.youtube.com/watch?v=D-_LU29MVvU,31,yes,0
1136,CtmNsaUzxDc,TOP 5 NATURAL PHENOMENA THAT COULD DESTROY A CITY 😱💥 #NaturalDisasters #Top5Countdown #UrbanSurvival,https://www.youtube.com/watch?v=CtmNsaUzxDc,31,yes,0
1135,CrV4Lm-mjPE,honesty on full,https://www.youtube.com/watch?v=CrV4Lm-mjPE,31,yes,0
1134,CqZ7hhJAv48,"Just like Trump, Josh Johnson is standing firm on tariffs #dailyshow #tariffs #trump",https://www.youtube.com/watch?v=CqZ7hhJAv48,31,yes,0
1133,CpUUEqQFcME,The messaging is unclear #RonnyChieng,https://www.youtube.com/watch?v=CpUUEqQFcME,31,yes,0
1132,Ci7OoJfPiLY,ICE in 2025 be like… 🇺🇸🇲🇽😂 #shorts #funny #comedy #youtubeshorts #mexico #america #usa,https://www.youtube.com/watch?v=Ci7OoJfPiLY,31,yes,0
1131,CcutkpvGThE,Travis Puts The Moves On Laura! #criticalrole #laurabailey #mightynein,https://www.youtube.com/watch?v=CcutkpvGThE,31,yes,0
1129,CaL6Hqc6X-o,Is Link funny?,https://www.youtube.com/watch?v=CaL6Hqc6X-o,31,yes,0
1127,CZ8eDPJ9q7Q,Adam Sandler Recreates his Famous Chalamet at the Oscars‼️🤣😂 #nikkiglaser #adamsandler #chalamet,https://www.youtube.com/watch?v=CZ8eDPJ9q7Q,31,yes,0
1126,CYjAzA_MoTc,BLADE BROKE CHARACTER ?! #rdcworld #funnymoments #rdcworld1,https://www.youtube.com/watch?v=CYjAzA_MoTc,31,yes,0
1125,CX_FwumHHWQ,Chetney’s Inner Monologue Gets Hijacked by Imogen | Critical Role Campaign 3,https://www.youtube.com/watch?v=CX_FwumHHWQ,31,yes,0
1124,CXBn38Qkyz8,W TEACHER DESTROYED NERD GIRL 🗿.. #shorts #viral #trollface,https://www.youtube.com/watch?v=CXBn38Qkyz8,31,yes,0
1123,CRvr8bJb-z4,Will Smith slaps Chris Rock but it’s an English anime dub #voiceactor #anime,https://www.youtube.com/watch?v=CRvr8bJb-z4,31,yes,0
1120,CJUhNjsa46Q,Even Pro Athletes have bad body image days 🥹 but we’re going to get through it together! #bravegang,https://www.youtube.com/watch?v=CJUhNjsa46Q,31,yes,0
1119,CHv0TGnwrxw,"I just wanted a bed, not a roast.",https://www.youtube.com/watch?v=CHv0TGnwrxw,31,yes,0
1118,CD4i2vo9aqM,Gross🤢 #cegielskitwins,https://www.youtube.com/watch?v=CD4i2vo9aqM,31,yes,0
1117,C8YkFzaM-Wo,That was SMOOTH,https://www.youtube.com/watch?v=C8YkFzaM-Wo,31,yes,0
1116,C2wmSHfF0FA,11 years of buh-byes    #markiplier #funny #edits #gaming #edit,https://www.youtube.com/watch?v=C2wmSHfF0FA,31,yes,0
1115,Bzy0GNXBICI,Sora AI Videos 💀,https://www.youtube.com/watch?v=Bzy0GNXBICI,31,yes,0
1114,BvhsKu88TGM,Hilarious Theo Makes even the Joker Laugh#joaquinphoenix #eddington #theovon #theovonmoments #shorts,https://www.youtube.com/watch?v=BvhsKu88TGM,31,yes,0
1113,Bv1ETnuMRbM,Judges are more important now than ever,https://www.youtube.com/watch?v=Bv1ETnuMRbM,31,yes,0
1111,BobN_rf8Yk8,#nassie or #ryantrahan and #haley #trending #trend #dance #audio,https://www.youtube.com/watch?v=BobN_rf8Yk8,31,yes,0
1110,BoQqRFM8r6A,Where To Go On The Dates After 60? | Leanne Morgan #comedian #standupcomedian,https://www.youtube.com/watch?v=BoQqRFM8r6A,31,yes,0
1107,BkAdJsct8Y4,This is why I should die after her😱😭 #shorts #funny,https://www.youtube.com/watch?v=BkAdJsct8Y4,31,yes,0
1106,Bihq7BS9iEM,The FUNNIEST JORDAN VINES #funny #vines #nostalgia #shorts #kingbach #jordans,https://www.youtube.com/watch?v=Bihq7BS9iEM,31,yes,0
1105,BiW9POj4QMQ,"Watch these Eminem Happy Gilmore 2 outtakes, ya jackass!",https://www.youtube.com/watch?v=BiW9POj4QMQ,31,yes,0
1104,Bi7Tk3FKDAs,Trump jokes he hopes he didn't catch COVID after RFK Jr. sneeze: 'Give me Paxlovid',https://www.youtube.com/watch?v=Bi7Tk3FKDAs,31,yes,0
1103,BfKI_TQnQvo,I Raced A Cheetah,https://www.youtube.com/watch?v=BfKI_TQnQvo,31,yes,0
1101,BbUz2Lgx0Hk,Wemby has been moving DIFFERENT 🤣 #nba #shorts #funny #rdcworld1,https://www.youtube.com/watch?v=BbUz2Lgx0Hk,31,yes,0
1100,BYlxblDMM2w,did YOU get all these POP CULTURE references?!,https://www.youtube.com/watch?v=BYlxblDMM2w,31,yes,0
1099,BSkDJ7eCpb8,"The following is REAL footage from Portland, 2025. Viewer discretion is advised. #dailyshow",https://www.youtube.com/watch?v=BSkDJ7eCpb8,31,yes,0
1098,BOwFJLEaDbs,Theo Von SHOCKED By GIANT BIDEN,https://www.youtube.com/watch?v=BOwFJLEaDbs,31,yes,0
1097,BOfb0aMcTyU,Dispatch - Sonar being Moist Cr1TiKaL #dispatch #dispatchgame,https://www.youtube.com/watch?v=BOfb0aMcTyU,31,yes,0
1095,BO12BnFJyqE,The Last Thumb Move #shorts #fun #food #hotel #foodie #news #restaurant #funny #friends #explore,https://www.youtube.com/watch?v=BO12BnFJyqE,31,yes,0
1093,BKCvkgBCTv0,Guys are not ready to learn this,https://www.youtube.com/watch?v=BKCvkgBCTv0,31,yes,0
1091,BDk7Xesvn3A,Five Funny Trump Reactions in Meeting with Bill Maher,https://www.youtube.com/watch?v=BDk7Xesvn3A,31,yes,0
1090,BASFqf-nA34,Everyone in Campaign 4 is 5'11 #criticalrole #dnd,https://www.youtube.com/watch?v=BASFqf-nA34,31,yes,0
1089,B9roMywGsXo,If Minecraft Had Realistic Physics,https://www.youtube.com/watch?v=B9roMywGsXo,31,yes,0
1088,B32QXwh4sR0,Japanese Roller Coasters 💀,https://www.youtube.com/watch?v=B32QXwh4sR0,31,yes,0
1087,Ax-6RRr8rXw,Zohran Mamdani cooks Andrew Cuomo,https://www.youtube.com/watch?v=Ax-6RRr8rXw,31,yes,0
1085,ArLfxGVv9gA,Sorry mom❤️,https://www.youtube.com/watch?v=ArLfxGVv9gA,31,yes,0
1084,Aq-xFgApLSQ,Only happens in Natural Disaster Survival #roblox,https://www.youtube.com/watch?v=Aq-xFgApLSQ,31,yes,0
1083,Apr74GfUVjw,I wanna see bros internet history 💀 #reels #funny #explore #memes,https://www.youtube.com/watch?v=Apr74GfUVjw,31,yes,0
1082,AonON_Nr5J8,Kevin Hart and his friends tried to land in Mexico with some weed #shorts,https://www.youtube.com/watch?v=AonON_Nr5J8,31,yes,0
1081,AoDN_rBL3MY,ANDREW SCHULZ sneak dissing ANDREW SANTINO! #comedyshorts #jreclips #andrewschulz #andrewsantino,https://www.youtube.com/watch?v=AoDN_rBL3MY,31,yes,0
1080,AmI2s0cI4IQ,"Ethan Klein Praises Sam Hyde: ""Jews Rock sketch inspired h3h3""",https://www.youtube.com/watch?v=AmI2s0cI4IQ,31,yes,0
1079,AjneMXFq7xw,when the zyn guy joins the smokers,https://www.youtube.com/watch?v=AjneMXFq7xw,31,yes,0
1078,Aguqb9ZMSBs,Telling a lie meme😂 | relatives| funny| kid| comedy| relateable | love| telling a lie|english | fun,https://www.youtube.com/watch?v=Aguqb9ZMSBs,31,yes,0
1077,AeK_QCOCwbs,water,https://www.youtube.com/watch?v=AeK_QCOCwbs,31,yes,0
1076,AeID0iYpXPU,Squid Game 3 x Mr.Beast #netflix #mrbeast #squidgame3#,https://www.youtube.com/watch?v=AeID0iYpXPU,31,yes,0
1075,Ac9YmTIah4o,Joe Rogan Reacts to Katie Porter Wrecking Billionaire CEO,https://www.youtube.com/watch?v=Ac9YmTIah4o,31,yes,0
1074,AaeTQ11tslI,Level’ing up!!😂 @aminshaykho,https://www.youtube.com/watch?v=AaeTQ11tslI,31,yes,0
1073,ATEjHHp9vJg,Uncle Roger gets AMERICAN,https://www.youtube.com/watch?v=ATEjHHp9vJg,31,yes,0
1072,AQxgMjeHZeg,David Dobrik Helped Jason Nash Make MILLIONS,https://www.youtube.com/watch?v=AQxgMjeHZeg,31,yes,0
1071,APnAgXB_oFw,Trump Calls Russia A ‘Paper Tiger’ Over Ukraine Offensive,https://www.youtube.com/watch?v=APnAgXB_oFw,31,yes,0
1070,AKQZuiX_6YA,Best Markiplier Moments Ranked Pt.4 #shorts @markiplier,https://www.youtube.com/watch?v=AKQZuiX_6YA,31,yes,0
1069,AFiticsV1bs,Trump says he'll speak to Zohran Mamdani if he wins NYC mayoral race,https://www.youtube.com/watch?v=AFiticsV1bs,31,yes,0
1068,ACVJOoN8tDk,pewdiepie tried to beat rainbolt,https://www.youtube.com/watch?v=ACVJOoN8tDk,31,yes,0
1067,ABAgUXSm_LM,If barbers cut ALL your hair.,https://www.youtube.com/watch?v=ABAgUXSm_LM,31,yes,0
1066,A84joIRQEqk,Kid drops hilarious anatomy truth! 😂😱 #steveharvey #shorts #podcast,https://www.youtube.com/watch?v=A84joIRQEqk,31,yes,0
1065,A7xMAeq1cBw,Joe Rogan Reacts to Asking Liberals vs Actual Mexicans If They Are Offended,https://www.youtube.com/watch?v=A7xMAeq1cBw,31,yes,0
1064,A5MVRtRWWgc,When Politics and Comedy Collide - Andrew Schulz meets Zohran Mamdani,https://www.youtube.com/watch?v=A5MVRtRWWgc,31,yes,0
1063,A4kQRIS3Bqk,This is so embarrassing😭 #salish #salishmatter #jordanmatter,https://www.youtube.com/watch?v=A4kQRIS3Bqk,31,yes,0
1062,A3LiRnPD7sM,Kevin Hart Says Kai’s Breath Made Him Sneeze 😭💀,https://www.youtube.com/watch?v=A3LiRnPD7sM,31,yes,0
1061,A2Z6aeEQmgE,Clair Obscur: Expedition 33 BLOOPERS,https://www.youtube.com/watch?v=A2Z6aeEQmgE,31,yes,0
1060,9tQVhTHA95M,Trump is threatening a country like India ? #learnenglish #funny #us #india #conflict #tariff,https://www.youtube.com/watch?v=9tQVhTHA95M,31,yes,0
1059,9rpA_3ELsxI,Ranking  Best Walmart Funny Names Moments🤣#ranking #funny #tiktok,https://www.youtube.com/watch?v=9rpA_3ELsxI,31,yes,0
1057,9qVIpklCJA8,Storyboard vs Animation: Mr. Beast Cube (shot 15),https://www.youtube.com/watch?v=9qVIpklCJA8,31,yes,0
1056,9okmiyH2HWQ,‘You look cute’: Obama jokes with a supporter,https://www.youtube.com/watch?v=9okmiyH2HWQ,31,yes,0
1055,9ob1kD5XtPk,There are 3 types of dollar stores,https://www.youtube.com/watch?v=9ob1kD5XtPk,31,yes,0
1054,9oSXy1wVPmE,Addi is pretty but SALISH !!😍 Jordan Matter Shorts,https://www.youtube.com/watch?v=9oSXy1wVPmE,31,yes,0
1053,9lIX4lXt6Us,how the post office reads packages,https://www.youtube.com/watch?v=9lIX4lXt6Us,31,yes,0
1052,9ecpEEr2S4Q,Lockdown: Part 1 (BASED ON A TRUE STORY 😳) #bunker #imabunker #mrsbunker #teacher #teacherlife,https://www.youtube.com/watch?v=9ecpEEr2S4Q,31,yes,0
1051,9eXz4hAKQsY,When An Arab Eats In An Indian Restaurant ft. @Jordindian & @thatmalluchick,https://www.youtube.com/watch?v=9eXz4hAKQsY,31,yes,0
1050,9eFPRYWW7lo,Trump says there's a free speech problem in the UK... #trump #jimmykimmel #freespeech,https://www.youtube.com/watch?v=9eFPRYWW7lo,31,yes,0
1049,9dGOHLwawWA,American Pharmacist | Sebastian Maniscalco,https://www.youtube.com/watch?v=9dGOHLwawWA,31,yes,0
1048,9d-WX8zeIOQ,Superhuman Interview: Ping Control #calebcity #superhumaninterview #funny #skit #sketchcomedy,https://www.youtube.com/watch?v=9d-WX8zeIOQ,31,yes,0
1047,9b7rML3uLMI,Ranking the Funniest Jet2 Holiday Moments Ever! ✈️😂,https://www.youtube.com/watch?v=9b7rML3uLMI,31,yes,0
1045,9Z0EGv_VKUo,(whats up guys Im 16) When moms want to hang out with the party princess #shorts #pov,https://www.youtube.com/watch?v=9Z0EGv_VKUo,31,yes,0
1044,9Z-Vow_uTgc,"Trump Says Hepatitis B Is 'Sexually Transmitted,' Babies Don't Need Vaccine",https://www.youtube.com/watch?v=9Z-Vow_uTgc,31,yes,0
1043,9Xeepzg1B8I,Which Celebrity Punches The Hardest?,https://www.youtube.com/watch?v=9Xeepzg1B8I,31,yes,0
1041,9S4EIcxYIvY,The Most Underrated Clips of Kevin Langue,https://www.youtube.com/watch?v=9S4EIcxYIvY,31,yes,0
1040,9P2tfdVGQyE,Have you ever read a Yelp review for Jail?,https://www.youtube.com/watch?v=9P2tfdVGQyE,31,yes,0
1038,9MpScv2l9bk,This is why LEVELS is on top😍 #TheresLevelsToIt,https://www.youtube.com/watch?v=9MpScv2l9bk,31,yes,0
1037,9MmooGXG7AE,Oh no don't laugh at me #animation #funny #comedy #lucu #memes  #shorts,https://www.youtube.com/watch?v=9MmooGXG7AE,31,yes,0
1035,9CfUQ4JMO7k,Bro started dancing? Animal rights protecters at  Gucci l store #memes,https://www.youtube.com/watch?v=9CfUQ4JMO7k,31,yes,0
1034,99c-EhxYYZI,Joan Rivers vs. Chelsea Handler,https://www.youtube.com/watch?v=99c-EhxYYZI,31,yes,0
1033,96hH-VAo_Pk,Ricky Gervais ROASTS Jennifer Lawrence,https://www.youtube.com/watch?v=96hH-VAo_Pk,31,yes,0
1032,94dCPkTLs9A,I DESTROYED MY DAD’S OFFICE #shorts,https://www.youtube.com/watch?v=94dCPkTLs9A,31,yes,0
1031,94ROZMbL0ZM,Don't Miss The End 🤣 #neetubisht #funny #lakhneet #comedy #youtubeshorts #trending #shorts #viral,https://www.youtube.com/watch?v=94ROZMbL0ZM,31,yes,0
1030,93L7bVAYeLw,Ranking the Best Megamind Edits PART 11,https://www.youtube.com/watch?v=93L7bVAYeLw,31,yes,0
1029,92Zj-5qLaxg,#rdcworld #funnymoments #rdcworld1,https://www.youtube.com/watch?v=92Zj-5qLaxg,31,yes,0
1025,8zBJCToatas,ryan trahan arrested,https://www.youtube.com/watch?v=8zBJCToatas,31,yes,0
1024,8yoMi0FVQ5Y,Ellen bullied Taylor Swift on live TV?,https://www.youtube.com/watch?v=8yoMi0FVQ5Y,31,yes,0
1023,8wsViRMR3Ko,Kyle Dunnigan’s Bill Maher is Impression is HILARIOUS‼️🤣 #kyledunnigan #billmaher #kt709 #killtony,https://www.youtube.com/watch?v=8wsViRMR3Ko,31,yes,0
1022,8w_SFxtb-FU,MoistCr1TiKaL has the Craziest Sleeper Build? #shorts #penguinz0 #moistcritikal #gym #funny,https://www.youtube.com/watch?v=8w_SFxtb-FU,31,yes,0
1021,8u2AJauvVjA,The WORST Teacher Ever,https://www.youtube.com/watch?v=8u2AJauvVjA,31,yes,0
1019,8k2MZr1KTcI,"When Your Co-Worker Joins a Cult, Part 5",https://www.youtube.com/watch?v=8k2MZr1KTcI,31,yes,0
1018,8ggrFiGRA9M,Soundproof prank #soundproof #usa #room #funny,https://www.youtube.com/watch?v=8ggrFiGRA9M,31,yes,0
1017,8fq3i3lbHaw,Ellen Reacts To Cute Baby,https://www.youtube.com/watch?v=8fq3i3lbHaw,31,yes,0
1016,8emNe2tDQh4,How many balloons does it take to make a puppy fly?🥺🎈,https://www.youtube.com/watch?v=8emNe2tDQh4,31,yes,0
1015,8eSNjA5rngA,Swimming pool tips by Adam Sandler,https://www.youtube.com/watch?v=8eSNjA5rngA,31,yes,0
1014,8dtpcOXCZwU,Bill Maher Takes a SLEDGEHAMMER to Democrats!,https://www.youtube.com/watch?v=8dtpcOXCZwU,31,yes,0
1013,8crHCexyc7M,"Adam Sandler wants to go to Disneyland in Bulletproof (1996), a mix of buddy-cop comedy and action",https://www.youtube.com/watch?v=8crHCexyc7M,31,yes,0
1012,8cM2EAaJW6I,You gotta be locked tf in at all times 😂 #videogames #gaming #shorts #funny #rdcworld1,https://www.youtube.com/watch?v=8cM2EAaJW6I,31,yes,0
1010,8ag9kQTa9Ys,I Survived a School Lockdown AGAIN.. 📚😭 #relatablestories #comedy #funnymemes,https://www.youtube.com/watch?v=8ag9kQTa9Ys,31,yes,0
1009,8_RxN--2So0,She did not actually say that,https://www.youtube.com/watch?v=8_RxN--2So0,31,yes,0
1008,8V0Rg8J4jpo,Want to LAUGH Uncontrollably? Watch This Funny Video Now #funny #cute,https://www.youtube.com/watch?v=8V0Rg8J4jpo,31,yes,0
1007,8UQ5CEn7k1g,He Made Ahren Belisle Walk Off Stage!!!😂😂😂,https://www.youtube.com/watch?v=8UQ5CEn7k1g,31,yes,0
1006,8T-qyPNaFic,Theos Impression KILLS  Bobby Lee  | This Past Weekend,https://www.youtube.com/watch?v=8T-qyPNaFic,31,yes,0
1005,8Qr2BZnDe6w,Kentucky roasts Rhett,https://www.youtube.com/watch?v=8Qr2BZnDe6w,31,yes,0
1004,8Ql-xttU8u0,When Zach Galafianakis Slept with Chelsea Handler | Dear Chelsea #shorts,https://www.youtube.com/watch?v=8Ql-xttU8u0,31,yes,0
1002,8OA-1XGz8uU,Ranking Funniest Salish & Kaido Moments - Part 5,https://www.youtube.com/watch?v=8OA-1XGz8uU,31,yes,0
1001,8J4Po7kAZhA,I Miss When Avoiding People Was Government Approved 🤣,https://www.youtube.com/watch?v=8J4Po7kAZhA,31,yes,0
1000,8E2CR-aStN0,Por qué Adam Sandler se viste así. #adamsandler #curiosidades #actor,https://www.youtube.com/watch?v=8E2CR-aStN0,31,yes,0
999,8D1KrY1m9gU,"Ethan Klein: ""Sam Hyde broke iDubbbz""",https://www.youtube.com/watch?v=8D1KrY1m9gU,31,yes,0
998,8AKfoXFcMWk,insane pool shot,https://www.youtube.com/watch?v=8AKfoXFcMWk,31,yes,0
997,89p3u7xOOPw,Ranking Funniest King Bach Vines 🤣#ranking #viral #funny #Short,https://www.youtube.com/watch?v=89p3u7xOOPw,31,yes,0
996,897UUgPuXt4,Matt Rife gets Hypnotized! | Part 1,https://www.youtube.com/watch?v=897UUgPuXt4,31,yes,0
995,88f3EJphx2c,"Se lo fossi tu saresti al sicuro 😂 Ricky Gervais dalla serie ""After life""",https://www.youtube.com/watch?v=88f3EJphx2c,31,yes,0
994,88UTOLwzxq4,Finding out my bestie is pregnant!!! 😭🤰#hannahstocking #lelepons #shorts,https://www.youtube.com/watch?v=88UTOLwzxq4,31,yes,0
993,86PBguP7lZI,I CANT CATCH A BREAK. 😭 #shorts #art #dannygonzalez,https://www.youtube.com/watch?v=86PBguP7lZI,31,yes,0
992,8182USCFRYs,How IRL Triplets Decide Who Goes to Jail,https://www.youtube.com/watch?v=8182USCFRYs,31,yes,0
991,7zpwXUc-wLQ,big mistake,https://www.youtube.com/watch?v=7zpwXUc-wLQ,31,yes,0
990,7zTdXoPoPqY,Sophie Rain’s Income CRUSHES David Dobrik’s (13X MORE!) 🤯 #money,https://www.youtube.com/watch?v=7zTdXoPoPqY,31,yes,0
989,7zPlsAKw7qA,WEIRD BANANA facts?!,https://www.youtube.com/watch?v=7zPlsAKw7qA,31,yes,0
988,7y-UPeVeR_0,First Gun | Gabriel Iglesias #comedian #jokes,https://www.youtube.com/watch?v=7y-UPeVeR_0,31,yes,0
987,7xEESQeXP38,David Bowie Called Ricky Gervais a ‘Chubby Little Loser’  😂,https://www.youtube.com/watch?v=7xEESQeXP38,31,yes,0
986,7ucT7pFTxBw,No such thing as an Asian chef😂 #shorts,https://www.youtube.com/watch?v=7ucT7pFTxBw,31,yes,0
985,7sZEHM0Re9I,Uncle Roger vs China with Theo Von Nigel Ng,https://www.youtube.com/watch?v=7sZEHM0Re9I,31,yes,0
984,7rAtBwxe7XQ,Mamdani accuses Trump of some election disturbances,https://www.youtube.com/watch?v=7rAtBwxe7XQ,31,yes,0
983,7o_-d2wadQw,Gangs have office hours,https://www.youtube.com/watch?v=7o_-d2wadQw,31,yes,0
982,7oFIBh8ksw0,Fluffy a Disney fan | Gabriel Iglesias,https://www.youtube.com/watch?v=7oFIBh8ksw0,31,yes,0
981,7nwIbAdWOis,Most INSANE Play of Alien Isolation..,https://www.youtube.com/watch?v=7nwIbAdWOis,31,yes,0
980,7nQ164xxrD0,Lexi Rivera wasn't so lucky #lexirivera #brentrivera #shorts,https://www.youtube.com/watch?v=7nQ164xxrD0,31,yes,0
978,7m9Vv68ABM8,Kevin Hart Fires Kai Cenat's Production Team! Ft. Druski 😭💀,https://www.youtube.com/watch?v=7m9Vv68ABM8,31,yes,0
977,7lStOCq-svI,Michael Jackson’s Reaction When Chris Tucker Came Out 🤣,https://www.youtube.com/watch?v=7lStOCq-svI,31,yes,0
976,7iXl5jNaE3k,Spit Take | Campaign 4,https://www.youtube.com/watch?v=7iXl5jNaE3k,31,yes,0
975,7gnRr3o3AcI,I Wanted To Get Ghetto | Gabriel Iglesias #fluffy #standup,https://www.youtube.com/watch?v=7gnRr3o3AcI,31,yes,0
974,7eth383xNX8,Ethan Klein is a Blatant Liar. #ethanklein #hasanabi #h3,https://www.youtube.com/watch?v=7eth383xNX8,31,yes,0
973,7eLlRKaKNBM,Most Stereotypical Moments In The Kevin Langue Show!,https://www.youtube.com/watch?v=7eLlRKaKNBM,31,yes,0
972,7e7ofbDjHjQ,Matt Rife had a baby...  #mattrife #funny #comedy #tiktok,https://www.youtube.com/watch?v=7e7ofbDjHjQ,31,yes,0
971,7c23jdr-gCs,He's going to Fight for us 😂 Dave Chappelle,https://www.youtube.com/watch?v=7c23jdr-gCs,31,yes,0
970,7ZwknBCsCWk,'Google That' - Will Howard trolls Curt Cignetti #cfb #football #ohiostate,https://www.youtube.com/watch?v=7ZwknBCsCWk,31,yes,0
969,7U0sA99SqkE,"""Her ad is fantastic"": Trump praises Sydney Sweeney's American Eagle jeans ad",https://www.youtube.com/watch?v=7U0sA99SqkE,31,yes,0
968,7T13spEROV0,The final NYC mayoral debate in 90 seconds,https://www.youtube.com/watch?v=7T13spEROV0,31,yes,0
967,7S-klCzqTyU,but tell me im wrong tho,https://www.youtube.com/watch?v=7S-klCzqTyU,31,yes,0
966,7PelbDEjBzY,Jamie Dimon: Working from home doesn't work,https://www.youtube.com/watch?v=7PelbDEjBzY,31,yes,0
965,7LueL7VFHIg,INDIAN LOVE | Matt Rife Crowd work,https://www.youtube.com/watch?v=7LueL7VFHIg,31,yes,0
964,7K-yxGWYsnk,"$10,000 Human Shuffleboard",https://www.youtube.com/watch?v=7K-yxGWYsnk,31,yes,0
963,7IIQ-i5K1Kc,한중일 실망했을 때 반응 차이ㅋㅋㅋ #standupcomedy #jimmyoyang,https://www.youtube.com/watch?v=7IIQ-i5K1Kc,31,yes,0
961,7H5tlVXRw9I,Liberals Fully Support Housing Refugees Until They're Asked to Do It Themselves,https://www.youtube.com/watch?v=7H5tlVXRw9I,31,yes,0
960,7FtZA-8foT8,It Takes a Special Man to Be a Dad 🥹,https://www.youtube.com/watch?v=7FtZA-8foT8,31,yes,0
959,7DvMvgyMqlY,Steve harvey: go get y'all a reality show,https://www.youtube.com/watch?v=7DvMvgyMqlY,31,yes,0
958,7D_2gzRNwtw,Ranking The Best King Bach Vines! #funny #kingbach #shorts #ranking,https://www.youtube.com/watch?v=7D_2gzRNwtw,31,yes,0
957,7DRYE_Z41fE,Asian Halloween Costumes | Jimmy O. Yang,https://www.youtube.com/watch?v=7DRYE_Z41fE,31,yes,0
956,7CsJTcP36jY,THESE RDC VIEWERS UNBAN REQUESTS GOT ME DYING 😭😭 #rdcworld #funnymoments #rdcworld1,https://www.youtube.com/watch?v=7CsJTcP36jY,31,yes,0
955,7AoQQxEabYc,"Mr.Beast Apologized to Caleb Hearon!?! 😂😂😂 | Mythical Kitchen, ft. Josh Scherer",https://www.youtube.com/watch?v=7AoQQxEabYc,31,yes,0
954,76gHyKm1ygY,NEVER SETTLE | Matt Rife Crowd Work,https://www.youtube.com/watch?v=76gHyKm1ygY,31,yes,0
953,74Weif-TpM0,xQc reacts to 'Sora 2' INSANE AI Edits 😭 #xqc #sora #ai,https://www.youtube.com/watch?v=74Weif-TpM0,31,yes,0
952,72Eea9FwBQE,How to Win Her Indian Parents Over,https://www.youtube.com/watch?v=72Eea9FwBQE,31,yes,0
951,7-7FGjxS4uo,🕺🏽🫩💃🏽🫩🕺🏽 #kendricklamar #music #rap #depression #comedy #bboy #dance #funny #calebcity,https://www.youtube.com/watch?v=7-7FGjxS4uo,31,yes,0
950,6zUmJMsEcIQ,What it’s like to rob a college student. #studentlife #collegehumor #collegelife #moodflip #robbery,https://www.youtube.com/watch?v=6zUmJMsEcIQ,31,yes,0
949,6yJtappNiWM,"The cast of Zombies 4 Reveals the ""Hottest Person"" They've Ever Shared a Scene With",https://www.youtube.com/watch?v=6yJtappNiWM,31,yes,0
948,6xYjxQ3Y_go,#funny #relatable #jimmyfallon #justintimberlake,https://www.youtube.com/watch?v=6xYjxQ3Y_go,31,yes,0
947,6xThZX0GEL0,Australian English vs American English #english #learnenglish #englishgrammar  #spokenenglish,https://www.youtube.com/watch?v=6xThZX0GEL0,31,yes,0
946,6xEWm8IjwXA,Russell Eats Special Pie Pudding-Pie PEWDIEPIE! 🥧😋 [Ai Edition] #shorts #funny #memes,https://www.youtube.com/watch?v=6xEWm8IjwXA,31,yes,0
945,6wPMxY1hx8A,Sigma Kid Love #funny #simga,https://www.youtube.com/watch?v=6wPMxY1hx8A,31,yes,0
944,6wMf9WixbeQ,está fué la reacción de Kim a lele darle la noticia de su embarazo😻💃@LelePons@KimberlyLoaiza,https://www.youtube.com/watch?v=6wMf9WixbeQ,31,yes,0
943,6vj9geF-AJU,Ranking The Craziest PC Setups Ever,https://www.youtube.com/watch?v=6vj9geF-AJU,31,yes,0
942,6vR062DjfEA,Nepal PM KP Oli resigns as anti-corruption protests escalate | BBC News India,https://www.youtube.com/watch?v=6vR062DjfEA,31,yes,0
941,6utveh-Dde8,Shane Gillis Calls Out Joe Rogan🤣😂#standup #standupcomedy #comedy #comedyshow #jre,https://www.youtube.com/watch?v=6utveh-Dde8,31,yes,0
940,6ut7Fs9usY4,Greatest Storytelling Moments In Kevin Langue Show!,https://www.youtube.com/watch?v=6ut7Fs9usY4,31,yes,0
939,6rKnwRYP0_4,find the giant man reveal,https://www.youtube.com/watch?v=6rKnwRYP0_4,31,yes,0
937,6oh86Y-9FVs,"""Myths"" 🎤: Mark Smalls | Full Video on our Channel!",https://www.youtube.com/watch?v=6oh86Y-9FVs,31,yes,0
936,6mIX3L4chyY,It is clear at a glance whose parliament is efficient #northkorea #kimjongun #election #newzealand,https://www.youtube.com/watch?v=6mIX3L4chyY,31,yes,0
933,6gEY_uV5TF4,MoistCr1TiKaL Reacts to MoistCr1TiKaLs! #shorts #penguinz0 #moistcritikal #funny #joelhaver #twitch,https://www.youtube.com/watch?v=6gEY_uV5TF4,31,yes,0
932,6dw7D4RqqNw,Steve Harvey Feeds a Snapping Turtle,https://www.youtube.com/watch?v=6dw7D4RqqNw,31,yes,0
931,6a1lXeTtEac,Jimmy reaction🤣 #ytshorts#suga#shortvideo,https://www.youtube.com/watch?v=6a1lXeTtEac,31,yes,0
930,6_rCbgnPVOw,Comedian Matt Friend does hilarious Bill Maher impression after dinner with Trump #trump #comedy,https://www.youtube.com/watch?v=6_rCbgnPVOw,31,yes,0
929,6Xgc37GuSs8,Name a Spanish word that everyone knows.#Premium #shorts #funny #SteveHarvey,https://www.youtube.com/watch?v=6Xgc37GuSs8,31,yes,0
928,6UufLRMFd_Y,Ranking The Funniest King bach Vines 🤣,https://www.youtube.com/watch?v=6UufLRMFd_Y,31,yes,0
927,6UbKHmRlXSM,Our School Went On Lockdown… 😬,https://www.youtube.com/watch?v=6UbKHmRlXSM,31,yes,0
926,6Sw1_943VCg,"Santa's Not Real | Critical Role Campaign 3, Episode 64",https://www.youtube.com/watch?v=6Sw1_943VCg,31,yes,0
925,6M_O-kfXr7s,Why Would he Say That😭 #rdcworld #shorts,https://www.youtube.com/watch?v=6M_O-kfXr7s,31,yes,0
924,6H1DXz4uFdY,Sagawa1gou funny video 😂😂😂 | SAGAWA Best TikTok 2025 #shorts,https://www.youtube.com/watch?v=6H1DXz4uFdY,31,yes,0
922,6D_fI6v6AfM,universe send cat???,https://www.youtube.com/watch?v=6D_fI6v6AfM,31,yes,0
921,6C1gMGz7z-s,How’d he get away with this😭 #funnyclips #daydrianharding #funny #viralvideo #comedy,https://www.youtube.com/watch?v=6C1gMGz7z-s,31,yes,0
920,6BZoZ5DeKd8,Best Markiplier Moments Ranked #shorts #funny #ranked,https://www.youtube.com/watch?v=6BZoZ5DeKd8,31,yes,0
919,6B3a5gTDeWc,Ethan Dolan broke Emma Chamberlain's heart 💔,https://www.youtube.com/watch?v=6B3a5gTDeWc,31,yes,0
918,68hTieVyP30,‘Are you kidding me?’: Joe calls out MAGA for ‘trying to crush free speech’,https://www.youtube.com/watch?v=68hTieVyP30,31,yes,0
917,686PL7rt654,World’s Fastest Dinner Date,https://www.youtube.com/watch?v=686PL7rt654,31,yes,0
916,63fZliPWFoU,Madison Beer Mocks David Dobrik on Camera 😂,https://www.youtube.com/watch?v=63fZliPWFoU,31,yes,0
915,62rXyhn--xE,"Shanghai talk, Jimmy & Daniel style",https://www.youtube.com/watch?v=62rXyhn--xE,31,yes,0
914,62Prd_h55yw,Tortilla Slap with Kevin Hart 👋🏾 😂,https://www.youtube.com/watch?v=62Prd_h55yw,31,yes,0
913,6--BEOxP4SQ,Candidate for the State’s Largest Baby | Chelsea Lately,https://www.youtube.com/watch?v=6--BEOxP4SQ,31,yes,0
912,5zG77xhbcQQ,he got scared..,https://www.youtube.com/watch?v=5zG77xhbcQQ,31,yes,0
911,5tWoYbhD1h0,Streamer Tricks Homeless Lady into Jumping into Lake😱,https://www.youtube.com/watch?v=5tWoYbhD1h0,31,yes,0
910,5psXAt1AU6o,Bill Hader on One of The Worst SNL Sketch | #shorts,https://www.youtube.com/watch?v=5psXAt1AU6o,31,yes,0
909,5pJCck8PLKM,GABRIEL IGLESIAS Best Moment On Stage 🥹 #shorts,https://www.youtube.com/watch?v=5pJCck8PLKM,31,yes,0
907,5nsQsbXrwGQ,"""Dating a Pretty Girl"" 🎤: Mark Smalls | Full Video on our Channel!",https://www.youtube.com/watch?v=5nsQsbXrwGQ,31,yes,0
905,5kmW9o_-8Xw,Ethan Tried To Crash The Girls Only Episode,https://www.youtube.com/watch?v=5kmW9o_-8Xw,31,yes,0
904,5gTuFh5N-28,Learn French swear words with the Clair Obscur cast #ignlive #ignsummerofgaming,https://www.youtube.com/watch?v=5gTuFh5N-28,31,yes,0
903,5gAd69H3Xq4,Ranking King Bach Funny  Moments 😭,https://www.youtube.com/watch?v=5gAd69H3Xq4,31,yes,0
902,5d6SkGyTsWA,Ronny Chieng explains climate change for all the visual learners #DailyShow #RonnyChieng,https://www.youtube.com/watch?v=5d6SkGyTsWA,31,yes,0
901,5cywacFawWs,Ranking Smosh's top five fun moments #ShayneTopp #Smosh #funny #viral,https://www.youtube.com/watch?v=5cywacFawWs,31,yes,0
900,5cw7LZk1Lu0,Horror games today vs. back then,https://www.youtube.com/watch?v=5cw7LZk1Lu0,31,yes,0
898,5aJlj3KXMqU,Baby in USA vs Baby in China 😎🤤☠️ #shorts #fyp #viralvideo #funny #memes #china #usa #usavschina,https://www.youtube.com/watch?v=5aJlj3KXMqU,31,yes,0
897,5a1HNFuxfnE,Advice To Women | Josh Johnson,https://www.youtube.com/watch?v=5a1HNFuxfnE,31,yes,0
896,5_jdF0iDlqs,Jimmy reacts to CBS' decision to end #TheLateShow with #StephenColbert. #FallonTonight,https://www.youtube.com/watch?v=5_jdF0iDlqs,31,yes,0
895,5ZQndj9kMJA,"Pick the wrong cup, lose all your hair! 😱 #hairstyle #challenge #funny",https://www.youtube.com/watch?v=5ZQndj9kMJA,31,yes,0
894,5V3Q_UdvmiI,TOP 5 Trevor Wallace Moments!,https://www.youtube.com/watch?v=5V3Q_UdvmiI,31,yes,0
893,5Ubu-BkRARs,South Park and Trump,https://www.youtube.com/watch?v=5Ubu-BkRARs,31,yes,0
891,5SwqVDlt1o8,Ricky Gervais Roasts Rebel Wilson… In a Nice Way 🤣,https://www.youtube.com/watch?v=5SwqVDlt1o8,31,yes,0
890,5Q9K-z1prU8,Three Stooges - Refugees #threestooges #comedy #slapstick,https://www.youtube.com/watch?v=5Q9K-z1prU8,31,yes,0
889,5MC1FC0Y7jc,Tiny Fairy Dice | Campaign 4,https://www.youtube.com/watch?v=5MC1FC0Y7jc,31,yes,0
888,5EsQ3znrsUQ,Zappa and Johnny Carson discuss censorship on the Johnny Carson Show in 1986.,https://www.youtube.com/watch?v=5EsQ3znrsUQ,31,yes,0
887,5EBU_8-d7xA,😳🤯 #danawhite #blackjack #funny #poker #podcast #adinross #casino #nelk #youtube #ufc,https://www.youtube.com/watch?v=5EBU_8-d7xA,31,yes,0
886,5BrDPUbB1Tc,Ranking Best Gus Johnson Calls  #foryou #fy #ranking #funny,https://www.youtube.com/watch?v=5BrDPUbB1Tc,31,yes,0
885,5BWvScmL3nA,"Look Away, Link!",https://www.youtube.com/watch?v=5BWvScmL3nA,31,yes,0
883,55jl4gRHQ4k,Top 5 Theo Von FUNNY Moments,https://www.youtube.com/watch?v=55jl4gRHQ4k,31,yes,0
882,55CQ0i2VReI,"DAVID DOBRIK BUYS 20,000 FEASTABLES BARS",https://www.youtube.com/watch?v=55CQ0i2VReI,31,yes,0
880,54TP8d7Kx9g,"The Straightest Thing About Caleb Hearon!!😂😂 The Comment Section,ft. Drew Afualo & Brittany Broski",https://www.youtube.com/watch?v=54TP8d7Kx9g,31,yes,0
879,50QOo_TYJEk,Dance Pe Fasa Raj Babbar – Hum Paanch Ki Kahani #entertainment #funny #rajbabbar #youtubeshorts,https://www.youtube.com/watch?v=50QOo_TYJEk,31,yes,0
878,50Bq70iIPyU,Zohran Mamdani wins NYC Mayoral Election!!!,https://www.youtube.com/watch?v=50Bq70iIPyU,31,yes,0
877,5-p1cJ9qBG8,So They weren't acting?😂 #wnba #underarmour #rdcworld1 #funny,https://www.youtube.com/watch?v=5-p1cJ9qBG8,31,yes,0
876,5-YpR7wGDf0,Yeonmi Park Talks About Her Interest! #joerogan #yeonmipark #joeroganexperience,https://www.youtube.com/watch?v=5-YpR7wGDf0,31,yes,0
875,4wPbA1hx-B4,Can You Draw A PERFECT Star? 😱,https://www.youtube.com/watch?v=4wPbA1hx-B4,31,yes,0
874,4ujj2cSQmX8,this is why Denny and Herm can't sit together,https://www.youtube.com/watch?v=4ujj2cSQmX8,31,yes,0
873,4tFGvsTkyc0,Cracker Barrel Logo Change,https://www.youtube.com/watch?v=4tFGvsTkyc0,31,yes,0
872,4oMoCZg88Ng,How girls treat you based on income #shorts,https://www.youtube.com/watch?v=4oMoCZg88Ng,31,yes,0
871,4mXtYMYwwEg,SNEAKING INTO SMURFS PREMIERE TO MEET RIHANNA #shorts,https://www.youtube.com/watch?v=4mXtYMYwwEg,31,yes,0
870,4fgesbFW70Y,Feet VS Nails!!,https://www.youtube.com/watch?v=4fgesbFW70Y,31,yes,0
869,4edkKulJmD4,America`s Best Neighborhoods To Stay | Chris Rock,https://www.youtube.com/watch?v=4edkKulJmD4,31,yes,0
868,4Zr7plwPXPs,Ranking The Funniest Surströming Moments😂😭 #shorts #funny #surströmming,https://www.youtube.com/watch?v=4Zr7plwPXPs,31,yes,0
867,4VtpGVjCbIw,Trump's unwavering free speech principles don't apply to unflattering portraits of himself,https://www.youtube.com/watch?v=4VtpGVjCbIw,31,yes,0
863,4RtyPpfx1ZE,Trump questions relationship with Putin as Ukraine war RAGES #shorts #trump #usa #worldnews,https://www.youtube.com/watch?v=4RtyPpfx1ZE,31,yes,0
862,4QqXVXeKGj8,Soviet Reunion | Max Amini | Stand Up Comedy,https://www.youtube.com/watch?v=4QqXVXeKGj8,31,yes,0
861,4NaPmdUxHr0,A Repressed 1950s Housewife #comedy #50sstyle #funny #history #1950s #1950sfashion #historyfacts,https://www.youtube.com/watch?v=4NaPmdUxHr0,31,yes,0
859,4KS4dq1rOAk,when the janitor got the balls off the roof,https://www.youtube.com/watch?v=4KS4dq1rOAk,31,yes,0
857,4ImqupoGhQc,The Day of vaccination (#funny #comedy #shorts #humor ),https://www.youtube.com/watch?v=4ImqupoGhQc,31,yes,0
855,4GXxDnTvmhQ,Angela meets Nightmare Angela,https://www.youtube.com/watch?v=4GXxDnTvmhQ,31,yes,0
854,4Bv6k5atHa8,Jimmy breaks down #Trump’s jam-packed schedule for the upcoming week. #FallonTonight,https://www.youtube.com/watch?v=4Bv6k5atHa8,31,yes,0
853,4B0PMcWYRnI,Medical Advice #rfkjr #doctors #medicaladvice #vaccines #standupcomedy #funny #jokes #shorts,https://www.youtube.com/watch?v=4B0PMcWYRnI,31,yes,0
852,47KuGbRl4k4,No one wants bro.🥀🥀#roblox #animation #robloxmemes #piggy,https://www.youtube.com/watch?v=47KuGbRl4k4,31,yes,0
851,41cTyRR5ync,Snoop Dogg was SPEECHLESS 🤣🔥,https://www.youtube.com/watch?v=41cTyRR5ync,31,yes,0
850,3zg6-evbrhE,Ranking Most Funniest Internet Memes!,https://www.youtube.com/watch?v=3zg6-evbrhE,31,yes,0
847,3wS-ZLGVAAM,Which One Was Your Favorite? 😂 | Top 5 Funniest Rush Hour Bloopers,https://www.youtube.com/watch?v=3wS-ZLGVAAM,31,yes,0
846,3vGZN8xqnfQ,joe Rogan reacts on salt-gun,https://www.youtube.com/watch?v=3vGZN8xqnfQ,31,yes,0
845,3uJ234zSG8I,Funny video😅 #shorts,https://www.youtube.com/watch?v=3uJ234zSG8I,31,yes,0
844,3qaMBov80SA,The “Funny” Character in Every 1950’s Movie,https://www.youtube.com/watch?v=3qaMBov80SA,31,yes,0
843,3m52WKmiVXo,"🤣""Fish"" or ""Fesh”? The Funniest Interview With Steve Harvey 😍❤️‍🔥👍🏻 #shorts #steveharvey #funny",https://www.youtube.com/watch?v=3m52WKmiVXo,31,yes,0
842,3iG7WK-rVd4,Forgot to Thank Mom…?🫶,https://www.youtube.com/watch?v=3iG7WK-rVd4,31,yes,0
840,3g7VCdGQPDc,Kevin Hart: Kai Cenat Is HIM! 🔥,https://www.youtube.com/watch?v=3g7VCdGQPDc,31,yes,0
839,3dxksf0CzS8,World’s Fastest Robbers,https://www.youtube.com/watch?v=3dxksf0CzS8,31,yes,0
838,3c3UDHJDm4o,"""Thin Bones"" 🎤: Andy Huggins | Full Video on our Channel!",https://www.youtube.com/watch?v=3c3UDHJDm4o,31,yes,0
836,3WNI0EaK1Fw,Try not to laugh: BEST OF AI,https://www.youtube.com/watch?v=3WNI0EaK1Fw,31,yes,0
835,3WIqFg-Dfek,Testing Horror Movie Weapons in Real Life!,https://www.youtube.com/watch?v=3WIqFg-Dfek,31,yes,0
834,3V5cOPd0vl0,Why Are Rich People Leaving The UK? | Rory Sutherland,https://www.youtube.com/watch?v=3V5cOPd0vl0,31,yes,0
833,3T60WSd9Rng,Students are weird 😳 #students #college #school #professor #teacherhumor,https://www.youtube.com/watch?v=3T60WSd9Rng,31,yes,0
832,3SfmHt6w3L8,Life of an Anti Air player 🐰,https://www.youtube.com/watch?v=3SfmHt6w3L8,31,yes,0
831,3RL4wpnmtKU,What's Under Your Shirt?,https://www.youtube.com/watch?v=3RL4wpnmtKU,31,yes,0
830,3QJLZ13Ggck,Ranking the WORST Voice Cracks on the Internet,https://www.youtube.com/watch?v=3QJLZ13Ggck,31,yes,0
829,3PpkdsCcJ6E,Cody bestows the Winged Eagle upon KO,https://www.youtube.com/watch?v=3PpkdsCcJ6E,31,yes,0
827,3OH-4alicRE,Matthew McConaughey Shocks Joe Rogan,https://www.youtube.com/watch?v=3OH-4alicRE,31,yes,0
826,3N5tGy7o6jk,Mrbeast Joined the Squid Game😅☠️  #squidgame2 #funny #mrbeast @MrBeast,https://www.youtube.com/watch?v=3N5tGy7o6jk,31,yes,0
825,3L26oI4iLHI,The difference between Japan & America,https://www.youtube.com/watch?v=3L26oI4iLHI,31,yes,0
824,3ISmyDAcHeo,Can You Please Get Me A Car 🚗  ​⁠@DavidDobrik,https://www.youtube.com/watch?v=3ISmyDAcHeo,31,yes,0
823,3Ht6jR4sUro,We were not thinking what Rhett was thinking 😳,https://www.youtube.com/watch?v=3Ht6jR4sUro,31,yes,0
822,3GxIY17PYPg,Another Man Got My Wife Pregnant… Kinda  #standupcomedy,https://www.youtube.com/watch?v=3GxIY17PYPg,31,yes,0
821,3F0dwQhGapc,Can Shayne guess our voices?,https://www.youtube.com/watch?v=3F0dwQhGapc,31,yes,0
820,3BxcEiBHSWM,Special Pie Pudding-Pie PEWDIEPIE ! Dwayne x Peele x Arnold #aiart #chatgptart Ai No Brainer Edition,https://www.youtube.com/watch?v=3BxcEiBHSWM,31,yes,0
819,381t-XrYv-s,#BadBunny introduces #JimmyFallon to Pitorro 🥥 #FallonTonight,https://www.youtube.com/watch?v=381t-XrYv-s,31,yes,0
818,35Wd4gAyyis,Ranking the Funniest 'Cover Your Fart' Moments 🤣 | You Won't Believe #1!,https://www.youtube.com/watch?v=35Wd4gAyyis,31,yes,0
817,30oQ1P4xyEw,Ironmouse Shows Pewdiepie Her Worm Form!,https://www.youtube.com/watch?v=30oQ1P4xyEw,31,yes,0
816,30cp9pY-82c,Chris Rock. Do you agree? #comedyvideo #funnycomedy #standupcomedy #comedyshorts,https://www.youtube.com/watch?v=30cp9pY-82c,31,yes,0
815,2yRg8nS9g4Y,NPC MIles Morales Presses Kevin Hart & Druski! 😂💀,https://www.youtube.com/watch?v=2yRg8nS9g4Y,31,yes,0
813,2wCHL7Shrq4,Is Covid Season 2 Coming ? 🦠😱 |  HMPV virus ( Beware ) | Kuldeep Singhaniaa #shorts,https://www.youtube.com/watch?v=2wCHL7Shrq4,31,yes,0
812,2w3lqFCZWs8,Lockdown Drills 😭🙏 #roblox #robloxrant #rblx #relatable #rorants,https://www.youtube.com/watch?v=2w3lqFCZWs8,31,yes,0
810,2tSrfoI6w9A,How to Read Mind 😎😂 #shorts #funny #mindreading,https://www.youtube.com/watch?v=2tSrfoI6w9A,31,yes,0
809,2rydwTQYIFU,Thailand and Cambodia sign peace agreement,https://www.youtube.com/watch?v=2rydwTQYIFU,31,yes,0
808,2qA5lNqqCOQ,Please enjoy these acting tips from Olivia Colman 🎭,https://www.youtube.com/watch?v=2qA5lNqqCOQ,31,yes,0
807,2hU7z6RXnyA,Tony Hinchcliffe Calls Out Redban.. 😂😂 | Kill Tony ft. Andrew Schulz,https://www.youtube.com/watch?v=2hU7z6RXnyA,31,yes,0
805,2h08Pff3kTc,Can We Recreate This Moment?,https://www.youtube.com/watch?v=2h08Pff3kTc,31,yes,0
795,2dXymnERejw,"Yeonmi Park Didn't Mind Andrew Schulz's ""Heavies"" Jokes",https://www.youtube.com/watch?v=2dXymnERejw,31,yes,0
804,2ZaaQ8QpyNM,Andrew Schulz Confronts Protestant on Church History,https://www.youtube.com/watch?v=2ZaaQ8QpyNM,31,yes,0
803,2ZD8UGm0Lns,Trying to animate like the Spiderverse... #animation #funny,https://www.youtube.com/watch?v=2ZD8UGm0Lns,31,yes,0
801,2Mmcjh79g3I,Jimmy Fallon Couldn’t Stop Looking 👀#JimmyFallon #DakotaJohnson #FallonTonight #CelebrityShorts,https://www.youtube.com/watch?v=2Mmcjh79g3I,31,yes,0
800,2Lw5jO_mr0c,Best Penguinz0 Moments Ranked #shorts #funny #ranked,https://www.youtube.com/watch?v=2Lw5jO_mr0c,31,yes,0
799,2Lex5LL5b1Y,When One Guy Ordered the Whole Menu,https://www.youtube.com/watch?v=2Lex5LL5b1Y,31,yes,0
798,2LSaBbI482k,Steve Harvey Gets Stunned by Obu Obu Obu,https://www.youtube.com/watch?v=2LSaBbI482k,31,yes,0
797,2Gx2T8xxcwA,Do you know anything about black culture,https://www.youtube.com/watch?v=2Gx2T8xxcwA,31,yes,0
791,2ENilC8uluE,"""The Worst Roommate"" 🎤: Brian Simpson | @bswithbriansimpson  | Full Video on our Channel!",https://www.youtube.com/watch?v=2ENilC8uluE,31,yes,0
790,2BW3ff2OJA4,Wife ruins husband's life at Matt Rife show! | part 1 crowd work,https://www.youtube.com/watch?v=2BW3ff2OJA4,31,yes,0
789,2AKDM2c97qE,Is global poverty declining? #economics #economy #poverty #newoptimism #inequality,https://www.youtube.com/watch?v=2AKDM2c97qE,31,yes,0
788,28cp6HmUifU,Ranking The Best Celeb Impressions In Front Of Each Other,https://www.youtube.com/watch?v=28cp6HmUifU,31,yes,0
787,263un33_f_w,Meet The United States Military #military #fails #armystrong #funny #usa #militaryfails,https://www.youtube.com/watch?v=263un33_f_w,31,yes,0
786,20gM14BXiNg,My Top 5 Dating Show Moments of 2024!,https://www.youtube.com/watch?v=20gM14BXiNg,31,yes,0
784,1pX7UDZ3I3Y,hm,https://www.youtube.com/watch?v=1pX7UDZ3I3Y,31,yes,0
782,1k8LEMcBsgY,WORKING FROM HOME BE LIKE 😂💻📱 #relatable #funny #trendingshorts #working #wfh #remotework,https://www.youtube.com/watch?v=1k8LEMcBsgY,31,yes,0
781,1jGXSEowauk,"""Turning Down Women"" 🎤: @MekaMoComedy  | Full Video on our Channel!",https://www.youtube.com/watch?v=1jGXSEowauk,31,yes,0
780,1j4jryn6Rp8,Matt Rife almost kills a baby... #mattrife #comedy,https://www.youtube.com/watch?v=1j4jryn6Rp8,31,yes,0
778,1ewmZdC2mww,subscribed = free JOYRIDE,https://www.youtube.com/watch?v=1ewmZdC2mww,31,yes,0
777,1evH6dlA3pI,Funniest Minecraft Troll,https://www.youtube.com/watch?v=1evH6dlA3pI,31,yes,0
776,1aiLVAVkVWQ,This girl bought the most realistic mask in the world !,https://www.youtube.com/watch?v=1aiLVAVkVWQ,31,yes,0
775,1ZVixIAxx_8,"""Polyamory"" 🎤: Andy Huggins | Full Video on our Channel!",https://www.youtube.com/watch?v=1ZVixIAxx_8,31,yes,0
774,1Y5ag-PtnMw,Ryan Trahan Reacts To The Haley Pham Edits,https://www.youtube.com/watch?v=1Y5ag-PtnMw,31,yes,0
772,1UwQQS337ww,The censorship is wild💀,https://www.youtube.com/watch?v=1UwQQS337ww,31,yes,0
771,1UWAWle0Y8s,Dear Chelsea with Yamaneika Saunders,https://www.youtube.com/watch?v=1UWAWle0Y8s,31,yes,0
769,1Jb02ltCH48,Nonchalant Elevator Challenge w/ the cast of #CobraKai #FallonTonight,https://www.youtube.com/watch?v=1Jb02ltCH48,31,yes,0
768,1BQfaLth598,The PewDiePie Bridge Incident Is Still Massive…,https://www.youtube.com/watch?v=1BQfaLth598,31,yes,0
767,18pZAtFkhKY,Andrew Shultz Gets Proven Wrong😂🔥🤣 | Flagrant Podcast,https://www.youtube.com/watch?v=18pZAtFkhKY,31,yes,0
766,160bNWEp07k,i’m a dad now ??,https://www.youtube.com/watch?v=160bNWEp07k,31,yes,0
765,13Viop0fz5s,480 Months ⛓️ RENE VACA,https://www.youtube.com/watch?v=13Viop0fz5s,31,yes,0
764,12k0MDSdZbE,Ranking the top five funniest Smosh moments#ShayneTopp #Smosh #funny #viral,https://www.youtube.com/watch?v=12k0MDSdZbE,31,yes,0
762,1-SrTrQanl4,guess the white person 2 reveal,https://www.youtube.com/watch?v=1-SrTrQanl4,31,yes,0
761,0zymlipCZY4,Funny incidents on the Russia Ukraine battlefield #military #usa #amazing #shorts #ukraine,https://www.youtube.com/watch?v=0zymlipCZY4,31,yes,0
760,0zMIJVgKTxk,Madison Beer Celebrity Crushes Might Surprise You! 😨,https://www.youtube.com/watch?v=0zMIJVgKTxk,31,yes,0
759,0yD_LRms_OQ,Meet the world militaries 💀 #funny #military,https://www.youtube.com/watch?v=0yD_LRms_OQ,31,yes,0
758,0wenIRv4OwU,was the PREGNANCY an ACCIDENT?!,https://www.youtube.com/watch?v=0wenIRv4OwU,31,yes,0
757,0tJTPCMZeNc,When The Middle Child Thought He Caught A Break,https://www.youtube.com/watch?v=0tJTPCMZeNc,31,yes,0
756,0sX746iR98A,"Meme | Markiplier, Metro Man, Edit",https://www.youtube.com/watch?v=0sX746iR98A,31,yes,0
755,0r9YXTScWB0,Ranking The Funniest Military Moments,https://www.youtube.com/watch?v=0r9YXTScWB0,31,yes,0
754,0r8Qqab4duU,Druski Turns Cross Eyed Playing Helmet Game Ft Kai Cenat & Kevin Hart 😭,https://www.youtube.com/watch?v=0r8Qqab4duU,31,yes,0
753,0qOZ6XTklPc,"Like the Founders intended, Trump defines free speech according to a bonkers math ratio #dailyshow",https://www.youtube.com/watch?v=0qOZ6XTklPc,31,yes,0
752,0jCKom16EoY,Bill Burr knows how to drop a compliment #ConanObrien #BillBurr #MarkTwainPrize,https://www.youtube.com/watch?v=0jCKom16EoY,31,yes,0
750,0cXm5iBJM6s,Racing the crosswalk traffic light,https://www.youtube.com/watch?v=0cXm5iBJM6s,31,yes,0
749,0YYLWKpPxbg,"David Bowie & Ricky Gervais classic scene on the Series ""Extras"" by the @BBC",https://www.youtube.com/watch?v=0YYLWKpPxbg,31,yes,0
748,0Xb5UOT5_7g,“Southern Gays” 🎤: @MrWaters__   | Full Video on our Channel!,https://www.youtube.com/watch?v=0Xb5UOT5_7g,31,yes,0
747,0Shj0TCfHUg,This is CRAZY!!,https://www.youtube.com/watch?v=0Shj0TCfHUg,31,yes,0
746,0RLDoJSjdDM,Refugees and The Royal Family Are Pretty Similar,https://www.youtube.com/watch?v=0RLDoJSjdDM,31,yes,0
745,0QPX-nOQRis,How To Overcome Body Image Insecurity! ⚠️,https://www.youtube.com/watch?v=0QPX-nOQRis,31,yes,0
744,0NaKJ9KM6Iw,The COOKIE tasted like FLESH?!,https://www.youtube.com/watch?v=0NaKJ9KM6Iw,31,yes,0
742,0Llq_ZTIVg4,“Bad at Flirting” 🎤: @rockydaledavis  | Full Video on our Channel!,https://www.youtube.com/watch?v=0Llq_ZTIVg4,31,yes,0
741,0L94fuX-4O0,Come and challenge with your friends #ShayneTopp #Smosh #funny #viral,https://www.youtube.com/watch?v=0L94fuX-4O0,31,yes,0
738,0BJvW88XxhM,This is so satisfying 😂,https://www.youtube.com/watch?v=0BJvW88XxhM,31,yes,0
737,0B6EfTKe1fg,✌🏾 outta there,https://www.youtube.com/watch?v=0B6EfTKe1fg,31,yes,0
736,09ZNs0xIHjA,guess the secret adult,https://www.youtube.com/watch?v=09ZNs0xIHjA,31,yes,0
734,06djulJUjp4,SOCIAL ANXIETY FEARS BRO  #trentwins,https://www.youtube.com/watch?v=06djulJUjp4,31,yes,0
731,0-gqH-SUkAM,Little Bruce Lee shocks Mr Harvey #youtubeshorts #steveharvey,https://www.youtube.com/watch?v=0-gqH-SUkAM,31,yes,0
1,-xEw-SdaVJ0,Bill Maher Crushes Woke Culture,https://www.youtube.com/watch?v=-xEw-SdaVJ0,31,yes,0
730,-vZE7ZTByjE,It’s hard to pronounce the letter S when you have water in your mouth. | Anjelah Johnson-Reyes,https://www.youtube.com/watch?v=-vZE7ZTByjE,31,yes,0
729,-vRSIPxbYqI,POV: you’re a pokèmon in the safari zone,https://www.youtube.com/watch?v=-vRSIPxbYqI,31,yes,0
728,-rEhoAGxEzA,Achmed LOVES Abu Dhabi! | JEFF DUNHAM,https://www.youtube.com/watch?v=-rEhoAGxEzA,31,yes,0
727,-rEN1XoomMg,Listening to Cole Labrant's Ai Music,https://www.youtube.com/watch?v=-rEN1XoomMg,31,yes,0
726,-rCfnCQ1sRA,Fiery CLASH ON GBNEWS as Michelle accuses Labour on gaslighting public on immigration,https://www.youtube.com/watch?v=-rCfnCQ1sRA,31,yes,0
725,-qR9DkGZYtY,RUSSIA UKRAINE PEACE?,https://www.youtube.com/watch?v=-qR9DkGZYtY,31,yes,0
724,-qR98FJdwDo,Newsom got Trump so heated that he pulled out his classic revenge move: trying to get him arrested,https://www.youtube.com/watch?v=-qR98FJdwDo,31,yes,0
722,-ofCtKbukeM,RDC VIEWERS UNBAN REQUEST #rdcworld #funnymoments #rdcworld1,https://www.youtube.com/watch?v=-ofCtKbukeM,31,yes,0
721,-nXaOWAiLAo,Nah this is so funny 😂😂😂. @Talpaltv,https://www.youtube.com/watch?v=-nXaOWAiLAo,31,yes,0
720,-n5XhzONrb0,what’s going on in natural disaster survival #roblox #forsaken #naturaldisastersurvival,https://www.youtube.com/watch?v=-n5XhzONrb0,31,yes,0
719,-lUFpw6dXIY,Chelsea Handler's red flags,https://www.youtube.com/watch?v=-lUFpw6dXIY,31,yes,0
718,-jI-zsqAoGc,FML #hannahstocking #lelepons #shorts,https://www.youtube.com/watch?v=-jI-zsqAoGc,31,yes,0
717,-iKAiDsxGMw,The Try Guys: Who Got DETAINED In A Foreign Country?,https://www.youtube.com/watch?v=-iKAiDsxGMw,31,yes,0
716,-fugHnFYbtc,Schizophrenia Patient Video,https://www.youtube.com/watch?v=-fugHnFYbtc,31,yes,0
715,-ch4NqzdhA8,World’s most cutest moments when baby’s dad comes home from work 🥰🥰#baby #dad #love #cute,https://www.youtube.com/watch?v=-ch4NqzdhA8,31,yes,0
714,-aPRwsVr6do,Matt Rife: God is Good #comedy #standupcomedy #shorts,https://www.youtube.com/watch?v=-aPRwsVr6do,31,yes,0
713,-_PcyBa99XY,MATT RIFE LOVES ATLANTA NOW | crowd work part 1,https://www.youtube.com/watch?v=-_PcyBa99XY,31,yes,0
712,-VPwF0iyIa4,Trump rejects Putin’s offer to help mediate Israel-Iran war; calls Russia-Ukraine war 'so stupid',https://www.youtube.com/watch?v=-VPwF0iyIa4,31,yes,0
710,-R_-MAHq400,Uhm What?,https://www.youtube.com/watch?v=-R_-MAHq400,31,yes,0
708,-LHnxrj7Jl8,Natural Disaster Survival hacking.. #roblox #hacker #c00lkidd #shorts,https://www.youtube.com/watch?v=-LHnxrj7Jl8,31,yes,0
707,-LA3Z1B-LDQ,Don't pee in the pool it makes it blue #summeronshorts,https://www.youtube.com/watch?v=-LA3Z1B-LDQ,31,yes,0
706,-I6uCvSiyJ8,Meeting Fail 😂 | Employee Forgets to Mute Mic! | Work From Home Funny Moment | #growup4marketing,https://www.youtube.com/watch?v=-I6uCvSiyJ8,31,yes,0
705,-8VkeUcYiVU,Hilarious moment Donald Trump joins Chelsea’s Club World Cup trophy celebrations,https://www.youtube.com/watch?v=-8VkeUcYiVU,31,yes,0
703,-7TGm7ARWEs,manon just sprayed her to move over 😭 #katseye #manon #danielaavanzini #reels,https://www.youtube.com/watch?v=-7TGm7ARWEs,31,yes,0
702,-3d2A5XaJY0,The Morning Routine,https://www.youtube.com/watch?v=-3d2A5XaJY0,31,yes,0
700,-2cNGsBTAT8,Fantasy Football Punishments,https://www.youtube.com/watch?v=-2cNGsBTAT8,31,yes,0
699,-1EV13ThpqE,Don’t Miss End🤪🤣 #maithilisreetan #comedy #funny #shorts #ytshorts #youtubeshorts,https://www.youtube.com/watch?v=-1EV13ThpqE,31,yes,0
698,-0z1fHtwx-U,Best Neighborhood To Stay In America,https://www.youtube.com/watch?v=-0z1fHtwx-U,31,yes,0
696,--r7_yDKqEU,Stupid Robbers | Gabriel Iglesias #fluffy #standup,https://www.youtube.com/watch?v=--r7_yDKqEU,31,yes,0
1512,djBAfMxJAmQ,Ranking Ricky Gervais Funniest Moments,https://www.youtube.com/watch?v=djBAfMxJAmQ,30,yes,0
1863,OPOWZq7guOI,How Much Money Jeffree Star Makes on TikTok Live! Not Cancelled with Tana Mongeau & Brooke Schofield,https://www.youtube.com/watch?v=OPOWZq7guOI,30,yes,0
723,-pxi0TneEeA,Bring a random item to work dayCarlie #music #usnurse #registerednurse #nursesrock #nursecommunity,https://www.youtube.com/watch?v=-pxi0TneEeA,30,yes,0
1764,LQmUCe6EOCI,Lawsuit Against Trump to Protect Refugee Families!,https://www.youtube.com/watch?v=LQmUCe6EOCI,29,yes,0
962,7HVBPgcUtiQ,I -Ran- Into Hailey- #cancelledpodcast #tanamongeau #brookeschofield,https://www.youtube.com/watch?v=7HVBPgcUtiQ,29,yes,0
865,4TAIFX2VqbM,MoistCr1tikal Reacts Silksong Is Real #Livestream #Clips #MoistCritikal #Penguinz0 #Moistcritical,https://www.youtube.com/watch?v=4TAIFX2VqbM,29,yes,0
735,07MpHFgau7M,What’s the #worst thing you did during the #pandemic ?  #standupcomedy #fypage,https://www.youtube.com/watch?v=07MpHFgau7M,29,yes,0
711,-VDCpQzUJdE,Ryan IMITATES Valkyrae in REPO,https://www.youtube.com/watch?v=-VDCpQzUJdE,29,yes,0
1320,J0qfwBkSV4I,Every MUN Student in Class⭐️ #modelunitednations #shortstrending #youtubeshorts,https://www.youtube.com/watch?v=J0qfwBkSV4I,28,yes,0
935,6ivEhus9sI4,From Economics to Comedy... Jimmy O. Yang,https://www.youtube.com/watch?v=6ivEhus9sI4,27,yes,0
733,03mf2ncf1ok,Apple & Work from Home #comedy #jokes #funny,https://www.youtube.com/watch?v=03mf2ncf1ok,27,yes,0
1316,IweiLBuHLW8,Trump Says Putin Doesn't Like Idea Of US Giving Tomahawks Missiles To Ukraine,https://www.youtube.com/watch?v=IweiLBuHLW8,26,yes,0
1641,hp4X0k9-9Sw,« Est-ce que tu veux bien m’épouser » 😂 #misterv #lelepons #accent #français #drague,https://www.youtube.com/watch?v=hp4X0k9-9Sw,25,yes,0
1821,N0HqZ7lKuU0,How Emma Chamberlain Got RICH!,https://www.youtube.com/watch?v=N0HqZ7lKuU0,25,yes,0
848,3xfSptraAq4,Ranking The Funniest Markiplier Moments 😭,https://www.youtube.com/watch?v=3xfSptraAq4,25,yes,0
779,1fLr8QlHZXE,Teachers During a Lock Doing Pt.2,https://www.youtube.com/watch?v=1fLr8QlHZXE,25,yes,0
2111,p643s3YfCxA,WOMEN DON'T PLAY AROUND #funny #pewdiepie,https://www.youtube.com/watch?v=p643s3YfCxA,24,yes,0
1360,_MbqsosIzoc,"A Simple, At-Home Workout For Women",https://www.youtube.com/watch?v=_MbqsosIzoc,24,yes,0
1672,ilj1oFefg9E,Zach’s just doing the Ashley Tisdale!,https://www.youtube.com/watch?v=ilj1oFefg9E,23,yes,0
1438,bX2AIpj4nmU,Who's The Worst Husband?,https://www.youtube.com/watch?v=bX2AIpj4nmU,23,yes,0
1365,_VGAgISXPUA,Why Jimmy O. Yang Stopped Going To Chinese Restaurants 😂 - Joe Rogan  #podcast #jrefunnymoments,https://www.youtube.com/watch?v=_VGAgISXPUA,23,yes,0
1121,CQQpr6QI83w,Top 10 best moments Happy Gilmore #golf #happygilmore #adamsandler #shorts,https://www.youtube.com/watch?v=CQQpr6QI83w,23,yes,0
979,7mrbyLb2wXI,Jimmy Kimmel Suspended? Trump Calls It Censorship – Hilarious Reaction!,https://www.youtube.com/watch?v=7mrbyLb2wXI,23,yes,0
1504,dRS-IOJmRko,Kurtis Conner roasting Oh Lordy its Jordy 😅😅😅,https://www.youtube.com/watch?v=dRS-IOJmRko,22,yes,0
1299,ILeOo05_D6k,Rankin The Funniest King bach Vines🤣 #Ranking#vine #vines #memes #meme #funny#nostalgia #nostalgic,https://www.youtube.com/watch?v=ILeOo05_D6k,22,yes,0
1241,GbAKxirBTIE,"Ranking Army ""Mortar"" Fails 🪖#shorts #army #fails",https://www.youtube.com/watch?v=GbAKxirBTIE,22,yes,0
1999,kV9ekSi8eOM,Joe Rogan Podcast Top 5 Funny Moments with UFC Fighters 😭 #jre #joerogan #joeydiaz,https://www.youtube.com/watch?v=kV9ekSi8eOM,21,yes,0
1419,b6_xbwff0Y4,Ricky Gervais has Noel Gallagher in Stitches over Hilarious wetting the bed Story!!😂😱,https://www.youtube.com/watch?v=b6_xbwff0Y4,21,yes,0
1285,Hyx_Kywymdw,Lucky Find and Deforestation memes  #subscribe #luck #money #shorts #memes #funny #trees #facts,https://www.youtube.com/watch?v=Hyx_Kywymdw,20,yes,0
866,4VUqlRZIDfU,Topuria Funny Surprise to Nelk Boys,https://www.youtube.com/watch?v=4VUqlRZIDfU,20,yes,0
2163,qsuz2bPMSlk,Vaccination compliant jeans !!👖😆 #vaccination,https://www.youtube.com/watch?v=qsuz2bPMSlk,19,yes,0
1409,avoMqCl8giM,same boat #DeRayDavis,https://www.youtube.com/watch?v=avoMqCl8giM,19,yes,0
1439,bZmEI8P1qSU,Top 5 Funniest Markiplier Moments You Missed! #funny #ranking #markiplier #youtuber,https://www.youtube.com/watch?v=bZmEI8P1qSU,18,yes,0
1934,QqTVvMdlIqA,at least they got to a finished product!🍔,https://www.youtube.com/watch?v=QqTVvMdlIqA,18,yes,0
1933,Qq0ts6y6ga0,He's Still Trying to Stay in Contact While in Jail #cancelledpodcast #tanamongeau #brookeschofield,https://www.youtube.com/watch?v=Qq0ts6y6ga0,18,yes,0
1899,PqB5Hp8Ob9k,Bernie Mack & Chris Rock #funny #comedy #duet #millionaire #laughingtillithurts #laughalil,https://www.youtube.com/watch?v=PqB5Hp8Ob9k,18,yes,0
743,0N8DVD82Lc0,According to Brooke Hamsters Do Not Exist #cancelledpodcast #tanamongeau #brookeschofield,https://www.youtube.com/watch?v=0N8DVD82Lc0,18,yes,0
1478,cfBv2Qv4JLo,She’s so cute #notmine #repost #haleypham #ryantrahan #pennyseries #tiktok,https://www.youtube.com/watch?v=cfBv2Qv4JLo,17,yes,0
1450,bzzWW50dvl0,Almost Gaslight into Believing Clinton Kane #cancelledpodcast #tanamongeau #brookeschofield,https://www.youtube.com/watch?v=bzzWW50dvl0,17,yes,0
1094,BNWMxqVE8g4,Superhuman Interview: X-Ray Vision #funny #calebcity #superheroes #skits #comedy,https://www.youtube.com/watch?v=BNWMxqVE8g4,17,yes,0
763,11kxeAnGAjY,Trevor Noah Clay Bobblehead ：The head gradually takes shape - Part 1,https://www.youtube.com/watch?v=11kxeAnGAjY,17,yes,0
1844,NgkjaE2RFbI,It's George Lopez | Gabriel Iglesias,https://www.youtube.com/watch?v=NgkjaE2RFbI,16,yes,0
1286,I1uOF3Uhh5Q,Close To That Utter 🤣🤣 #comedy #theovon #shanegillis #podcast #shorts,https://www.youtube.com/watch?v=I1uOF3Uhh5Q,16,yes,0
773,1Xus64yzUFw,Voting on Bakugo’s outfit #gacha #mha #bkdk #bkdkgacha #funny #meme #bakudeku #inspiration,https://www.youtube.com/watch?v=1Xus64yzUFw,16,yes,0
1369,__x1nTuo5B4,Top 5 Funniest Family Feud Moments of All Time #funnyvideo #steveharvey #gameshow #familyfeud,https://www.youtube.com/watch?v=__x1nTuo5B4,15,yes,0
14,YXCeHPHpX4M,😤 Tana Wants to Fight Corinna Kopf!,https://www.youtube.com/watch?v=YXCeHPHpX4M,15,yes,0
1809,MVZo1C2xL78,Dakota Fanning loves to spoil an ending,https://www.youtube.com/watch?v=MVZo1C2xL78,15,yes,0
1303,IPV_kSW534g,High Anxiety #standupcomedy #comedy #funny #anxiety #mentalhealth #mentalhealthawareness,https://www.youtube.com/watch?v=IPV_kSW534g,15,yes,0
1028,90zyUrJ9vMw,Teacher.'s during lockdown meme,https://www.youtube.com/watch?v=90zyUrJ9vMw,15,yes,0
1691,jbgFAstjYc4,Funny BBC journalist training video,https://www.youtube.com/watch?v=jbgFAstjYc4,14,yes,0
1326,JFa2Y_U9_dY,Ranking Funniest Ryan Trahan Moments...  Subscribe please,https://www.youtube.com/watch?v=JFa2Y_U9_dY,14,yes,0
1162,D_V1PAevglY,Jordan Vines #vines #kingbach,https://www.youtube.com/watch?v=D_V1PAevglY,14,yes,0
1108,BkSRaUuUlRE,back and forth between Steiny and Jake paul #h3h3 #podcast,https://www.youtube.com/watch?v=BkSRaUuUlRE,14,yes,0
1036,9LtCPZi0GPw,PewDiePie | Bjorn wears his first suit | They are literally Bond Agents of cuteness | #PewDiePie,https://www.youtube.com/watch?v=9LtCPZi0GPw,14,yes,0
858,4K5bISnYAnA,Migrants Arrive in Dover | Funny Broken English Interviews at UK Border,https://www.youtube.com/watch?v=4K5bISnYAnA,14,yes,0
793,2GE6x2LHuWE,1   I speak from experience (follow my insta💓)#college#collegehumor#freshman,https://www.youtube.com/watch?v=2GE6x2LHuWE,14,yes,0
785,1tbajSGQr44,This YouTuber is FAR TOO FUNNY | @Danny-Gonzalez #dannygonzalez #foxszn,https://www.youtube.com/watch?v=1tbajSGQr44,14,yes,0
2103,otRGvN0n6Jg,Mental Health Through the Ages,https://www.youtube.com/watch?v=otRGvN0n6Jg,13,yes,0
1666,iXTZR3YYgMI,The Truth About Mascara Gate!!! 😂😂😂 | Cancelled ft. Jeffree Star & Tana Mongeau,https://www.youtube.com/watch?v=iXTZR3YYgMI,13,yes,0
1357,_HPFZ2KXvAQ,Covid Proof Test | Just For Laughs Gags,https://www.youtube.com/watch?v=_HPFZ2KXvAQ,13,yes,0
1356,_HL7GdECMQM,CAT MEMES 🐱 YOU SURVIVED A PANDEMIC #relatable #cat #funny #family #shorts,https://www.youtube.com/watch?v=_HL7GdECMQM,13,yes,0
1969,RtnBaj015tk,Ryan trahan's first subscriber?,https://www.youtube.com/watch?v=RtnBaj015tk,13,yes,0
1288,I4qXKAMH_QE,What Animals Would Say About Human Cruelty 🐾 | The Truth We Don’t Want to Hear,https://www.youtube.com/watch?v=I4qXKAMH_QE,13,yes,0
1265,HIyjQOc0uNM,Gary Owen Has PTSD Because Of His Divorce 🤣😂 #andrewshulz  @garyowencom @TheAndrewSchulz,https://www.youtube.com/watch?v=HIyjQOc0uNM,13,yes,0
1238,GYBnREzqMKc,The Cutest Moments In The Kevin Langue Show!,https://www.youtube.com/watch?v=GYBnREzqMKc,13,yes,0
837,3Y77jZdGstQ,When You’re with the Side Chick 😂 #shorts,https://www.youtube.com/watch?v=3Y77jZdGstQ,13,yes,0
783,1kcwwnAGw5s,You’ll NEVER hear Ryan Trahan the same! 🔊Sound on #ryantrahan #colinandsamir,https://www.youtube.com/watch?v=1kcwwnAGw5s,13,yes,0
2161,qqJmlryhgiU,Jaydaddy's Comedy Skits Are INSANE #shorts,https://www.youtube.com/watch?v=qqJmlryhgiU,12,yes,0
1130,CaavAUUoRVE,Superhuman Interview 7 (OG creds to @calebcity) #calebcity #superhumaninterview #avengers,https://www.youtube.com/watch?v=CaavAUUoRVE,12,yes,0
892,5UWQpxDCKHA,He Immediately Looked for a New Victim #cancelledpodcast #tanamongeau #brookeschofield,https://www.youtube.com/watch?v=5UWQpxDCKHA,12,yes,0
849,3xxLwqok6pI,rohit sharma Vs Baba Azam voting competition challenge #shorts #youtube #youtubeshorts #funny,https://www.youtube.com/watch?v=3xxLwqok6pI,12,yes,0
1443,blZDMhzxVqw,Lockdown Arsenal Funny Moments😂,https://www.youtube.com/watch?v=blZDMhzxVqw,11,yes,0
802,2VqFpmdrZlk,MoistCr1TiKaL On The Best Riff! #shorts #penguinz0 #moistcritikal #funny #riff,https://www.youtube.com/watch?v=2VqFpmdrZlk,11,yes,0
1682,j8TBRiV1gqw,Joe Rogan Reacts To Obama’s Hilarious Moment With A Voter In Chicago,https://www.youtube.com/watch?v=j8TBRiV1gqw,10,yes,0
1109,BnW-9ZVgn_0,WHATS UP GUYS IM 16- #edit #funny #dannygonzalez #highschoolmusical #hsm #WHATSUPGUYSIMSIXTEEN,https://www.youtube.com/watch?v=BnW-9ZVgn_0,10,yes,0
1039,9NkqeKu3AN0,DAY 66 ! PEWDIEPIE IS COOKED💀😈💀 !!! #pewdiepie #vs #funny #youtuber #memes #goldenspoon48,https://www.youtube.com/watch?v=9NkqeKu3AN0,10,yes,0
1262,HCvWp0uFEWQ,Loving to Poke the Bear #cancelledpodcast #tanamongeau #brookeschofield,https://www.youtube.com/watch?v=HCvWp0uFEWQ,9,yes,0
1011,8atqmMYnO3g,EMMA CHAMBERLAİN MET GALA'NIN EN GÜZEL GİYİNENLERİNDEN,https://www.youtube.com/watch?v=8atqmMYnO3g,9,yes,0
881,54zGAzjp9aE,Chelsea Handler Had Baby Girl Moment At Critics Choice Awards,https://www.youtube.com/watch?v=54zGAzjp9aE,9,yes,0
1429,bImK3gKK6KY,Tostada addition  #jaidenanimations #funny ￼,https://www.youtube.com/watch?v=bImK3gKK6KY,8,yes,0
1343,JlA-T-A0CKU,School lockdowns 🤦🏽‍♂️😭 #funny #shorts #relatable #comedyvideos,https://www.youtube.com/watch?v=JlA-T-A0CKU,8,yes,0
1273,HdBm9VRsxFM,How To Get Out of a Speeding Ticket,https://www.youtube.com/watch?v=HdBm9VRsxFM,8,yes,0
2,XDuGBcv_R80,Her Parents Hated DOGS?!?! 😳 #jaidenanimations #animations #cartoons #funny #meme #skit #lol,https://www.youtube.com/watch?v=XDuGBcv_R80,7,yes,0
1317,Ix1Ia3h1BRc,Emma chamberlain has fans in tears #emmachamberlain #tiktok #shorts,https://www.youtube.com/watch?v=Ix1Ia3h1BRc,7,yes,0
1279,Hj0r2xXXYfs,It was like @samreich was there! #dropouttv #collegehumor #dragoncon #animecon #nerdcon #nerdgirl,https://www.youtube.com/watch?v=Hj0r2xXXYfs,7,yes,0
1086,Av9jdCXU6No,The History of Dad Joke Comedy,https://www.youtube.com/watch?v=Av9jdCXU6No,7,yes,0
1058,9rTF-NaPkQ4,Work From Home 👀 #shorts #work #office #funny #comedy #funnyclips #wfh #employees,https://www.youtube.com/watch?v=9rTF-NaPkQ4,7,yes,0
864,4SGTbGOu2xw,#caseoh #caseohfunnymoments #penguinz0 #ranking #funny,https://www.youtube.com/watch?v=4SGTbGOu2xw,7,yes,0
751,0eGvH8bBxbo,Mayor Adams says Migrant crisis could destroy the city 😂😂 #colinjost #michaelche #shorts,https://www.youtube.com/watch?v=0eGvH8bBxbo,7,yes,0
1577,fO3xE9-KykQ,Trisha Paytas’ Shane Dawson theory #justtrish #shanedawson #trishapaytas,https://www.youtube.com/watch?v=fO3xE9-KykQ,6,yes,0
1873,Onwuzbe6Plg,America's Addicted To Opioids | Chris Rock,https://www.youtube.com/watch?v=Onwuzbe6Plg,6,yes,0
1339,JiyQDPv0Nks,Bro needs a j*b @ShaneStoffer #togi #funny #gym #podcast #yo #memes,https://www.youtube.com/watch?v=JiyQDPv0Nks,6,yes,0
1267,HOX_xfc9Seo,CAT MEMES 🐱 LIFE BEFORE THE PANDEMIC #relatable #cat #funny #pandemic #shorts,https://www.youtube.com/watch?v=HOX_xfc9Seo,6,yes,0
1148,DHtlxRBTa10,Shane Gillis LOVES DJ Khalid’s Videos 😂,https://www.youtube.com/watch?v=DHtlxRBTa10,6,yes,0
1594,fspAp8LIz_E,FUNNIEST Work From home Moments! 🤣,https://www.youtube.com/watch?v=fspAp8LIz_E,5,yes,0
1480,chBkNpS-UCY,Trevor core mentality around Sara Saffari,https://www.youtube.com/watch?v=chBkNpS-UCY,5,yes,0
1366,_WCJxtGAR7Q,"""prank em john""",https://www.youtube.com/watch?v=_WCJxtGAR7Q,5,yes,0
740,0GAt7ofK7qA,How slow walkers refuse to let you pass #funny #calebcity,https://www.youtube.com/watch?v=0GAt7ofK7qA,5,yes,0
2003,kkMnCgzfuaA,1960's Civil Rights Activists... ✊🏿 #comedy #funny #sketchcomedy #1960s #civilrights #funny,https://www.youtube.com/watch?v=kkMnCgzfuaA,4,yes,0
1593,fsN3KYRYNOA,Fuslie EDUCATES Ryan & Miyoung on What “Rawdogging” Means… Instantly Regrets It 😳💬,https://www.youtube.com/watch?v=fsN3KYRYNOA,4,yes,0
1720,KS52a16JrdE,Jimmy O. Yang talks about Matt Damon in Ancient China_!,https://www.youtube.com/watch?v=KS52a16JrdE,4,yes,0
1315,IwBA7JXsr6Q,"Leonardo DiCaprio, long known for his outspoken environmental activism, was photographed boarding",https://www.youtube.com/watch?v=IwBA7JXsr6Q,4,yes,0
1244,Geb9RVtWOF0,God forbid a girl cares about her carbon footprint #fyp #funny,https://www.youtube.com/watch?v=Geb9RVtWOF0,4,yes,0
1096,BOd-OEbkeSE,Kids vs Adult Core In The Kevin Langue Show,https://www.youtube.com/watch?v=BOd-OEbkeSE,4,yes,0
2049,mMz6dUHvQTY,Tana Thought She Had a fake David Yurman #cancelledpodcast #tanamongeau #brookeschofield,https://www.youtube.com/watch?v=mMz6dUHvQTY,3,yes,0
1412,azE8lPB5z58,Even Zohran Mamdani couldn’t believe Cuomo’s answer | Flagrant Podcast #AndrewSchulz #ZohranMamdani,https://www.youtube.com/watch?v=azE8lPB5z58,3,yes,0
1397,ab9_pHbxnRU,You’re Funny As… | Ricky Gervais #standupcomedy #jokes,https://www.youtube.com/watch?v=ab9_pHbxnRU,3,yes,0
1374,_koX6AOBhtM,TOP5 MATT RIFE’S FUNNIEST JOKES      #top5 #funny #comedy #mattrife #standupcomedy,https://www.youtube.com/watch?v=_koX6AOBhtM,3,yes,0
1176,E0vsoyiX9bw,SHE REALLY LIKES THIS David Dobrik 02 Dec 2024,https://www.youtube.com/watch?v=E0vsoyiX9bw,3,yes,0
1169,DoyI9aCXiJY,PewDiePie funny memes part 4 Intro EFFECTS#funnymemes#shortvideo#intro#cocomelon#pewdiepie,https://www.youtube.com/watch?v=DoyI9aCXiJY,3,yes,0
1046,9ZxGgKQWJt4,just another night in the mouse hole @tryguys,https://www.youtube.com/watch?v=9ZxGgKQWJt4,3,yes,0
1027,90J6UNgmWS4,Theo Von Calls Out Censorship in Hilarious Fashion!,https://www.youtube.com/watch?v=90J6UNgmWS4,3,yes,0
938,6qMNcuyTIrU,U.S. Declares Armed Conflict with Drug Cartels 🚨,https://www.youtube.com/watch?v=6qMNcuyTIrU,3,yes,0
2146,qQlXYlUJr5Q,Guess The Arrest = Win Money!  #stokestwins #dolantwins #money,https://www.youtube.com/watch?v=qQlXYlUJr5Q,2,yes,0
2090,oL5t4LQpmUM,The Most Underrated Moments In The Kevin Langue Show!,https://www.youtube.com/watch?v=oL5t4LQpmUM,2,yes,0
1463,cDSvtX2qzqA,Birthday went wrong 😭😂😆 | Lele Pons & Hannah Stocking | #giggleplaylist #funny #comedy #havealaugh,https://www.youtube.com/watch?v=cDSvtX2qzqA,2,yes,0
1261,HAf-6wGvcIQ,"Lele Pons Opens Up About Motherhood, Missing Baby Eloísa, and Growing Closer to Her Mom.",https://www.youtube.com/watch?v=HAf-6wGvcIQ,2,yes,0
1180,EIIt9KzDD0I,the perfect gift after 4 years 😂🥀 #cancelledpodcast #tanamongeau #brookeschofield,https://www.youtube.com/watch?v=EIIt9KzDD0I,2,yes,0
1174,Dxn_6ziHwSY,Yaar nahi jaana mujhe 😩😭 #collegelifememes #comedy #funny #collegehumor #studentlife #students,https://www.youtube.com/watch?v=Dxn_6ziHwSY,2,yes,0
1092,BHZTWYM4gWg,kevin langue/ranking joy(part 2)#ranking #ranked #ytshorts #funnyshorts #kevinlangue  #shortsfeed,https://www.youtube.com/watch?v=BHZTWYM4gWg,2,yes,0
1026,8zj70p1OPt0,The Stupidest Video Keith from The Try Guys Ever Made,https://www.youtube.com/watch?v=8zj70p1OPt0,2,yes,0
906,5lLextewh94,David Spade Is Having The Worst Coachella #davidspade #coachella #sketchcomedy #innout @davidspade,https://www.youtube.com/watch?v=5lLextewh94,2,yes,0
1495,d1Mb74E-8Sg,BABY GABRIEL IGLESIAS Hilarious Drive Through Moment!!! 🤣😂,https://www.youtube.com/watch?v=d1Mb74E-8Sg,1,yes,0
1742,L3-FSLnFA4A,RANKING FUNNIEST KING BACH VINES🤴🤴 #funny #comedyshorts #funnyvines,https://www.youtube.com/watch?v=L3-FSLnFA4A,1,yes,0
1159,DXcXvz_cKgo,A Lil something to take the edge off #kurtisconner,https://www.youtube.com/watch?v=DXcXvz_cKgo,1,yes,0
811,2vJYNIiSFhs,Celebrities Are Always Stumped by Ellen’s Questions #usa #funny #beyoncefilm #comedy #talkshow,https://www.youtube.com/watch?v=2vJYNIiSFhs,1,yes,0
2180,rJBAN9xuIzQ,Joe Rogan Reacts to Asking Liberals vs Actual Mexicans If They Are Offended,https://www.youtube.com/watch?v=rJBAN9xuIzQ,0,no,0
2167,r-gq7OP-Fmg,"Bad boys, bad boys, whatcha going to do..",https://www.youtube.com/watch?v=r-gq7OP-Fmg,0,no,0
2096,oaiSZaEct18,Bill Maher Does Not HOLD BACK! #shorts,https://www.youtube.com/watch?v=oaiSZaEct18,0,no,0
2066,n82-3so9D54,Frankie gets payback…,https://www.youtube.com/watch?v=n82-3so9D54,0,no,0
1979,jqXKTXs9Hd0,When Family Feud Answers Give Steve Chills! ❄️ #familyfeud #steveharvey #funnymoment,https://www.youtube.com/watch?v=jqXKTXs9Hd0,0,no,0
1662,iNBJ8YZZGuQ,Ranking The BEST Family Feud Moments (Part 1),https://www.youtube.com/watch?v=iNBJ8YZZGuQ,0,no,0
1639,hjVb6b34aCM,Chelsea Handler and Ludacris play Never Have I Ever #theellenshow #chelseahandler #ludacris,https://www.youtube.com/watch?v=hjVb6b34aCM,0,no,0
1627,h-jCqtMMkZY,Bully With A Sad Story😥 #commentary,https://www.youtube.com/watch?v=h-jCqtMMkZY,0,no,0
1626,gzIKRVQAQJA,Theo Von gives an Amish boy his first energy drink😂🤣😭 #theovon #thispastweekend,https://www.youtube.com/watch?v=gzIKRVQAQJA,0,no,0
1596,fu1hgReXScQ,Who Scribbled a Skirt on Jordan Matter?! 🎨👗,https://www.youtube.com/watch?v=fu1hgReXScQ,0,no,0
1531,eB2Gz06CKIo,Bill Maher Got Hit With Facts He Couldn’t Argue With! #shorts,https://www.youtube.com/watch?v=eB2Gz06CKIo,0,no,0
1525,e6dnV-TYrgk,Theo Von on the Postal Sytem‼️ #andrewschulz #theovon #thispastweekend #comedy #hilarious #jokes,https://www.youtube.com/watch?v=e6dnV-TYrgk,0,no,0
1479,ch4Yc3g89_g,Joe Rogan’s First Time Seeing Theo Von 😂,https://www.youtube.com/watch?v=ch4Yc3g89_g,0,no,0
1474,cS_oEBaYvZo,Todos juramos que era un sketch #premiososcar #willsmith #eugenioderbez #chrisrock #denzelwashington,https://www.youtube.com/watch?v=cS_oEBaYvZo,0,no,0
1468,cLRCn0LdWNY,do i like kaido?? #salishmatter #kaido #jordanmatter,https://www.youtube.com/watch?v=cLRCn0LdWNY,0,no,0
1442,bfQj40ZYT80,Theo Von FORGETS About WW2 🤣🤣 #comedy #shanegillis #podcast #shorts,https://www.youtube.com/watch?v=bfQj40ZYT80,0,no,0
1431,bN-KnoR8IGY,Wait Until The End! 😂 Bernie was too talented! 🎤🔥 #berniemac #chrisrock #standup #standupcomedy,https://www.youtube.com/watch?v=bN-KnoR8IGY,0,no,0
1414,b0cWPEcB2fw,that one woman getting a vaccine#shorts#youtube#humor,https://www.youtube.com/watch?v=b0cWPEcB2fw,0,no,0
1367,_XAeV4pTJzE,What should we do next?!  #psychology #freshmen #seniors #majors #college #collegehumor,https://www.youtube.com/watch?v=_XAeV4pTJzE,0,no,0
1361,_N92xdtVBQ8,US to lift sanctions on Syria,https://www.youtube.com/watch?v=_N92xdtVBQ8,0,no,0
1359,_KQ6FsUvEdc,👑 DIY Crown? PLAY PRINCESS TIME! 😍 #shorts #funny,https://www.youtube.com/watch?v=_KQ6FsUvEdc,0,no,0
19,YreXG03kdsk,The top five funniest moments in Smosh #smosh #smoshgames #shaynetopp #funny,https://www.youtube.com/watch?v=YreXG03kdsk,0,no,0
1925,Qcbb4MS0Djg,Theo Von makes Ben Affleck laugh 😂🤣😭 #theovon,https://www.youtube.com/watch?v=Qcbb4MS0Djg,0,no,0
1921,QX-T1MJ-x-4,Theo Von On Reality Tv…🤣🤣🤣#theovon #bertkreischer #thispastweekend #comedy,https://www.youtube.com/watch?v=QX-T1MJ-x-4,0,no,0
1840,NVe3cuuzuqg,Ariana Grande perfectly Roasted Jimmy…😂 #ariana #arianagrande #jimmybutler #zendaya #celebs #shorts,https://www.youtube.com/watch?v=NVe3cuuzuqg,0,no,0
1796,MDvBhrKZOeM,Shayne’s Karen Impression is Too Good!!!😂😂😂| Smosh Pit,https://www.youtube.com/watch?v=MDvBhrKZOeM,0,no,0
1780,LriA3Y60jBg,Scared these guys off the lift😂 #prankcall #gondola #chairlift #skiing #snowboarding #skiresort,https://www.youtube.com/watch?v=LriA3Y60jBg,0,no,0
1777,LjmPU_0ceAw,We DON'T want your money! But we need your time.,https://www.youtube.com/watch?v=LjmPU_0ceAw,0,no,0
1765,LUE7ae58Fdk,Conquering Childhood Fears: Jimmy O. Yang's Hilarious Take!,https://www.youtube.com/watch?v=LUE7ae58Fdk,0,no,0
1756,LJysnTw8uOM,Theo Von Pranks Caleb Pressley?!?🤣🤣🤣#thispastweekend #theovon #sundaeconversation #comedy,https://www.youtube.com/watch?v=LJysnTw8uOM,0,no,0
1718,KRRG0S7yDZQ,The room feels different without a futon #college #collegehumor #collegelife #roommates,https://www.youtube.com/watch?v=KRRG0S7yDZQ,0,no,0
1313,ItwjXJIEFco,Joe Rogan Reacts To Rob Schneider Destroying Woke College Student,https://www.youtube.com/watch?v=ItwjXJIEFco,0,no,0
1308,IlwZx_64TJo,Theo Von’s Funniest Moments Ranked!,https://www.youtube.com/watch?v=IlwZx_64TJo,0,no,0
1282,HpXKcOI7BYE,Let’s DIY Some Fluffy Earmuffs with Fun Socks! 🧦❄️ So Cute! 😍 #kidsvideo #funforkids #diy #crafts,https://www.youtube.com/watch?v=HpXKcOI7BYE,0,no,0
1263,HEq-XlWCwks,Christoph Waltz on Speaking Multiple Languages,https://www.youtube.com/watch?v=HEq-XlWCwks,0,no,0
1259,H8ysSXz9MGk,Squid Game Season 3 Gets Freaky – Twisted Vision! 😱🤖✨ #squidgame #season3,https://www.youtube.com/watch?v=H8ysSXz9MGk,0,no,0
1255,GzPH4UC8ayQ,MIGRANT CRISIS😳 #shorts #snl #weekendupdate,https://www.youtube.com/watch?v=GzPH4UC8ayQ,0,no,0
1242,GcdpUSkpXnI,Soft plastics don’t belong in your recycling bin ❌♻️,https://www.youtube.com/watch?v=GcdpUSkpXnI,0,no,0
1221,FjPs4T7xKvM,Somebody is More important 😂,https://www.youtube.com/watch?v=FjPs4T7xKvM,0,no,0
1209,FD-GqKgJ_RM,Levi does basketball trick shots!! 🏀,https://www.youtube.com/watch?v=FD-GqKgJ_RM,0,no,0
1208,FBk1q5uxhlc,#funnyprank#funnyvideos#pranks#funnyreaction#trynottolaugh#haha#comedy #comedytime #funny #memes,https://www.youtube.com/watch?v=FBk1q5uxhlc,0,no,0
1184,EPQHnR4CSAc,#funnyprank#funnyvideos#pranks#funnyreaction#trynottolaugh#haha#comedy #comedytime #funny #memes,https://www.youtube.com/watch?v=EPQHnR4CSAc,0,no,0
1168,DoqoVaI-Ju4,Ranking shaq Funniest moments in family feud.#familyfeud #shaq #SteveHarvey #viral #ranking,https://www.youtube.com/watch?v=DoqoVaI-Ju4,0,no,0
1137,Ctye3ql5lOY,Emma Chamberlain 🤯 Reacts to VIRAL Jack Harlow Met Gala Moment! 💅😂 | Fallon Show,https://www.youtube.com/watch?v=Ctye3ql5lOY,0,no,0
1128,C_EKzfgPOlo,School Starts in a week #jordanmatter #salishmatter,https://www.youtube.com/watch?v=C_EKzfgPOlo,0,no,0
1122,CR2UKRYtzZE,Theo Von Shows Different Versions Of Post Malone,https://www.youtube.com/watch?v=CR2UKRYtzZE,0,no,0
1112,Bsa1DETx_aE,Ricky Gervais Roasts Leonardo DiCaprio,https://www.youtube.com/watch?v=Bsa1DETx_aE,0,no,0
1102,BdNz7rzyp_0,"Locky, you're not afraid of injections?! 💉 Really?! 🫢 #gogodino #cute #vaccine #vaccination #scared",https://www.youtube.com/watch?v=BdNz7rzyp_0,0,no,0
1042,9TnIhJYPxI4,POV: Parents in June & July be like... 😳 #funnykids #summer #shorts,https://www.youtube.com/watch?v=9TnIhJYPxI4,0,no,0
1020,8r8QvZf1qrQ,Nidal and Salish funniest moments | Nidal and Salish Edit | Rather Be,https://www.youtube.com/watch?v=8r8QvZf1qrQ,0,no,0
1003,8Q6Nt1njYuQ,The Ultimate Birthday Party #jokes #funny #isolation #awkward #comedy #darkhumor #unexpectedtwist,https://www.youtube.com/watch?v=8Q6Nt1njYuQ,0,no,0
934,6hs9HC1qqJY,Joe Rogan Reacts to Charlie Kirk Explosive Debate On Free Speech,https://www.youtube.com/watch?v=6hs9HC1qqJY,0,no,0
923,6F7Asy3Vues,1960's Civil Rights Activists... ✊🏿 #comedy #funny #sketchcomedy #1960s,https://www.youtube.com/watch?v=6F7Asy3Vues,0,no,0
908,5oYh5GUzSMw,She Did What!? 😳 #adamsandler #funny,https://www.youtube.com/watch?v=5oYh5GUzSMw,0,no,0
899,5c50GDHFMQc,Ranking The Best Liza Koshy Vines #ranking #vines #tiktok #funnyshorts #viral,https://www.youtube.com/watch?v=5c50GDHFMQc,0,no,0
884,55uA4c-IPYM,Top 3 Funniest Steam Game Moments in Lockdown Protocol Ultimate Funny Moments 😆🎮,https://www.youtube.com/watch?v=55uA4c-IPYM,0,no,0
860,4N64Di3bhlE,Ranking The Best Liza Koshy Vines (part 3) #ranking #vines #tiktok #funnyshorts #viral,https://www.youtube.com/watch?v=4N64Di3bhlE,0,no,0
856,4HO0EA2vEgw,Ranking Funniest King Bach Vines 🤣 #ranking #viral #funny #Short,https://www.youtube.com/watch?v=4HO0EA2vEgw,0,no,0
841,3h0k2s2CKQU,The only two words you’re gonna need in your life 😂 #EverybodyHatesChris,https://www.youtube.com/watch?v=3h0k2s2CKQU,0,no,0
828,3Ocq8lWAwV0,Joe Rogan Reacts To Trump’s Hilarious Rant On Electric Tanks,https://www.youtube.com/watch?v=3Ocq8lWAwV0,0,no,0
814,2wcZvqu4lvM,Ryan Trahan #ryantrahan #youtube #youtubevideos #funny #cool #ai #fyp,https://www.youtube.com/watch?v=2wcZvqu4lvM,0,no,0
806,2hA5VcV1Su4,Ranking of the Funniest Teeth-Talk Moments on The Ellen DeGeneres Show #usa #funny #celebrity,https://www.youtube.com/watch?v=2hA5VcV1Su4,0,no,0
794,2c7d9c6ail8,Ranking Natural Disaster Roblox Moments!,https://www.youtube.com/watch?v=2c7d9c6ail8,0,no,0
792,2FaqNSLGkwg,Andrew Schulz Calls Out Logan Paul After WWE 👀,https://www.youtube.com/watch?v=2FaqNSLGkwg,0,no,0
770,1Lvtg8giPaw,Theo Von Crosses The Line?!?🤣🤣🤣#theovon #garysinise #thispastweekend #comedy #funny,https://www.youtube.com/watch?v=1Lvtg8giPaw,0,no,0
739,0CW9bp9D4rU,"Not all guys, just some #wlw #lgbt #Youtube#Pov#funny#shorts",https://www.youtube.com/watch?v=0CW9bp9D4rU,0,no,0
732,03gB6f3ktBc,,,0,no,0
2104,03gB6f3ktBc,,,0,no,0
709,-PSvajMLAmE,Andrew Schulz Debates Lebron vs Michael Jordan 👀,https://www.youtube.com/watch?v=-PSvajMLAmE,0,no,0
704,-7h6mmlUnGU,Ranking Best Trevor Rizz Moments🔥,https://www.youtube.com/watch?v=-7h6mmlUnGU,0,no,0
701,-3_ztN-2zhw,PARAMOUNT STUDIO CAKE David Dobrik Snapchat,https://www.youtube.com/watch?v=-3_ztN-2zhw,0,no,0
697,-0UhSHd3a7k,Top 5 Funniest 'Gender Reveal' Ever. #funny #genderreveal #shorts,https://www.youtube.com/watch?v=-0UhSHd3a7k,0,no,0
