video_id,n_comments_used,toxicity_mean,toxicity_max,sentiment_signed_mean,sentiment_pos_frac,sentiment_neu_frac,sentiment_neg_frac
azE8lPB5z58,2,0.9667448103427887,0.9720364212989807,-0.9284831583499908,0.0,0.0,1.0
hUcWhF5tGt4,1,0.9472284913063049,0.9472284913063049,-0.933049738407135,0.0,0.0,1.0
90J6UNgmWS4,3,0.7814118464787801,0.873420774936676,-0.4781433641910553,0.3333333333333333,0.0,0.6666666666666666
cDSvtX2qzqA,1,0.7310240864753723,0.7310240864753723,-0.7195602655410767,0.0,0.0,1.0
Onwuzbe6Plg,5,0.6804085081443191,0.97974693775177,-0.7689262151718139,0.0,0.0,1.0
fWyfOICLMU8,28,0.5194221896589235,0.9984225034713745,-0.6138523827706065,0.07142857142857142,0.10714285714285714,0.8214285714285714
j8TBRiV1gqw,9,0.5089349104479576,0.9634755849838257,-0.07377741071912977,0.3333333333333333,0.2222222222222222,0.4444444444444444
5a1HNFuxfnE,24,0.4668234046184807,0.9936457872390747,-0.07501756896575291,0.3333333333333333,0.25,0.4166666666666667
5tWoYbhD1h0,28,0.45290148997030755,0.996065080165863,-0.5334179678133556,0.14285714285714285,0.10714285714285714,0.75
R61qA6EXgkg,30,0.44479151950605833,0.9982897639274597,-0.5892803529898326,0.13333333333333333,0.06666666666666667,0.8
N2aNyzKufQo,28,0.428432062954276,0.9922448992729187,-0.17977011629513331,0.32142857142857145,0.14285714285714285,0.5357142857142857
OJgnen15dNk,28,0.4270134889395974,0.9955886602401733,-0.6615091072661536,0.07142857142857142,0.14285714285714285,0.7857142857142857
M5GKPUtvvFo,28,0.41699847618500435,0.9967247843742371,-0.7060053071805409,0.03571428571428571,0.10714285714285714,0.8571428571428571
7H5tlVXRw9I,27,0.41420369113243566,0.97642982006073,-0.5998196888853002,0.07407407407407407,0.14814814814814814,0.7777777777777778
qmTUAHpXAyQ,26,0.4106833583545477,0.994209885597229,-0.5853732319978567,0.038461538461538464,0.19230769230769232,0.7692307692307693
I2-d7qek81E,29,0.40928478776236416,0.9973825812339783,-0.5430138892140882,0.13793103448275862,0.06896551724137931,0.7931034482758621
KS52a16JrdE,4,0.40372628869954497,0.9751574993133545,-0.8833564072847366,0.0,0.0,1.0
jpO9RtS5qIY,28,0.3980193131449466,0.973864734172821,-0.6309977684702192,0.07142857142857142,0.07142857142857142,0.8571428571428571
lBvFJtdgIX4,28,0.39501026171741876,0.9968475699424744,-0.24763353488274983,0.2857142857142857,0.10714285714285714,0.6071428571428571
fs5b3oFjWzM,26,0.38974268397746176,0.9938030242919922,-0.24519331867878252,0.23076923076923078,0.19230769230769232,0.5769230769230769
Ocoo1ctlV-A,26,0.3882883429155649,0.9922062754631042,-0.3067717208312108,0.23076923076923078,0.15384615384615385,0.6153846153846154
eQ7yyTiVxVM,27,0.3797261386277602,0.9885252118110657,-0.4974702861573961,0.1111111111111111,0.14814814814814814,0.7407407407407407
Bi7Tk3FKDAs,30,0.3722940800129436,0.9961102604866028,-0.2499753028154373,0.3,0.06666666666666667,0.6333333333333333
8UQ5CEn7k1g,28,0.3676940940308019,0.9974567294120789,0.0931482772741999,0.5,0.07142857142857142,0.42857142857142855
ENWDG7vG47A,26,0.3672558673603747,0.9969586133956909,-0.5917297991422507,0.07692307692307693,0.19230769230769232,0.7307692307692307
BkSRaUuUlRE,12,0.363926206259445,0.9837296605110168,-0.36319002012411755,0.16666666666666666,0.16666666666666666,0.6666666666666666
_-zGgqoBjOU,28,0.35881992166313076,0.9912207722663879,-0.5340037431035723,0.10714285714285714,0.14285714285714285,0.75
0zymlipCZY4,24,0.3578868093827623,0.994644045829773,-0.40145597110191983,0.125,0.25,0.625
3QJLZ13Ggck,24,0.3544053595639222,0.9937154650688171,-0.30190527935822803,0.16666666666666666,0.25,0.5833333333333334
mHVAelSeQG4,26,0.3460593893273304,0.9880484938621521,-0.517389558828794,0.07692307692307693,0.15384615384615385,0.7692307692307693
QgOS2Nio7YI,17,0.3451134532464066,0.983586847782135,-0.07311517000198364,0.35294117647058826,0.17647058823529413,0.47058823529411764
HZOvwRr4QR0,26,0.3448220565915108,0.9925013184547424,-0.5740609535804162,0.07692307692307693,0.15384615384615385,0.7692307692307693
bRh_ym5bejA,27,0.3445619404018443,0.992127537727356,-0.34702923121275725,0.2222222222222222,0.14814814814814814,0.6296296296296297
2hU7z6RXnyA,25,0.3408727610995993,0.997908353805542,-0.2916551518440247,0.2,0.24,0.56
cOVg7i-ebGc,26,0.3401445908552537,0.9951181411743164,-0.5131676426300635,0.07692307692307693,0.19230769230769232,0.7307692307692307
rlr6JyITzHM,28,0.3389179735032875,0.9802394509315491,-0.7426594910877091,0.03571428571428571,0.07142857142857142,0.8928571428571429
06djulJUjp4,25,0.33826028804527597,0.9971948862075806,-0.08031323909759522,0.32,0.24,0.44
hXqlpfUzbNs,26,0.3371646170540211,0.9917094111442566,-0.3915532987851363,0.15384615384615385,0.15384615384615385,0.6923076923076923
pjXRSM4oY3c,25,0.3368678176030517,0.9967103004455566,-0.35383057832717896,0.16,0.24,0.6
KoMh_pdH8iU,28,0.33634748577605933,0.9981982111930847,-0.5674062435116086,0.07142857142857142,0.10714285714285714,0.8214285714285714
CQQpr6QI83w,19,0.3337903638174267,0.9966551065444946,-0.11763351528268111,0.3157894736842105,0.21052631578947367,0.47368421052631576
jtLW6XA0aEg,11,0.3316908906616101,0.9888054132461548,-0.4091300747611306,0.09090909090909091,0.2727272727272727,0.6363636363636364
E2nbh4cVdVI,25,0.3314396412903443,0.9956016540527344,-0.16210202932357787,0.24,0.24,0.52
pVi4S1rtLHU,26,0.33089829159255785,0.8526478409767151,-0.4005663085442323,0.15384615384615385,0.19230769230769232,0.6538461538461539
ql5v9dfohB0,23,0.32990553837431513,0.9919655323028564,-0.4191097215465877,0.043478260869565216,0.34782608695652173,0.6086956521739131
BiW9POj4QMQ,28,0.32923002521316186,0.9970731735229492,-0.12827140625034059,0.2857142857142857,0.10714285714285714,0.6071428571428571
iSysRh-MWjM,28,0.32519932109737837,0.995428204536438,-0.5736950646553721,0.10714285714285714,0.07142857142857142,0.8214285714285714
omvDc9C11mg,24,0.3238046869155369,0.9931742548942566,-0.17173207427064577,0.20833333333333334,0.3333333333333333,0.4583333333333333
-xEw-SdaVJ0,29,0.3222321467574461,0.9937989115715027,-0.14507678664963822,0.3448275862068966,0.06896551724137931,0.5862068965517241
18pZAtFkhKY,26,0.32150267294267765,0.9886291027069092,-0.3469613412251839,0.23076923076923078,0.15384615384615385,0.6153846153846154
5_jdF0iDlqs,28,0.32032283006369006,0.9965153932571411,-0.5325905010104179,0.14285714285714285,0.10714285714285714,0.75
b92UIBNXDeg,24,0.32025037046211463,0.9755616784095764,-0.26770180463790894,0.16666666666666666,0.2916666666666667,0.5416666666666666
i7rG1Mz-Bm4,28,0.319117635933383,0.9934362173080444,-0.3421874557222639,0.21428571428571427,0.14285714285714285,0.6428571428571429
qKaMnihunyU,25,0.31874094778206197,0.9961054921150208,-0.35310990691184996,0.16,0.24,0.6
LKzM7B_XrOU,30,0.3166894411415948,0.9922365546226501,-0.6080018977324168,0.1,0.06666666666666667,0.8333333333333334
KYtgBQMWoiA,29,0.31609584316651435,0.9838932752609253,-0.7575551744165092,0.0,0.06896551724137931,0.9310344827586207
R1TgTZcKNU8,25,0.3155414228443988,0.9713701605796814,-0.5505882859230041,0.04,0.24,0.72
IweiLBuHLW8,22,0.31463869714008813,0.9879611134529114,-0.41201880845156585,0.13636363636363635,0.18181818181818182,0.6818181818181818
p1IG4hFWwtI,26,0.31336024476555535,0.9823806285858154,-0.2518219374693357,0.23076923076923078,0.19230769230769232,0.5769230769230769
bBbFH-tqpJ0,24,0.31139978341282887,0.9905325174331665,0.10541499281922977,0.4166666666666667,0.2916666666666667,0.2916666666666667
AoDN_rBL3MY,28,0.311062091599784,0.9966501593589783,-0.5795181095600128,0.10714285714285714,0.07142857142857142,0.8214285714285714
ONAVr0RQUTc,26,0.31043911325440815,0.9928256273269653,-0.35090769024995655,0.11538461538461539,0.23076923076923078,0.6538461538461539
MEMHoLkSFq4,27,0.30911961392956544,0.9843340516090393,-0.33795906989662733,0.2222222222222222,0.14814814814814814,0.6296296296296297
N40ckAuC0Jg,25,0.30687832767143847,0.9702216386795044,-0.18377730011940002,0.28,0.24,0.48
EpoBcTsOLh8,23,0.30678240797968337,0.9973080158233643,-0.07131756518198096,0.2608695652173913,0.34782608695652173,0.391304347826087
L7xh24az614,29,0.3067252790627616,0.9950044751167297,-0.578350373383226,0.10344827586206896,0.06896551724137931,0.8275862068965517
MGfeUj4UfSY,24,0.30635523219098104,0.9918658137321472,-0.47806019087632495,0.08333333333333333,0.25,0.6666666666666666
7mrbyLb2wXI,20,0.3037910698330961,0.9933214783668518,-0.4919223695993423,0.1,0.2,0.7
_7kBWkggnE0,28,0.30304460057439947,0.9900916814804077,-0.26421764492988586,0.2857142857142857,0.07142857142857142,0.6428571428571429
IeUu_GKwcxQ,26,0.3029892375813618,0.9787213802337646,-0.2888422722999866,0.19230769230769232,0.23076923076923078,0.5769230769230769
5V3Q_UdvmiI,26,0.3026563500618347,0.9968076944351196,-0.5567132807694949,0.07692307692307693,0.15384615384615385,0.7692307692307693
kKkp-oMpgLo,24,0.30195964877930237,0.9899008870124817,-0.2335771806538105,0.16666666666666666,0.3333333333333333,0.5
INWvHDCd87A,26,0.3015444260045814,0.9910829067230225,-0.5768955155060842,0.038461538461538464,0.23076923076923078,0.7307692307692307
mF1CzHfDUc8,26,0.297360628939574,0.9861089587211609,-0.3833169914208926,0.11538461538461539,0.23076923076923078,0.6538461538461539
f8CVatqM4B8,26,0.29659160491652214,0.992380678653717,-0.5260718717024877,0.07692307692307693,0.19230769230769232,0.7307692307692307
G6au9Y0iP1M,26,0.29537047429431157,0.9801974296569824,-0.5288585607822125,0.11538461538461539,0.15384615384615385,0.7307692307692307
CXBn38Qkyz8,24,0.2941630244458793,0.9960775971412659,-0.2728746682405472,0.16666666666666666,0.3333333333333333,0.5
r9WKlJNqGG8,22,0.29416118895063514,0.9958653450012207,-0.3737592886794697,0.13636363636363635,0.22727272727272727,0.6363636363636364
AmI2s0cI4IQ,26,0.2931843928885288,0.9074348211288452,-0.2582920640707016,0.19230769230769232,0.23076923076923078,0.5769230769230769
54TP8d7Kx9g,25,0.29311605635331944,0.9925979375839233,0.033951973915100096,0.4,0.24,0.36
G5ZWZfQYJrg,26,0.2892089316737838,0.9417923092842102,-0.4159459861425253,0.15384615384615385,0.15384615384615385,0.6923076923076923
NOvHlc4h_w8,28,0.28834234846207046,0.9744500517845154,-0.4949590393475124,0.14285714285714285,0.10714285714285714,0.75
LHzhCUsYQak,11,0.2883318593640896,0.8031389713287354,-0.18598643216219815,0.2727272727272727,0.18181818181818182,0.5454545454545454
_eOSchEiwrA,24,0.28697091491873533,0.9978602528572083,-0.11828281233708064,0.2916666666666667,0.25,0.4583333333333333
Dn-TmIOgDQY,29,0.28657259906497623,0.9220683574676514,-0.43718386724077424,0.20689655172413793,0.06896551724137931,0.7241379310344828
LwPbPPNOrK8,27,0.2861589154150958,0.9970118999481201,-0.6098478005992042,0.037037037037037035,0.14814814814814814,0.8148148148148148
avoMqCl8giM,14,0.28614732676318716,0.9257086515426636,0.15879476921898977,0.42857142857142855,0.35714285714285715,0.21428571428571427
OkfzmYOPhy8,27,0.28613695441270937,0.9974656105041504,-0.1548481638784762,0.3333333333333333,0.14814814814814814,0.5185185185185185
9CfUQ4JMO7k,28,0.2860489693661553,0.9881991147994995,-0.1333425928439413,0.35714285714285715,0.10714285714285714,0.5357142857142857
rLWKXXb6Uac,24,0.2860453570756363,0.9947167038917542,-0.25487211843331653,0.16666666666666666,0.2916666666666667,0.5416666666666666
JRQ4jU9E4w0,25,0.2858389081317,0.9884307384490967,-0.3714458513259888,0.16,0.24,0.6
b6_xbwff0Y4,16,0.285669163804414,0.9871507883071899,-0.4626668579876423,0.0,0.375,0.625
j3c1fXJD91c,27,0.2851038156249733,0.963064968585968,-0.5108085517530088,0.1111111111111111,0.14814814814814814,0.7407407407407407
96hH-VAo_Pk,26,0.2842498811615559,0.9923897385597229,-0.47244338576610273,0.11538461538461539,0.19230769230769232,0.6923076923076923
7eLlRKaKNBM,22,0.2840030253997115,0.9830018877983093,-0.3223477303981781,0.09090909090909091,0.36363636363636365,0.5454545454545454
y9TRCHqR6uw,26,0.28185690464362356,0.9794172644615173,-0.10306721123365256,0.3076923076923077,0.19230769230769232,0.5
gJ1qlXd5XAE,26,0.28181412424936964,0.9581935405731201,-0.4822494158378014,0.07692307692307693,0.19230769230769232,0.7307692307692307
6BZoZ5DeKd8,24,0.2816922996789799,0.9289317727088928,-0.12623450035850206,0.25,0.3333333333333333,0.4166666666666667
eh-yJAB0AVk,28,0.2811879330110969,0.9683915972709656,-0.35704108646937777,0.21428571428571427,0.14285714285714285,0.6428571428571429
of3KbcNPGh8,27,0.2790632278429931,0.9735759496688843,-0.4640798171361287,0.1111111111111111,0.14814814814814814,0.7407407407407407
8Ql-xttU8u0,25,0.2790396661427803,0.9940574169158936,-0.2753850364685059,0.2,0.24,0.56
dkzKlTWJgBo,28,0.27752412419691347,0.9908072352409363,-0.33517187408038546,0.25,0.10714285714285714,0.6428571428571429
G-Kno17qVns,26,0.2770195214319616,0.9967591166496277,-0.4065504177258565,0.15384615384615385,0.19230769230769232,0.6538461538461539
9NkqeKu3AN0,7,0.27537788078188896,0.8819367289543152,-0.3780896919114249,0.14285714285714285,0.2857142857142857,0.5714285714285714
FGmeHLd8xDI,25,0.27517348194262015,0.9928202033042908,-0.23648073315620421,0.2,0.24,0.56
0qOZ6XTklPc,26,0.27424544709188364,0.9789113998413086,-0.40474471564476305,0.15384615384615385,0.19230769230769232,0.6538461538461539
6--BEOxP4SQ,27,0.2738636050597523,0.9914568066596985,-0.35053216969525375,0.18518518518518517,0.14814814814814814,0.6666666666666666
7c23jdr-gCs,26,0.2736752746165551,0.9655911922454834,-0.31396988263496983,0.19230769230769232,0.19230769230769232,0.6153846153846154
ZSuCY7yPwrE,24,0.27337651945708785,0.9985361099243164,-0.2750258867939313,0.20833333333333334,0.25,0.5416666666666666
35Wd4gAyyis,26,0.2729846461711881,0.9933739900588989,-0.3283461229159282,0.15384615384615385,0.23076923076923078,0.6153846153846154
aRiUlpXFW7s,27,0.2721758641354326,0.9720234274864197,-0.1134403215514289,0.3333333333333333,0.14814814814814814,0.5185185185185185
A7xMAeq1cBw,25,0.2719874030537903,0.992915153503418,-0.21333539962768555,0.24,0.24,0.52
c4hXljepVeY,24,0.2717942103554378,0.9930899739265442,-0.07186657438675563,0.2916666666666667,0.3333333333333333,0.375
HeLoqmSjROk,27,0.2713823489482618,0.998272180557251,-0.0012796256277296278,0.4074074074074074,0.14814814814814814,0.4444444444444444
LOI4hKHDUX0,22,0.27080073196239857,0.9885995388031006,0.09592344273220409,0.3181818181818182,0.45454545454545453,0.22727272727272727
AFiticsV1bs,27,0.27036246269104863,0.9958369731903076,-0.36947716386229906,0.18518518518518517,0.14814814814814814,0.6666666666666666
NLf3CvSxPSM,27,0.2699292507432229,0.998600423336029,-0.2828375608832748,0.25925925925925924,0.14814814814814814,0.5925925925925926
-2cNGsBTAT8,24,0.2695837873203952,0.9891923069953918,-0.28933817024032277,0.16666666666666666,0.2916666666666667,0.5416666666666666
gWtnifeYc2Y,24,0.2694199258306374,0.9707661867141724,-0.27034664526581764,0.20833333333333334,0.25,0.5416666666666666
LUe-ElvZLQw,25,0.269227678545285,0.9919438362121582,-0.5517579245567322,0.0,0.24,0.76
nryCz2_mf0Q,26,0.2691567562466774,0.992928683757782,0.030208764167932365,0.38461538461538464,0.23076923076923078,0.38461538461538464
jexV13t5xho,24,0.2688528742170699,0.9675784111022949,-0.36799610654513043,0.125,0.2916666666666667,0.5833333333333334
0Llq_ZTIVg4,28,0.2688196670683932,0.9647808074951172,0.2813790131892477,0.5714285714285714,0.10714285714285714,0.32142857142857145
CpUUEqQFcME,27,0.26828363116537396,0.997929573059082,-0.24953371948666042,0.25925925925925924,0.14814814814814814,0.5925925925925926
GBzAPlBclno,27,0.26798018713533467,0.9546054601669312,-0.5906264141753867,0.07407407407407407,0.14814814814814814,0.7777777777777778
-rCfnCQ1sRA,28,0.26773513748152517,0.9438233971595764,-0.6142900628702981,0.03571428571428571,0.10714285714285714,0.8571428571428571
jU2Eyi3fIdE,22,0.2669224277752536,0.9883984923362732,-0.12941197644580493,0.22727272727272727,0.36363636363636365,0.4090909090909091
p-S5-mvGqfM,27,0.26679160346759967,0.9838712215423584,-0.2728179527653588,0.2222222222222222,0.14814814814814814,0.6296296296296297
Mg8vG3C0cFA,23,0.26672019866679836,0.9832984805107117,-0.22755036276319754,0.17391304347826086,0.34782608695652173,0.4782608695652174
KUS54RzwlM4,27,0.2660813178000454,0.9744907021522522,-0.47656028579782556,0.14814814814814814,0.14814814814814814,0.7037037037037037
ImHVPKzSJew,24,0.26587991062357713,0.9856842756271362,-0.30501429984966916,0.16666666666666666,0.2916666666666667,0.5416666666666666
5-YpR7wGDf0,24,0.26587254682575195,0.9656631946563721,-0.3942752679189046,0.125,0.25,0.625
Hj7QZw8x0O4,26,0.2656207164400257,0.9413796663284302,-0.4289456858084752,0.15384615384615385,0.15384615384615385,0.6923076923076923
RCHDxQSLgFA,28,0.26539724681268645,0.9730719327926636,-0.34859950308288845,0.25,0.07142857142857142,0.6785714285714286
99c-EhxYYZI,24,0.2653617989756943,0.9651515483856201,-0.0692595864335696,0.3333333333333333,0.25,0.4166666666666667
ls4-F9ikbxw,27,0.2653612041268153,0.9906535744667053,-0.3524146091054987,0.2222222222222222,0.14814814814814814,0.6296296296296297
LLHCUCK0yBc,25,0.2647640155092813,0.9895064234733582,-0.4705499827861786,0.08,0.24,0.68
1j4jryn6Rp8,26,0.26446727561191297,0.9927757978439331,-0.4611337116131416,0.15384615384615385,0.15384615384615385,0.6923076923076923
MZGHQU75qlU,24,0.2644446683528561,0.9687472581863403,-0.3404320105910301,0.16666666666666666,0.25,0.5833333333333334
Apr74GfUVjw,26,0.2642501771154527,0.9820502996444702,-0.6320434934817828,0.0,0.23076923076923078,0.7692307692307693
E2ErW3yzOHA,22,0.26392108687220817,0.9972066283226013,-0.21350823749195447,0.13636363636363635,0.4090909090909091,0.45454545454545453
7rAtBwxe7XQ,28,0.26329093719791025,0.9801806807518005,-0.12838555446692876,0.35714285714285715,0.10714285714285714,0.5357142857142857
Hc0J8PIBW2g,28,0.262540945816519,0.9982864260673523,-0.7063784450292587,0.0,0.14285714285714285,0.8571428571428571
MDV9030bLEo,29,0.2615152942538583,0.9350787401199341,-0.5468945647108143,0.13793103448275862,0.06896551724137931,0.7931034482758621
Ac9YmTIah4o,28,0.2614932508212015,0.9967669248580933,-0.5862758447016988,0.07142857142857142,0.10714285714285714,0.8214285714285714
dL25EuS7bhY,27,0.2612807526796435,0.8436021208763123,0.027029876355771667,0.4074074074074074,0.14814814814814814,0.4444444444444444
L714m5PGt8Y,24,0.26085164085331297,0.9902191758155823,-0.34578776111205417,0.125,0.25,0.625
D2E3XfkVd18,23,0.25992863210748235,0.9745225310325623,-0.40690797567367554,0.08695652173913043,0.34782608695652173,0.5652173913043478
dtGDv_LXF74,28,0.2597466577592838,0.9403786063194275,-0.3092698007822037,0.25,0.10714285714285714,0.6428571428571429
7e7ofbDjHjQ,29,0.25866607027248767,0.997837245464325,0.148824286871943,0.5517241379310345,0.06896551724137931,0.3793103448275862
eIlXLZNorSA,22,0.2580271612360692,0.8997394442558289,-0.3377094864845276,0.09090909090909091,0.36363636363636365,0.5454545454545454
LQmUCe6EOCI,24,0.2575227680523919,0.98109370470047,-0.4173829182982445,0.16666666666666666,0.16666666666666666,0.6666666666666666
AQxgMjeHZeg,26,0.25701497633305664,0.9564634561538696,-0.2616986838670877,0.23076923076923078,0.15384615384615385,0.6153846153846154
E7UDtAoVrXQ,26,0.25689898391227384,0.8717053532600403,-0.38439056048026454,0.15384615384615385,0.15384615384615385,0.6923076923076923
o0VgB9NoGz0,24,0.25602046985538135,0.9985816478729248,-0.269802571584781,0.16666666666666666,0.2916666666666667,0.5416666666666666
qx2kxio5T-c,3,0.25559375233327347,0.6633438467979431,-0.10614631573359172,0.3333333333333333,0.3333333333333333,0.3333333333333333
41cTyRR5ync,25,0.2553240677434951,0.9878295660018921,-0.03372010946273804,0.36,0.24,0.4
PfKXhuOfpTE,22,0.2550843525254591,0.9794984459877014,-0.22719814289699902,0.18181818181818182,0.36363636363636365,0.45454545454545453
pAvH7zENrAw,22,0.2543342284228526,0.9931921362876892,-0.2227686968716708,0.18181818181818182,0.36363636363636365,0.45454545454545453
osh1v6FqUhc,28,0.2543126901644947,0.9957975149154663,-0.5988778982843671,0.10714285714285714,0.07142857142857142,0.8214285714285714
jzPbYVlhFvo,27,0.25341591313136397,0.9729322195053101,-0.336891398385719,0.18518518518518517,0.14814814814814814,0.6666666666666666
chKx9xB1yZE,28,0.2531672737823101,0.9888900518417358,-0.39984440909964697,0.17857142857142858,0.14285714285714285,0.6785714285714286
J4G4WcC-Uuw,22,0.25267693083944986,0.9965575933456421,-0.025472137061032383,0.22727272727272727,0.4090909090909091,0.36363636363636365
LUi5LQ4IpaQ,27,0.25225527909868917,0.9716220498085022,-0.22539155571549027,0.25925925925925924,0.14814814814814814,0.5925925925925926
GlP1ygoOttg,27,0.25163956255764114,0.9965543746948242,0.23161009395564044,0.5555555555555556,0.14814814814814814,0.2962962962962963
Qqogdy436ig,26,0.25078055522037457,0.9690021276473999,-0.15216205555659074,0.3076923076923077,0.15384615384615385,0.5384615384615384
Gd-WIbWl1ho,26,0.24947587944020946,0.9966040849685669,-0.238642977980467,0.23076923076923078,0.19230769230769232,0.5769230769230769
MHlNo9zJRI0,24,0.24922915835001427,0.9847220778465271,0.11003050456444423,0.4166666666666667,0.2916666666666667,0.2916666666666667
KTchqnNQf9M,30,0.24846393148764037,0.9302974939346313,-0.5935483455657959,0.1,0.06666666666666667,0.8333333333333334
DivfIbRT5hI,29,0.24819624781054606,0.9978058934211731,-0.7420145077952023,0.034482758620689655,0.06896551724137931,0.896551724137931
oYUYymsU-qs,26,0.24793983636370215,0.993412435054779,0.16545133521923652,0.46153846153846156,0.23076923076923078,0.3076923076923077
8crHCexyc7M,24,0.24790627942517554,0.9882882833480835,-0.09199172134200732,0.2916666666666667,0.3333333333333333,0.375
jWM3iPHsPCk,23,0.24687548847514731,0.9939454197883606,0.054944521707037224,0.34782608695652173,0.34782608695652173,0.30434782608695654
qJCKF8NDs9E,28,0.24681425499147736,0.9977521300315857,-0.48116578800337656,0.14285714285714285,0.10714285714285714,0.75
7gnRr3o3AcI,26,0.24580764646480718,0.9913628101348877,-0.6403839576702851,0.038461538461538464,0.15384615384615385,0.8076923076923077
eoNxDMwNLVw,11,0.2455287768071602,0.9629982113838196,0.1821640133857727,0.45454545454545453,0.36363636363636365,0.18181818181818182
E0acA3aJfJ4,24,0.24297297765830686,0.9861980080604553,-0.4276634032527606,0.08333333333333333,0.25,0.6666666666666666
9eFPRYWW7lo,27,0.2426258357008919,0.9625157713890076,-0.5808754607483193,0.07407407407407407,0.14814814814814814,0.7777777777777778
cUQMQ2NgAe8,22,0.2424745247540572,0.9771158695220947,-0.0950826948339289,0.22727272727272727,0.4090909090909091,0.36363636363636365
okMnq6PquOc,14,0.2421006798311802,0.9492412209510803,-0.0008695253304072789,0.42857142857142855,0.14285714285714285,0.42857142857142855
KyWvUUPPgZM,30,0.24086803001312848,0.9912081956863403,-0.6403749783833822,0.06666666666666667,0.06666666666666667,0.8666666666666667
fBdApb0N704,29,0.2403746698501295,0.9857492446899414,-0.34856099609670965,0.27586206896551724,0.06896551724137931,0.6551724137931034
55CQ0i2VReI,25,0.24015440884046257,0.9019734859466553,-0.21452296018600464,0.24,0.24,0.52
HdBm9VRsxFM,7,0.23978718503245286,0.9621717929840088,0.20012534516198294,0.5714285714285714,0.0,0.42857142857142855
qp0IgnjaLRY,28,0.23955329261246203,0.9209626913070679,-0.6270444882767541,0.03571428571428571,0.14285714285714285,0.8214285714285714
cAtVy4nVliE,25,0.23950940487440675,0.9895396828651428,-0.26983749628067016,0.2,0.24,0.56
kXkBvD8UDY4,25,0.23861901101656258,0.7680863738059998,-0.352133572101593,0.16,0.24,0.6
CYjAzA_MoTc,26,0.23820087715508775,0.9928687214851379,0.10813868733552787,0.4230769230769231,0.19230769230769232,0.38461538461538464
kNyW3uCdLfI,24,0.238103636627784,0.9965015649795532,-0.1151503970225652,0.25,0.25,0.5
ZmDCD1sgqZo,26,0.23788464091530143,0.9864996671676636,-0.6101415237555137,0.0,0.23076923076923078,0.7692307692307693
Bzy0GNXBICI,26,0.23701952854753472,0.9908559322357178,-0.3293086588382721,0.19230769230769232,0.19230769230769232,0.6153846153846154
iIEkMwMl7-s,26,0.23664671077858657,0.930122435092926,-0.28079126660640424,0.23076923076923078,0.19230769230769232,0.5769230769230769
JyQF5RlWFRo,24,0.2360847754049852,0.97918301820755,-0.49370482315619785,0.08333333333333333,0.25,0.6666666666666666
H-PgO2Lkfmg,26,0.23554145779612903,0.9983371496200562,0.16537266740432152,0.46153846153846156,0.19230769230769232,0.34615384615384615
12k0MDSdZbE,26,0.2346822889118742,0.9961909055709839,0.21000080039867988,0.5,0.23076923076923078,0.2692307692307692
xTmRY5L7wT0,28,0.2344542147017949,0.9840823411941528,-0.4096949590103967,0.14285714285714285,0.14285714285714285,0.7142857142857143
lgkNFFqXkTI,24,0.23385245615888076,0.9949439167976379,-0.47950222839911777,0.041666666666666664,0.2916666666666667,0.6666666666666666
QO3hbm16n4E,26,0.233199531910941,0.9967877864837646,-0.5284418383469949,0.07692307692307693,0.19230769230769232,0.7307692307692307
5Ubu-BkRARs,26,0.23306699702740075,0.982798159122467,-0.12661715883475083,0.34615384615384615,0.15384615384615385,0.5
ZbecKRGwOq0,23,0.23286618864032158,0.9941681623458862,-0.395681865837263,0.08695652173913043,0.34782608695652173,0.5652173913043478
7nwIbAdWOis,26,0.23254948869446077,0.9950078725814819,-0.1106412594134991,0.3076923076923077,0.19230769230769232,0.5
7oFIBh8ksw0,25,0.23125819673994555,0.9964740872383118,-0.3266702687740326,0.16,0.24,0.6
APnAgXB_oFw,24,0.23117058641946642,0.9750686287879944,-0.4997713665167491,0.041666666666666664,0.3333333333333333,0.625
c6XVIIbZ_f0,24,0.23108927531332787,0.9383866786956787,-0.16610890751083693,0.25,0.25,0.5
oL5t4LQpmUM,1,0.2309727817773819,0.2309727817773819,0.0,0.0,1.0,0.0
hvptX9PKi9A,24,0.23070534119809358,0.9835913777351379,-0.35896079366405803,0.125,0.25,0.625
-qR98FJdwDo,25,0.23000289227813484,0.9703221917152405,-0.2921620547771454,0.2,0.24,0.56
pVPGbbEOJDg,24,0.22990838305607517,0.9974879026412964,-0.2844722035030524,0.20833333333333334,0.25,0.5416666666666666
pGd7J96-3a0,26,0.22918344131455973,0.9889504313468933,-0.5339665389977969,0.07692307692307693,0.19230769230769232,0.7307692307692307
rBtAdrY7ubs,28,0.2289743205100032,0.9876495003700256,-0.40177169122866224,0.17857142857142858,0.10714285714285714,0.7142857142857143
aKLHfm-A7Ws,24,0.22840730731695658,0.9820187091827393,-0.27350811287760735,0.16666666666666666,0.25,0.5833333333333334
FpSmfCnUXw4,25,0.2276874176133424,0.9215801954269409,0.12304482460021973,0.4,0.24,0.36
QO4thkDMIxw,26,0.2276569957007618,0.9937435984611511,-0.24827897892548487,0.23076923076923078,0.23076923076923078,0.5384615384615384
ekFfLny97SQ,26,0.22691865577004278,0.8988531231880188,-0.4290542763013106,0.11538461538461539,0.23076923076923078,0.6538461538461539
GHxdXw_TmVk,26,0.22679598373808682,0.9432340860366821,-0.12108235519665939,0.34615384615384615,0.15384615384615385,0.5
Q1mK9D3YDow,24,0.22492837333023394,0.9213849902153015,-0.45325442403554916,0.125,0.16666666666666666,0.7083333333333334
O-KPJPrsP74,28,0.2249201753521837,0.9777766466140747,-0.055782462869371684,0.35714285714285715,0.14285714285714285,0.5
b1UK_GYJ3O8,28,0.22488391992893803,0.9980680346488953,-0.6259155124425888,0.03571428571428571,0.14285714285714285,0.8214285714285714
5psXAt1AU6o,28,0.22445271162307887,0.9207910299301147,0.25907037194286076,0.6071428571428571,0.07142857142857142,0.32142857142857145
DXjyG3UQHlg,30,0.2244185259352283,0.9953510761260986,0.025540029009183247,0.4666666666666667,0.06666666666666667,0.4666666666666667
gGkXq49aFsc,8,0.22410203810431994,0.9270617365837097,-0.17948876321315765,0.0,0.75,0.25
63fZliPWFoU,26,0.2239213090260119,0.9973859190940857,-0.14940580267172593,0.2692307692307692,0.23076923076923078,0.5
FP7wLFIJ3z4,24,0.22364161237540733,0.9775652885437012,0.010268911719322205,0.375,0.2916666666666667,0.3333333333333333
e76S4lPa1g8,17,0.22333239631124718,0.8411432504653931,-0.36819665922838096,0.23529411764705882,0.11764705882352941,0.6470588235294118
4VUqlRZIDfU,17,0.22320575210238425,0.9203886389732361,-0.499548720962861,0.058823529411764705,0.23529411764705882,0.7058823529411765
gcMsvyk30R0,28,0.22318961690013697,0.9908424615859985,-0.22701935257230485,0.32142857142857145,0.07142857142857142,0.6071428571428571
rch-9E9qJ5E,28,0.22317623951156357,0.9944596290588379,-0.27223052616630283,0.2857142857142857,0.14285714285714285,0.5714285714285714
2BW3ff2OJA4,24,0.2229751241466147,0.9954973459243774,0.1405248579879602,0.4583333333333333,0.25,0.2916666666666667
aq3vMfeFLYM,26,0.2225922848245738,0.879286527633667,0.02540154640491192,0.38461538461538464,0.23076923076923078,0.38461538461538464
EgVBfOUWN_g,24,0.2224380476642788,0.9919580221176147,-0.2300646329919497,0.16666666666666666,0.3333333333333333,0.5
LUMbKKVlna4,26,0.2216507378996959,0.988300085067749,0.05997687578201294,0.4230769230769231,0.23076923076923078,0.34615384615384615
PxoBmf745bM,26,0.22108699053597564,0.9941962957382202,0.07182326225134042,0.4230769230769231,0.15384615384615385,0.4230769230769231
8k2MZr1KTcI,25,0.22095408981665968,0.9771878123283386,0.017614458799362184,0.36,0.24,0.4
N34JXCEWtsE,22,0.22081055944330397,0.979347288608551,0.05995632301677357,0.3181818181818182,0.45454545454545453,0.22727272727272727
0jCKom16EoY,25,0.2205193224339746,0.9980307221412659,-0.12043419122695923,0.32,0.24,0.44
3qaMBov80SA,22,0.22031514272517103,0.9610731601715088,-0.22878488085486673,0.13636363636363635,0.36363636363636365,0.5
L7mN6FSRgig,26,0.22020011610360457,0.9934172630310059,-0.4298577583753146,0.15384615384615385,0.19230769230769232,0.6538461538461539
IMpwdno1Dxs,22,0.2198827963994435,0.9936138987541199,-0.17479207705367694,0.18181818181818182,0.36363636363636365,0.45454545454545453
BOwFJLEaDbs,23,0.21985481340822804,0.992662787437439,-0.21854876564896625,0.17391304347826086,0.34782608695652173,0.4782608695652174
ajFQPY7IAXk,28,0.21984277407630412,0.9417100548744202,-0.6435149524893079,0.07142857142857142,0.07142857142857142,0.8571428571428571
XzeLupTvj5I,25,0.2196099904924631,0.9967632293701172,0.03653342247009277,0.44,0.24,0.32
HLhLIRYTqnA,26,0.21957663343682027,0.981462836265564,-0.22470255196094513,0.2692307692307692,0.19230769230769232,0.5384615384615384
oY1DycPhSNI,23,0.21934511436594892,0.9906787276268005,-0.1531232167845187,0.21739130434782608,0.34782608695652173,0.43478260869565216
ISK-9jWZtmM,28,0.21932715138453723,0.9531427025794983,0.13137281153883254,0.4642857142857143,0.14285714285714285,0.39285714285714285
PkI6NHxmyz4,24,0.21919310082739685,0.9976569414138794,-0.19481664647658667,0.20833333333333334,0.2916666666666667,0.5
bA5u3i-YF_U,26,0.21895555801277694,0.981749415397644,-0.09536139323161198,0.3076923076923077,0.23076923076923078,0.46153846153846156
2yRg8nS9g4Y,24,0.2189470158094385,0.9883831143379211,-0.04233091945449511,0.2916666666666667,0.2916666666666667,0.4166666666666667
JFa2Y_U9_dY,11,0.21892135401933707,0.8824049234390259,0.2255849919535897,0.45454545454545453,0.2727272727272727,0.2727272727272727
LYXFagBFB1k,22,0.21873896997898223,0.9237584471702576,-0.1385881711136211,0.18181818181818182,0.4090909090909091,0.4090909090909091
_E4-pBcteMs,26,0.21858643190353177,0.9987402558326721,-0.24356310871931222,0.23076923076923078,0.23076923076923078,0.5384615384615384
djBAfMxJAmQ,25,0.2185409446572885,0.9882954359054565,-0.12138617515563965,0.32,0.2,0.48
D_V1PAevglY,9,0.21824251803466016,0.9980596899986267,-0.23391001092063057,0.1111111111111111,0.4444444444444444,0.4444444444444444
jPDhXPGiMqI,22,0.2179478674687826,0.9808576107025146,-0.2684240246360952,0.09090909090909091,0.4090909090909091,0.5
ZzcEB0IOt7o,28,0.21749003185167176,0.9923500418663025,0.22924489953688212,0.5714285714285714,0.07142857142857142,0.35714285714285715
0wenIRv4OwU,27,0.2173668859780904,0.9899594783782959,0.4204121905344504,0.6296296296296297,0.14814814814814814,0.2222222222222222
DErNFGhRf0I,26,0.21714753040578216,0.9898170232772827,-0.029479728295252874,0.38461538461538464,0.19230769230769232,0.4230769230769231
Q4PRRrx-lzU,24,0.21657989897357766,0.995165228843689,0.06581440816322963,0.375,0.2916666666666667,0.3333333333333333
paFv5OJgXWE,24,0.2164102922154901,0.9981606602668762,-0.07820970316727956,0.25,0.3333333333333333,0.4166666666666667
RaKSX85vqzo,12,0.21622244791069534,0.9679622650146484,0.24168130258719125,0.5833333333333334,0.08333333333333333,0.3333333333333333
MyBkQDlwCzE,7,0.2159684060440798,0.9594576358795166,-0.7676182346684592,0.0,0.0,1.0
3GxIY17PYPg,25,0.21539408597396686,0.9965153932571411,0.06689807415008545,0.4,0.24,0.36
qKWUkR3R-aU,26,0.21536275128108592,0.9774338603019714,-0.07442495799981631,0.34615384615384615,0.15384615384615385,0.5
a077OSdQAJY,26,0.21512441365764692,0.9985950589179993,-0.06523292110516475,0.34615384615384615,0.19230769230769232,0.46153846153846156
NQ2j1jKysBs,24,0.21498647566477302,0.9914952516555786,0.12942325323820114,0.4166666666666667,0.2916666666666667,0.2916666666666667
fzUS1JOWBeU,26,0.21486671480950184,0.9932926893234253,0.1905329582782892,0.5384615384615384,0.19230769230769232,0.2692307692307692
f6PpXyYG7q0,24,0.21481435205835928,0.9967001080513,-0.5759426727890968,0.0,0.2916666666666667,0.7083333333333334
JfQZpXipC2Q,24,0.21473496259083427,0.9656201601028442,-0.525404175122579,0.041666666666666664,0.25,0.7083333333333334
-aPRwsVr6do,24,0.2139821420738978,0.9973726272583008,0.018683545291423798,0.375,0.25,0.375
kN_3wCca1wg,4,0.21383952429459896,0.8180356621742249,-0.4762814790010452,0.25,0.0,0.75
jpvuq1-Pk4k,27,0.21376383554673306,0.9971931576728821,0.24411900727837174,0.5555555555555556,0.14814814814814814,0.2962962962962963
7iXl5jNaE3k,26,0.21343451423588425,0.9911376237869263,-0.02294739278463217,0.38461538461538464,0.15384615384615385,0.46153846153846156
NKMj9OmjPpY,22,0.21328812555822713,0.9568758606910706,-0.10182139819318597,0.22727272727272727,0.4090909090909091,0.36363636363636365
DGWiJMBjyq4,23,0.21308542745764894,0.9852520227432251,0.019749409478643665,0.34782608695652173,0.34782608695652173,0.30434782608695654
gm3ykQ7E1SA,5,0.2122582077747211,0.9920245409011841,-0.16650794744491576,0.2,0.4,0.4
EkOhgBd7Hwo,23,0.21202093799112606,0.9898734092712402,0.1021023716615594,0.391304347826087,0.34782608695652173,0.2608695652173913
Hgf5AC0SmrI,21,0.21199894417077303,0.9897065162658691,-0.017918353989010767,0.23809523809523808,0.47619047619047616,0.2857142857142857
KrLnbX0G4dY,24,0.21153847157741743,0.9933698177337646,-0.02493346979220708,0.3333333333333333,0.2916666666666667,0.375
eqBVkoND-8I,4,0.21112689467554446,0.8162000775337219,0.3980691730976105,0.75,0.0,0.25
6utveh-Dde8,24,0.21077466267888667,0.9929503202438354,-0.00785452127456665,0.3333333333333333,0.3333333333333333,0.3333333333333333
7CsJTcP36jY,24,0.21034429731419854,0.9446753859519958,-0.26531273623307544,0.16666666666666666,0.2916666666666667,0.5416666666666666
A3LiRnPD7sM,27,0.2102292144101941,0.9981409311294556,-0.4304362954916777,0.14814814814814814,0.14814814814814814,0.7037037037037037
pL76AJpEt8E,26,0.20970492891725512,0.9758256077766418,-0.403544524541268,0.15384615384615385,0.15384615384615385,0.6923076923076923
NPdzwn5hqgw,26,0.20951596933614033,0.9949954748153687,-0.43141117233496445,0.11538461538461539,0.19230769230769232,0.6923076923076923
OOEDj6Pp1Mg,26,0.2094286245186455,0.9965384006500244,0.05352355081301469,0.4230769230769231,0.15384615384615385,0.4230769230769231
fTilOo2WgRE,28,0.20938442327730758,0.9963233470916748,0.029931325997625078,0.42857142857142855,0.14285714285714285,0.42857142857142855
QyBKTVe1BtU,20,0.2090087575255893,0.989245593547821,-0.23839846402406692,0.1,0.5,0.4
jcxD7K3C95I,16,0.2087095232163847,0.9889798164367676,0.058283481746912,0.4375,0.1875,0.375
LMigAiry9b0,21,0.20860008844673367,0.986850917339325,-0.19016435174714952,0.14285714285714285,0.47619047619047616,0.38095238095238093
kx0LW5A5rUY,26,0.20756964107455972,0.9921707510948181,-0.1546082072533094,0.3076923076923077,0.15384615384615385,0.5384615384615384
8wsViRMR3Ko,26,0.20739864907899083,0.9762890934944153,0.16179771377490118,0.5384615384615384,0.15384615384615385,0.3076923076923077
ewRPvpRgGNo,28,0.20723480364540592,0.982014536857605,0.13063634506293706,0.5,0.14285714285714285,0.35714285714285715
aF4VJjoOQIU,24,0.20628577325502798,0.880254864692688,-0.2041823628048102,0.25,0.25,0.5
rGqc08VihOI,27,0.20601296588278342,0.8779106140136719,-0.1485832377716347,0.2962962962962963,0.14814814814814814,0.5555555555555556
ImKKi5I-C-s,22,0.20594055182300508,0.9683322310447693,-0.34097815643657337,0.09090909090909091,0.36363636363636365,0.5454545454545454
L2_6TOCbtZE,27,0.2056969341895267,0.9985315799713135,0.014774688967952022,0.4074074074074074,0.14814814814814814,0.4444444444444444
aTuQOFM29Iw,28,0.20549693197660548,0.945417582988739,-0.5650332144328526,0.07142857142857142,0.14285714285714285,0.7857142857142857
hX3Mcjpu8Yo,24,0.20528857794609698,0.9935306906700134,0.014184226592381796,0.375,0.25,0.375
QQ8ZN46Val4,29,0.2051938833159009,0.9856217503547668,0.03587176881987473,0.41379310344827586,0.06896551724137931,0.5172413793103449
CJUhNjsa46Q,27,0.20501186884508502,0.9513578414916992,0.4268358460179082,0.6296296296296297,0.14814814814814814,0.2222222222222222
mIeA0tpF74U,19,0.2049996989203225,0.9902514219284058,-0.3409508498091447,0.10526315789473684,0.3157894736842105,0.5789473684210527
1fLr8QlHZXE,18,0.20494491032311796,0.9120382070541382,-0.305642553501659,0.1111111111111111,0.3888888888888889,0.5
9rpA_3ELsxI,23,0.20487227875476136,0.9785929322242737,0.03781839039014733,0.30434782608695654,0.34782608695652173,0.34782608695652173
PafA_T_y510,10,0.2047915618517436,0.9565525650978088,-0.44038940966129303,0.1,0.1,0.8
M_WtFNtN1-Q,28,0.20465846255787515,0.9930970072746277,0.21295418803180968,0.5357142857142857,0.07142857142857142,0.39285714285714285
c5KAo8m0sxM,24,0.20417350457864814,0.9789547920227051,-0.028701501588026684,0.3333333333333333,0.2916666666666667,0.375
lBm0CqwHv_s,22,0.20363783852504144,0.9971580505371094,-0.4519919671795585,0.045454545454545456,0.36363636363636365,0.5909090909090909
aiFLs94e4e4,24,0.20314536907001943,0.9965921640396118,-0.26919664815068245,0.16666666666666666,0.2916666666666667,0.5416666666666666
pqNFOJWFVQQ,28,0.2031313638768292,0.9637165665626526,0.14864749035664968,0.5,0.14285714285714285,0.35714285714285715
QFY_oqF1yOY,26,0.20277735485713214,0.9834179282188416,-0.112306514611611,0.34615384615384615,0.19230769230769232,0.46153846153846156
fO3xE9-KykQ,5,0.20261070925043895,0.6666746735572815,-0.568590784072876,0.2,0.0,0.8
0cXm5iBJM6s,22,0.20225218473404477,0.9627402424812317,0.05721067569472573,0.3181818181818182,0.36363636363636365,0.3181818181818182
2Lw5jO_mr0c,21,0.20221312664770744,0.9906949996948242,0.13457770290828885,0.3333333333333333,0.47619047619047616,0.19047619047619047
IvpBmw31xJM,23,0.20206515398382655,0.9846087098121643,0.30290151160696277,0.5217391304347826,0.34782608695652173,0.13043478260869565
MYel6s7_geo,24,0.2019835595613889,0.9792049527168274,-0.4018687916298707,0.08333333333333333,0.2916666666666667,0.625
kpY1R6MFJ-Q,24,0.20172477358573815,0.8249595165252686,0.053337122003237404,0.3333333333333333,0.2916666666666667,0.375
gQrRg4atQLA,22,0.2014021963166835,0.9931060671806335,0.022003341804851185,0.3181818181818182,0.4090909090909091,0.2727272727272727
JLajx5-CPz8,22,0.2011091141744559,0.9953384399414062,-0.02107099105011333,0.2727272727272727,0.45454545454545453,0.2727272727272727
4Zr7plwPXPs,26,0.20104716165447967,0.9775910377502441,-0.2448756190446707,0.2692307692307692,0.15384615384615385,0.5769230769230769
6oh86Y-9FVs,26,0.20073399904112404,0.9813201427459717,0.1445576181778541,0.4230769230769231,0.23076923076923078,0.34615384615384615
eDvkwRnTgnw,24,0.2006657345482381,0.9957697987556458,-0.20125523582100868,0.20833333333333334,0.3333333333333333,0.4583333333333333
-lUFpw6dXIY,24,0.20066508979410477,0.9626775979995728,-0.19168409953514734,0.20833333333333334,0.3333333333333333,0.4583333333333333
5-p1cJ9qBG8,23,0.19987336873663994,0.991584300994873,0.27127095538636914,0.4782608695652174,0.34782608695652173,0.17391304347826086
c-kx6nlvc6k,24,0.1996112828104136,0.9947392344474792,-0.15161301319797835,0.25,0.2916666666666667,0.4583333333333333
8fq3i3lbHaw,27,0.19918049437735505,0.9956835508346558,0.4078603475182145,0.6296296296296297,0.14814814814814814,0.2222222222222222
QHUSt-AiSlg,22,0.19916598432676189,0.9912891387939453,-0.012202620506286621,0.2727272727272727,0.45454545454545453,0.2727272727272727
P5umhX4SbuI,17,0.19912598978193916,0.9400348663330078,-0.13309235783184276,0.23529411764705882,0.35294117647058826,0.4117647058823529
0Xb5UOT5_7g,24,0.19906938161390522,0.9964313507080078,-0.10120265061656634,0.25,0.3333333333333333,0.4166666666666667
GNrBlGlwbeE,18,0.19899339195237392,0.7757851481437683,0.2610597345564101,0.3333333333333333,0.6666666666666666,0.0
-jI-zsqAoGc,24,0.19852699962939369,0.9596154689788818,-0.07608246306578319,0.2916666666666667,0.2916666666666667,0.4166666666666667
3L26oI4iLHI,24,0.1982083872620327,0.9647062420845032,-0.1870931200683117,0.25,0.25,0.5
FMGuGoGEnhs,26,0.19797220860625833,0.9641820788383484,0.2292449141924198,0.5769230769230769,0.15384615384615385,0.2692307692307692
NkbZ7fwr-1E,24,0.19721077168166326,0.9774489998817444,-0.12805036827921867,0.2916666666666667,0.2916666666666667,0.4166666666666667
hKfZxUzjnlc,26,0.19702031138093354,0.9784401655197144,-0.19903992001826948,0.2692307692307692,0.19230769230769232,0.5384615384615384
NWBt93duF0U,24,0.19697550321143353,0.993709921836853,-0.16633119558294615,0.20833333333333334,0.25,0.5416666666666666
JnqJ8p7fGSs,24,0.1965903557720594,0.9899907112121582,-0.362112062672774,0.125,0.25,0.625
30cp9pY-82c,24,0.19641370615621176,0.9569000601768494,-0.1849194938937823,0.25,0.25,0.5
6zUmJMsEcIQ,22,0.19636988785879855,0.9284295439720154,0.12756996534087442,0.36363636363636365,0.4090909090909091,0.22727272727272727
GSGMchEKFyU,27,0.1963215155733956,0.71830153465271,-0.6123564817287304,0.07407407407407407,0.14814814814814814,0.7777777777777778
EXlvjyC0hzo,24,0.19538461679864363,0.9560127854347229,-0.06268683696786563,0.2916666666666667,0.25,0.4583333333333333
eincjq-0R3c,23,0.19490308870318468,0.9825279116630554,0.1880443627419679,0.43478260869565216,0.34782608695652173,0.21739130434782608
HoLOj0R9REE,26,0.19481154023042807,0.983814537525177,0.0999879722411816,0.4230769230769231,0.19230769230769232,0.38461538461538464
BDk7Xesvn3A,28,0.1947446291430554,0.9557790756225586,0.004152890826974597,0.4642857142857143,0.10714285714285714,0.42857142857142855
pbgTRab0ffk,26,0.19471756822223632,0.9909895658493042,0.3834683963885674,0.6538461538461539,0.15384615384615385,0.19230769230769232
ltPTTjiYf40,3,0.19451610792505866,0.5775108337402344,0.14662096897761026,0.3333333333333333,0.3333333333333333,0.3333333333333333
20gM14BXiNg,21,0.1944310532611174,0.9612838625907898,-0.0892012630190168,0.19047619047619047,0.47619047619047616,0.3333333333333333
MqG9P3LvocY,24,0.19417566705669742,0.9022262096405029,-0.2489148477713267,0.16666666666666666,0.3333333333333333,0.5
6M_O-kfXr7s,20,0.1938648513343651,0.9810838103294373,-0.059708517789840695,0.2,0.5,0.3
PlNzR3BxvY8,24,0.1926200052597172,0.9854147434234619,-0.05824177712202072,0.3333333333333333,0.25,0.4166666666666667
hqENx3qOzPQ,30,0.1924821052098802,0.9960436820983887,-0.4488455593585968,0.2,0.06666666666666667,0.7333333333333333
Pvm51xFwuJA,27,0.19227478939272394,0.9958256483078003,0.0011297939000306306,0.4074074074074074,0.14814814814814814,0.4444444444444444
3g7VCdGQPDc,24,0.1922407593059082,0.924733579158783,-0.18532826627294222,0.25,0.25,0.5
3OH-4alicRE,24,0.1917059801198775,0.9906302094459534,0.008158835271994272,0.375,0.25,0.375
xUrrguHV5SI,27,0.19142950489401334,0.7954230904579163,-0.14706303675969443,0.2962962962962963,0.14814814814814814,0.5555555555555556
dWLdBvd_unQ,24,0.19124717234565955,0.9621237516403198,-0.4093229944507281,0.08333333333333333,0.25,0.6666666666666666
8yoMi0FVQ5Y,28,0.19120759339421056,0.9950606226921082,-0.5668959479246821,0.14285714285714285,0.07142857142857142,0.7857142857142857
8cM2EAaJW6I,26,0.19115049732052006,0.9400843977928162,-0.027138056663366463,0.34615384615384615,0.23076923076923078,0.4230769230769231
Hj0r2xXXYfs,5,0.1908596015535295,0.9517744779586792,0.5724568009376526,0.6,0.4,0.0
RFJwXj1opUU,22,0.1904522087954154,0.9135587811470032,-0.05274784158576618,0.2727272727272727,0.36363636363636365,0.36363636363636365
JJPF-HdvLpg,24,0.19037344188351804,0.995646059513092,0.07311403378844261,0.375,0.2916666666666667,0.3333333333333333
niN8WFJHw5M,25,0.19036615575198085,0.835900068283081,-0.2896422910690308,0.16,0.24,0.6
CaavAUUoRVE,9,0.19021801224961463,0.8533693552017212,-0.3754285971323649,0.1111111111111111,0.2222222222222222,0.6666666666666666
P2krQTYuscY,20,0.19007741133100353,0.9898188710212708,-0.13991129398345947,0.2,0.5,0.3
r8gJzVwTC2o,22,0.189900324735473,0.9899129867553711,-0.03797490623864261,0.2727272727272727,0.36363636363636365,0.36363636363636365
jFJG-fv62V4,24,0.18985456016040794,0.9539728760719299,0.040301029880841575,0.3333333333333333,0.3333333333333333,0.3333333333333333
5cywacFawWs,24,0.18964058806886896,0.9880764484405518,0.183299803485473,0.4166666666666667,0.3333333333333333,0.25
j9-68s-Z6z4,23,0.18859078968956094,0.9576180577278137,-0.09549125769863957,0.2608695652173913,0.34782608695652173,0.391304347826087
pFqc491jewM,26,0.18837920181641282,0.9465668797492981,-0.3555948596734267,0.15384615384615385,0.23076923076923078,0.6153846153846154
c60hB-Csthw,24,0.18825382216164144,0.924303412437439,-0.13261368374029794,0.25,0.2916666666666667,0.4583333333333333
f-egGrIq2s4,26,0.18806333896086122,0.9904012084007263,-0.1256930954181231,0.2692307692307692,0.23076923076923078,0.5
mxhSWYyX9eo,25,0.18805430197622627,0.9604510068893433,-0.3670691180229187,0.12,0.24,0.64
J13NvtUmVCw,26,0.18651542535427815,0.9643797278404236,-0.018951390798275288,0.34615384615384615,0.23076923076923078,0.4230769230769231
e84B-cwUJm8,27,0.1864317189341549,0.9591830372810364,0.3465798530313704,0.5925925925925926,0.14814814814814814,0.25925925925925924
6gEY_uV5TF4,28,0.1863618021099163,0.9887580871582031,0.30657938548496794,0.6071428571428571,0.14285714285714285,0.25
nfirJM7Qy6k,26,0.18589790398031114,0.9644507169723511,0.31702720431181103,0.5384615384615384,0.23076923076923078,0.23076923076923078
FF10GZqWpOc,28,0.1855503947465747,0.9240768551826477,-0.3124407987509455,0.21428571428571427,0.14285714285714285,0.6428571428571429
BSkDJ7eCpb8,26,0.1849019009163245,0.9530791640281677,-0.6127116978168488,0.038461538461538464,0.19230769230769232,0.7692307692307693
fvwC1551lGc,28,0.18453978144472266,0.9767097234725952,-0.3653103709220886,0.21428571428571427,0.14285714285714285,0.6428571428571429
b78qJYJsy3Y,22,0.18390107585847462,0.975346028804779,0.03147692842917009,0.2727272727272727,0.45454545454545453,0.2727272727272727
DPDPx5xOOcA,26,0.18367982945458677,0.8815691471099854,-0.13831108006147239,0.3076923076923077,0.19230769230769232,0.5
gqNiY0Pe1vo,25,0.18364953294862063,0.9400804042816162,-0.4134325098991394,0.12,0.24,0.64
D-_LU29MVvU,22,0.1833029325696936,0.8578267693519592,-0.14737486026503824,0.22727272727272727,0.36363636363636365,0.4090909090909091
7zTdXoPoPqY,24,0.18327506439527497,0.9853571057319641,-0.5221398745973905,0.0,0.3333333333333333,0.6666666666666666
GgD-WIoIJaY,24,0.18312295404515075,0.9931517839431763,-0.3292391424377759,0.125,0.2916666666666667,0.5833333333333334
D9T3YcgBIVA,29,0.1824362039915286,0.9501345753669739,-0.1137800956594533,0.3793103448275862,0.06896551724137931,0.5517241379310345
G_uQ0FWkBSE,24,0.18223247504647588,0.9532456994056702,-0.30535351609190303,0.16666666666666666,0.25,0.5833333333333334
Y-FJ7OJ8iaQ,26,0.18172159670099902,0.9951856732368469,0.14292531517835763,0.46153846153846156,0.19230769230769232,0.34615384615384615
yEpsfaSr7F8,25,0.1816634290898219,0.9489293098449707,-0.3791401076316834,0.12,0.24,0.64
4NaPmdUxHr0,27,0.18158726782658724,0.9959161877632141,0.12087344461017185,0.48148148148148145,0.14814814814814814,0.37037037037037035
d7d_9oGvdoE,27,0.18120849960164545,0.9704201817512512,-0.17160652964203446,0.2962962962962963,0.14814814814814814,0.5555555555555556
FVhgCYyyAG8,24,0.17996606778130322,0.9914551973342896,-0.16311987241109213,0.25,0.25,0.5
M3KWHD5ePic,26,0.17992302119651307,0.9653042554855347,-0.14734458923339844,0.3076923076923077,0.15384615384615385,0.5384615384615384
8ag9kQTa9Ys,22,0.17990201751606286,0.9643093347549438,-0.029949518767270176,0.2727272727272727,0.45454545454545453,0.2727272727272727
qioV6GYNsG4,28,0.17978088474774268,0.9892950654029846,-0.4918580821582249,0.07142857142857142,0.14285714285714285,0.7857142857142857
Km4n_QcF2K0,23,0.17897667769980413,0.9948540329933167,-0.11350015971971594,0.2608695652173913,0.34782608695652173,0.391304347826087
at3GD23vjFk,22,0.17884860410016368,0.9952706694602966,0.21329740502617575,0.45454545454545453,0.36363636363636365,0.18181818181818182
JKZVRxphLh0,24,0.17862606292086033,0.9926714897155762,0.05997903893391291,0.375,0.2916666666666667,0.3333333333333333
QZP-lC8SaU0,24,0.17813836406033565,0.8981974124908447,0.18947960684696832,0.4583333333333333,0.25,0.2916666666666667
fgQQECwB3OA,22,0.17799310147794048,0.989874005317688,-0.21624857458201321,0.18181818181818182,0.36363636363636365,0.45454545454545453
bymvBwl06e8,23,0.1779378456691199,0.9257883429527283,0.3628563647684844,0.5217391304347826,0.34782608695652173,0.13043478260869565
JjlMQfFaYjc,24,0.17793156078793496,0.9934340715408325,-0.31568003197511035,0.16666666666666666,0.2916666666666667,0.5416666666666666
pcYA9RfiEKw,27,0.17786569243805758,0.9340875744819641,0.311520638289275,0.5925925925925926,0.14814814814814814,0.25925925925925924
8emNe2tDQh4,22,0.1772356280443174,0.7907332181930542,-0.11310471187938344,0.22727272727272727,0.36363636363636365,0.4090909090909091
Qpb7qRuEdX4,26,0.17710663902331503,0.9987560510635376,-0.3284054169288048,0.19230769230769232,0.15384615384615385,0.6538461538461539
i82ysMhXsNY,26,0.1769985001301393,0.9864258766174316,-0.5138670790653962,0.07692307692307693,0.19230769230769232,0.7307692307692307
_MbqsosIzoc,17,0.1764041488058865,0.987019419670105,0.00304294509046218,0.29411764705882354,0.35294117647058826,0.35294117647058826
lrJpL5jNb-Q,26,0.17630031816392708,0.9715747833251953,-0.32293998392728657,0.19230769230769232,0.23076923076923078,0.5769230769230769
NuRGMajyET8,23,0.1762065228641681,0.9943639039993286,-0.35169149870457855,0.08695652173913043,0.34782608695652173,0.5652173913043478
_fkCbMtRqQU,24,0.17573387487209402,0.9433705806732178,-0.29083608215053874,0.16666666666666666,0.2916666666666667,0.5416666666666666
Ob_DAW6LSMU,30,0.17543435812500927,0.9966764450073242,-0.3211592545111974,0.23333333333333334,0.06666666666666667,0.7
ds650ZVFgyc,26,0.17525191403379162,0.8999514579772949,-0.4590076758311345,0.11538461538461539,0.15384615384615385,0.7307692307692307
p5ojxMtxjGI,28,0.17510292100944622,0.9584581851959229,-0.3132264454449926,0.21428571428571427,0.14285714285714285,0.6428571428571429
D9N9KoxXTpI,24,0.17494199814488334,0.9887729287147522,0.0064291929205258684,0.3333333333333333,0.25,0.4166666666666667
K908TsWH9JI,24,0.17484818000957603,0.797157347202301,-0.00011786694327990214,0.3333333333333333,0.2916666666666667,0.375
JcB_bepJ7Lw,22,0.17463066647972234,0.9671811461448669,0.07510226287625053,0.36363636363636365,0.4090909090909091,0.22727272727272727
_R4HVauTxx4,24,0.17420214461162686,0.9923022985458374,-0.08225675548116367,0.2916666666666667,0.2916666666666667,0.4166666666666667
-rEhoAGxEzA,26,0.17417563599435829,0.9753867387771606,0.18867268699866074,0.5,0.23076923076923078,0.2692307692307692
l5nJCaqhAOc,26,0.17403470303487176,0.9988308548927307,0.08694467980128068,0.4230769230769231,0.23076923076923078,0.34615384615384615
1jGXSEowauk,26,0.17391534170691067,0.9841975569725037,-0.010952076086631188,0.38461538461538464,0.15384615384615385,0.46153846153846156
GHcf38HEAgs,24,0.17389803987316554,0.8597806096076965,-0.0100607102115949,0.375,0.25,0.375
RDhoCbdC8p0,21,0.17385257296596787,0.9815453886985779,-0.3158162832260132,0.047619047619047616,0.47619047619047616,0.47619047619047616
4Bv6k5atHa8,25,0.17332252203021198,0.9898760914802551,0.008469038009643555,0.36,0.24,0.4
YXRL02rUEDM,26,0.17291018345097725,0.9723383784294128,0.23148236251794374,0.5384615384615384,0.15384615384615385,0.3076923076923077
30oQ1P4xyEw,25,0.17290719989687203,0.8090433478355408,0.20115476846694946,0.48,0.24,0.28
-VPwF0iyIa4,24,0.17254567880687924,0.9305439591407776,-0.43663061037659645,0.08333333333333333,0.25,0.6666666666666666
cE3KraZFHro,26,0.17177191164004257,0.9634519815444946,-0.530199320270465,0.038461538461538464,0.23076923076923078,0.7307692307692307
-fugHnFYbtc,26,0.17166657817702238,0.8664146065711975,-0.3354094819380687,0.15384615384615385,0.23076923076923078,0.6153846153846154
OPOWZq7guOI,25,0.1715916901594028,0.8621994853019714,-0.24369713187217712,0.24,0.2,0.56
r8LGqwk0rMg,22,0.17150003744278697,0.9442113637924194,-0.1697156009348956,0.18181818181818182,0.4090909090909091,0.4090909090909091
ihhr7pxthac,26,0.1714815276522691,0.9781508445739746,-0.24605921598581168,0.23076923076923078,0.19230769230769232,0.5769230769230769
p8riRqfGdwY,22,0.17130563930946996,0.9322227239608765,-0.29539144851944665,0.09090909090909091,0.4090909090909091,0.5
GYsmWhrtuFY,23,0.1710745453930703,0.974665641784668,-0.15198517364004385,0.2608695652173913,0.34782608695652173,0.391304347826087
oDQm5zsk2E8,25,0.17096712114289403,0.9370871186256409,-0.2878652358055115,0.16,0.24,0.6
6rKnwRYP0_4,24,0.1706675251868243,0.9863412976264954,0.007267584403355916,0.375,0.2916666666666667,0.3333333333333333
EgR0PMCAmWc,27,0.17061212246470084,0.9473876357078552,-0.50074334497805,0.1111111111111111,0.14814814814814814,0.7407407407407407
xqvkHLatvE8,26,0.17043252306533618,0.9857785701751709,0.04911052722197313,0.4230769230769231,0.19230769230769232,0.38461538461538464
CHv0TGnwrxw,26,0.17038603809151726,0.8935574293136597,0.4365967305806967,0.6153846153846154,0.23076923076923078,0.15384615384615385
K4ebIMuIH2U,24,0.17022460363902306,0.985308825969696,-0.08469995732108752,0.2916666666666667,0.2916666666666667,0.4166666666666667
f0bgHQSWfpo,26,0.17013284496183936,0.9856008887290955,-0.2643089030797665,0.23076923076923078,0.15384615384615385,0.6153846153846154
QEinMM8J5hc,23,0.16953165994946967,0.8934791088104248,-0.1531924942265386,0.21739130434782608,0.34782608695652173,0.43478260869565216
I5HnICNKexQ,25,0.16916308651678263,0.9914763569831848,-0.011888504028320312,0.36,0.24,0.4
5ZQndj9kMJA,25,0.16907232992351054,0.994753360748291,-0.20928236484527588,0.24,0.24,0.52
aXnRov715BI,24,0.1688063122855965,0.9945107698440552,-0.04354707648356756,0.3333333333333333,0.25,0.4166666666666667
-7TGm7ARWEs,24,0.16880515081478129,0.6708874702453613,0.18579270939032236,0.4166666666666667,0.2916666666666667,0.2916666666666667
qiAlQebKuZo,26,0.16878118215110868,0.981687605381012,-0.1960222996198214,0.2692307692307692,0.19230769230769232,0.5384615384615384
PkfkATF5POk,6,0.16855635235939795,0.9952192902565002,0.23268980781237283,0.5,0.3333333333333333,0.16666666666666666
7sZEHM0Re9I,26,0.1684516942880761,0.9848294854164124,-0.38979654816480785,0.11538461538461539,0.23076923076923078,0.6538461538461539
-n5XhzONrb0,22,0.16814410205485977,0.9930463433265686,-0.19700144908644937,0.13636363636363635,0.45454545454545453,0.4090909090909091
br9dVphoCVs,22,0.16789115853978068,0.9660178422927856,0.02682084928859364,0.3181818181818182,0.36363636363636365,0.3181818181818182
07MpHFgau7M,24,0.16788198255138317,0.9265626668930054,-0.320745966086785,0.16666666666666666,0.25,0.5833333333333334
6ivEhus9sI4,24,0.167744130458838,0.9373374581336975,-0.22676235809922218,0.20833333333333334,0.16666666666666666,0.625
5aJlj3KXMqU,25,0.16760820511495694,0.9935520887374878,0.0647969126701355,0.4,0.24,0.36
RUSb33fzRdk,24,0.16736538683229205,0.9054512977600098,0.06990732252597809,0.375,0.2916666666666667,0.3333333333333333
jGq1udkAwEs,26,0.16679571007261984,0.9468594193458557,-0.006914408161089971,0.38461538461538464,0.15384615384615385,0.46153846153846156
0r8Qqab4duU,22,0.1666311094727875,0.9938643574714661,-0.22077111222527243,0.09090909090909091,0.45454545454545453,0.45454545454545453
qHCjUk3XrVE,27,0.16657617313494147,0.9821182489395142,-0.6207025823769746,0.037037037037037035,0.14814814814814814,0.8148148148148148
7eth383xNX8,26,0.16633243618819576,0.9804306626319885,-0.5696781369356009,0.038461538461538464,0.23076923076923078,0.7307692307692307
9b7rML3uLMI,23,0.16626863572341594,0.9821773767471313,-0.11018092217652695,0.2608695652173913,0.34782608695652173,0.391304347826087
dCM1U7PwTc4,28,0.16577575800848926,0.9815104007720947,-0.647651235972132,0.03571428571428571,0.10714285714285714,0.8571428571428571
13Viop0fz5s,24,0.16576202577077007,0.8145555257797241,-0.23421788960695267,0.16666666666666666,0.2916666666666667,0.5416666666666666
IAQ8AbZ2VOo,24,0.1652527456220317,0.9818570017814636,-0.4160547877351443,0.08333333333333333,0.2916666666666667,0.625
6UufLRMFd_Y,23,0.1652254239863554,0.9902635812759399,-0.026072270196417103,0.30434782608695654,0.34782608695652173,0.34782608695652173
KVRZ8n0u39Y,24,0.16473046263611954,0.9384253621101379,-0.05149597177902857,0.3333333333333333,0.2916666666666667,0.375
PMDnyQd3Fl4,20,0.16463793528964743,0.9914100766181946,0.05709278583526611,0.3,0.5,0.2
IwBA7JXsr6Q,4,0.1642798063403461,0.6245324611663818,-0.7081217914819717,0.0,0.0,1.0
0RLDoJSjdDM,28,0.16425076611215314,0.8728456497192383,-0.2503430077007839,0.2857142857142857,0.10714285714285714,0.6071428571428571
-vRSIPxbYqI,25,0.16346601653145626,0.8782141804695129,0.03127136707305908,0.4,0.24,0.36
KGGh6ZSsXu4,24,0.16338487463023435,0.812745988368988,-0.27296846359968185,0.125,0.3333333333333333,0.5416666666666666
MIPwcaop3eQ,23,0.16326921105222858,0.9768567681312561,-0.16264156932416168,0.21739130434782608,0.34782608695652173,0.43478260869565216
9Z-Vow_uTgc,26,0.16285070427917303,0.9788854718208313,-0.3919832110404968,0.11538461538461539,0.23076923076923078,0.6538461538461539
FWGCs0EY_mo,23,0.16284001483733807,0.9669569730758667,0.04112159169238547,0.34782608695652173,0.34782608695652173,0.30434782608695654
9rTF-NaPkQ4,6,0.16257540307318172,0.9656369686126709,0.40499826272328693,0.6666666666666666,0.16666666666666666,0.16666666666666666
Jw9yQvKDDU0,21,0.1621521000412204,0.9406508803367615,-0.13229995965957642,0.19047619047619047,0.47619047619047616,0.3333333333333333
nshOzf2KsW0,22,0.16213380096914162,0.9915602803230286,-0.06586295908147638,0.22727272727272727,0.4090909090909091,0.36363636363636365
aQSYudASEgM,28,0.16200475852487475,0.9949591159820557,0.13797662939344132,0.4642857142857143,0.14285714285714285,0.39285714285714285
p7esrte9_vg,23,0.16152100723854307,0.9745892286300659,0.004376446423323258,0.34782608695652173,0.34782608695652173,0.30434782608695654
7AoQQxEabYc,24,0.16116523647603267,0.9744552969932556,-0.18636410186688104,0.25,0.25,0.5
6UbKHmRlXSM,24,0.1608405346511669,0.9839402437210083,-0.4666605144739151,0.041666666666666664,0.2916666666666667,0.6666666666666666
J8VhsN10amY,23,0.16066415071912596,0.8553698062896729,-0.25679708563763165,0.17391304347826086,0.34782608695652173,0.4782608695652174
Xxgx-k5uJhc,23,0.160588173770204,0.8537828922271729,-0.3505384896112525,0.08695652173913043,0.34782608695652173,0.5652173913043478
_zE0hc9wAos,24,0.16054402084895023,0.9933615922927856,0.1398888702193896,0.4166666666666667,0.2916666666666667,0.2916666666666667
bzzWW50dvl0,15,0.16048135571569824,0.9835574626922607,0.029616300264994302,0.4,0.13333333333333333,0.4666666666666667
DIkkpwTydvA,27,0.1604699497175817,0.9885879755020142,0.18505087163713244,0.5185185185185185,0.14814814814814814,0.3333333333333333
7T13spEROV0,28,0.16045794888590795,0.9010509848594666,-0.1854974702000618,0.2857142857142857,0.14285714285714285,0.5714285714285714
-ofCtKbukeM,22,0.16041548115688123,0.8285256028175354,-0.41982547261498193,0.045454545454545456,0.36363636363636365,0.5909090909090909
JiyQDPv0Nks,4,0.16009795624995604,0.4926665127277374,0.013874992728233337,0.25,0.5,0.25
J-k7MtbYYpU,20,0.16009343959158287,0.9764577746391296,0.12505428194999696,0.35,0.5,0.15
Bv1ETnuMRbM,22,0.16008351190248504,0.8497985601425171,-0.016209721565246582,0.2727272727272727,0.4090909090909091,0.3181818181818182
HSP15vdW9B8,24,0.15992987958694962,0.984983503818512,-0.23849823946754137,0.16666666666666666,0.2916666666666667,0.5416666666666666
8D1KrY1m9gU,26,0.15982584351485668,0.9837194681167603,-0.25122209466420686,0.19230769230769232,0.23076923076923078,0.5769230769230769
L8CPQmdOAdw,23,0.15923241297360105,0.9968710541725159,-0.11569186008494833,0.2608695652173913,0.34782608695652173,0.391304347826087
Gmb7ntcNMwM,22,0.15889176209351386,0.9596265554428101,0.05223320424556732,0.3181818181818182,0.36363636363636365,0.3181818181818182
8dtpcOXCZwU,28,0.15812237676332838,0.8728480339050293,-0.3275400495954922,0.21428571428571427,0.14285714285714285,0.6428571428571429
amqe2W3-lP0,26,0.15805986645192696,0.9909101128578186,-0.3056822671340062,0.19230769230769232,0.23076923076923078,0.5769230769230769
L1lAXB77xjM,24,0.1580335165199358,0.9739986062049866,-0.23933184271057448,0.16666666666666666,0.2916666666666667,0.5416666666666666
0NaKJ9KM6Iw,27,0.15790315079761463,0.9942367076873779,-0.3821520407994588,0.14814814814814814,0.14814814814814814,0.7037037037037037
381t-XrYv-s,28,0.15766925311306426,0.9840819835662842,0.5693729030234473,0.75,0.10714285714285714,0.14285714285714285
c0MYabkH84s,24,0.1574572143702729,0.9566794037818909,0.10818946858247121,0.375,0.2916666666666667,0.3333333333333333
f4LsczpDJw8,26,0.15729959972892316,0.9481869339942932,-0.2898649309690182,0.23076923076923078,0.19230769230769232,0.5769230769230769
Qq0ts6y6ga0,14,0.15726497004340803,0.8849930167198181,0.0838462667805808,0.35714285714285715,0.2857142857142857,0.35714285714285715
1-SrTrQanl4,24,0.15694068445979306,0.7902730703353882,-0.029018210868040722,0.3333333333333333,0.25,0.4166666666666667
-8VkeUcYiVU,26,0.15638605194936434,0.9264340400695801,0.2681285704557712,0.5384615384615384,0.23076923076923078,0.23076923076923078
roEtfSJZ7Ys,26,0.1561942519306635,0.9716807007789612,-0.12876543402671814,0.2692307692307692,0.23076923076923078,0.5
fnqwaK-YtJ8,24,0.15612512860874025,0.9966633915901184,-0.01003355160355568,0.3333333333333333,0.3333333333333333,0.3333333333333333
0sX746iR98A,19,0.155989147116136,0.987324595451355,0.12337922736218102,0.2631578947368421,0.631578947368421,0.10526315789473684
09ZNs0xIHjA,24,0.1555018912962017,0.9892594814300537,0.08444686233997345,0.375,0.3333333333333333,0.2916666666666667
0N8DVD82Lc0,15,0.15509308238591377,0.9650541543960571,-0.007649830977121989,0.4,0.13333333333333333,0.4666666666666667
RDQDoNRog3I,22,0.15502479983049192,0.9925246834754944,0.02619675343686884,0.2727272727272727,0.45454545454545453,0.2727272727272727
kKPAee0TNAM,27,0.1546012961598872,0.9986176490783691,0.2152252815387867,0.5185185185185185,0.14814814814814814,0.3333333333333333
88f3EJphx2c,18,0.15455004203573075,0.7434824109077454,0.00468731423219045,0.1111111111111111,0.7777777777777778,0.1111111111111111
iyhpvKYmics,24,0.15413596337505928,0.9802829027175903,0.03005497281750043,0.3333333333333333,0.3333333333333333,0.3333333333333333
DEeEjZ1_bO4,24,0.1540633987848802,0.7425261735916138,0.19999185452858606,0.4583333333333333,0.3333333333333333,0.20833333333333334
DNkkaAu2MMo,28,0.1537149806868651,0.9961661100387573,-0.21550295395510538,0.2857142857142857,0.10714285714285714,0.6071428571428571
RGbKSfUL9BQ,28,0.15359885075719962,0.9658913612365723,-0.2326797012771879,0.2857142857142857,0.14285714285714285,0.5714285714285714
il3ocXx7CHw,26,0.1535640150675765,0.9731338024139404,-0.2748810476981677,0.19230769230769232,0.23076923076923078,0.5769230769230769
Foj4CY7Vx-s,22,0.15334477387527426,0.9582953453063965,0.23941758275032043,0.45454545454545453,0.36363636363636365,0.18181818181818182
kK5uQcWFxgY,27,0.1532666636091933,0.9960362315177917,-0.614510299982848,0.037037037037037035,0.14814814814814814,0.8148148148148148
cmqIuNjuUE0,21,0.15311256031383805,0.9949354529380798,-0.021921194735027495,0.23809523809523808,0.47619047619047616,0.2857142857142857
AjneMXFq7xw,24,0.15301352554039718,0.9197243452072144,-0.211829986423254,0.20833333333333334,0.2916666666666667,0.5
LWfyBH1zTIg,26,0.1527945138357329,0.9782213568687439,0.08645085531931657,0.46153846153846156,0.15384615384615385,0.38461538461538464
kA_WARUX-yY,28,0.15274087391610788,0.9829980134963989,0.0984365918806621,0.4642857142857143,0.10714285714285714,0.42857142857142855
RMuyV4reItM,27,0.15271870297793713,0.8532637357711792,-0.2127490926671911,0.2962962962962963,0.14814814814814814,0.5555555555555556
QpHygFHoHAU,24,0.1523164095779066,0.9959447979927063,-0.2122346262137095,0.25,0.25,0.5
btbBWkZ2Y18,22,0.1520281637547834,0.8242880702018738,0.23171632940118964,0.4090909090909091,0.4090909090909091,0.18181818181818182
03mf2ncf1ok,22,0.1519699013257526,0.9921139478683472,-0.4776411164890636,0.045454545454545456,0.2727272727272727,0.6818181818181818
ImPZAoWWBdY,19,0.1516990378333599,0.7608190178871155,-0.1786156814349325,0.05263157894736842,0.631578947368421,0.3157894736842105
mzT-kZiKARc,21,0.15163157826256274,0.8675577640533447,-0.1810799226874397,0.09523809523809523,0.47619047619047616,0.42857142857142855
GqewkYYdTQE,29,0.1515535081431655,0.9879900813102722,-0.08323976397514343,0.41379310344827586,0.06896551724137931,0.5172413793103449
8182USCFRYs,22,0.15126181805813263,0.9927409291267395,-0.23469247194853696,0.13636363636363635,0.4090909090909091,0.45454545454545453
enFY2M_6BBs,21,0.1510774325080482,0.9521525502204895,-0.05033365601585025,0.23809523809523808,0.47619047619047616,0.2857142857142857
BKCvkgBCTv0,22,0.15106241990261796,0.9704629778862,0.00029593706130981445,0.3181818181818182,0.36363636363636365,0.3181818181818182
aZVprpxxAEM,26,0.15075305662153718,0.9973982572555542,0.001150502608372615,0.4230769230769231,0.15384615384615385,0.4230769230769231
mIuUUbQVuO0,27,0.15026246782832053,0.9901482462882996,-0.2352745599216885,0.25925925925925924,0.14814814814814814,0.5925925925925926
4SGTbGOu2xw,5,0.1500540559878573,0.7347287535667419,0.08168748617172242,0.4,0.4,0.2
GlNe6J5ddMc,26,0.14965844945534348,0.9824193716049194,0.2580964175554422,0.5384615384615384,0.19230769230769232,0.2692307692307692
oMr5Yw0ZU38,24,0.14947811132636465,0.868091344833374,-0.536895235379537,0.0,0.2916666666666667,0.7083333333333334
_YFuwimETCo,24,0.14934815127101805,0.9392666220664978,0.015112592528263727,0.2916666666666667,0.3333333333333333,0.375
7D_2gzRNwtw,21,0.14924046080947542,0.966985821723938,0.12297400974092029,0.3333333333333333,0.47619047619047616,0.19047619047619047
0B6EfTKe1fg,22,0.1492224794029343,0.9684059023857117,-0.1247516233812679,0.18181818181818182,0.45454545454545453,0.36363636363636365
KBLqOez9HdM,24,0.1485859369034491,0.9820327162742615,0.23175209512313208,0.4583333333333333,0.3333333333333333,0.20833333333333334
psjv_z4E-sQ,25,0.1483166596107185,0.9894483089447021,0.10648485898971558,0.44,0.24,0.32
68hTieVyP30,28,0.14831252035634993,0.9303075075149536,-0.6495686045714787,0.03571428571428571,0.14285714285714285,0.8214285714285714
mTj6JVLJ01E,26,0.1481203056688313,0.9765512943267822,-0.030184279267604534,0.38461538461538464,0.15384615384615385,0.46153846153846156
zfvw_vnmRYQ,26,0.14789723098958626,0.9925340414047241,-0.0653328884106416,0.38461538461538464,0.15384615384615385,0.46153846153846156
gxiy1jpzWvU,24,0.14778798540404145,0.9958969354629517,-0.046521914501984916,0.3333333333333333,0.2916666666666667,0.375
haYEZpXnC5o,28,0.1472565172859634,0.9760701060295105,0.11788981833628245,0.4642857142857143,0.14285714285714285,0.39285714285714285
2GE6x2LHuWE,11,0.14722000738732854,0.9532669186592102,-0.548363826491616,0.0,0.2727272727272727,0.7272727272727273
6Sw1_943VCg,23,0.14712660014882442,0.9913745522499084,-0.08046325393345045,0.2608695652173913,0.34782608695652173,0.391304347826087
XgMK__cSmho,26,0.14706225484349908,0.9799889326095581,0.41069915661445033,0.6153846153846154,0.19230769230769232,0.19230769230769232
FGmuE2KIOas,30,0.1469743084531122,0.7586352229118347,0.1001363754272461,0.5,0.03333333333333333,0.4666666666666667
FHbY-z0Pfvw,22,0.14646486400108022,0.9906631708145142,-0.16500910303809427,0.18181818181818182,0.4090909090909091,0.4090909090909091
4KS4dq1rOAk,24,0.1463563819003563,0.9921362400054932,0.46239621688922244,0.625,0.25,0.125
0L94fuX-4O0,27,0.1460661541075549,0.9956628680229187,0.003961707706804629,0.4444444444444444,0.14814814814814814,0.4074074074074074
5EBU_8-d7xA,23,0.1460374442217669,0.9037232995033264,-0.18393570184707642,0.21739130434782608,0.34782608695652173,0.43478260869565216
-0z1fHtwx-U,24,0.14601110792864347,0.9898520112037659,-0.0724790891011556,0.2916666666666667,0.3333333333333333,0.375
XjsdnyYj4Gc,24,0.14574671045799428,0.9976484179496765,-0.024694799135128658,0.3333333333333333,0.2916666666666667,0.375
4RtyPpfx1ZE,28,0.14567167449942126,0.8875962495803833,-0.4922711285097258,0.10714285714285714,0.14285714285714285,0.75
H2YcJkuAK8g,27,0.14566434470341644,0.996791422367096,-0.1023188575550362,0.3333333333333333,0.14814814814814814,0.5185185185185185
eDE91DEpI48,20,0.14535590780433266,0.8879456520080566,0.12541174590587617,0.25,0.6,0.15
5kmW9o_-8Xw,28,0.14509136823055865,0.9813334345817566,0.2071658404810088,0.5357142857142857,0.14285714285714285,0.32142857142857145
kMnuoeQN9yU,11,0.14500514689875257,0.7011503577232361,-0.27179771661758423,0.18181818181818182,0.2727272727272727,0.5454545454545454
r95jLiAJtaA,27,0.14490741597169457,0.9682224988937378,0.21645527195047448,0.5555555555555556,0.14814814814814814,0.2962962962962963
BNWMxqVE8g4,12,0.1445906440882633,0.9640403985977173,0.10330228259166081,0.4166666666666667,0.3333333333333333,0.25
Aq-xFgApLSQ,20,0.1442703619453823,0.869141161441803,-0.16064241230487825,0.1,0.55,0.35
n52_dMioKpY,20,0.1441262680076761,0.9870337247848511,-0.08989538550376892,0.15,0.55,0.3
qqJmlryhgiU,11,0.14406655834119936,0.6179046630859375,0.19220520149577747,0.5454545454545454,0.18181818181818182,0.2727272727272727
NqibhBQ-nCw,28,0.14405668049585074,0.9759969711303711,-0.029342774833951677,0.39285714285714285,0.14285714285714285,0.4642857142857143
KrdSOt0TNuE,24,0.14387730873568216,0.9906631708145142,0.23814132188757262,0.5,0.25,0.25
mmWilF-2vaM,26,0.14345467605296738,0.8875636458396912,-0.1839455652695436,0.23076923076923078,0.23076923076923078,0.5384615384615384
HhVIo9PeEWE,26,0.1433460647643257,0.9352102875709534,-0.21705253995381868,0.23076923076923078,0.23076923076923078,0.5384615384615384
pjus0TRvWek,14,0.14305432186146,0.9941200613975525,0.10517434562955584,0.5,0.07142857142857142,0.42857142857142855
chkxhgQykao,27,0.14304907110959497,0.982564389705658,0.13167360756132337,0.5185185185185185,0.14814814814814814,0.3333333333333333
-rEN1XoomMg,27,0.14272179154687803,0.9957382678985596,-0.015300949414571127,0.4074074074074074,0.14814814814814814,0.4444444444444444
aSDFN-mzgFE,22,0.1424870033356869,0.979121744632721,-0.003681537779894742,0.2727272727272727,0.4090909090909091,0.3181818181818182
1UWAWle0Y8s,24,0.14222344344792268,0.9960525035858154,0.3357188527782758,0.5416666666666666,0.2916666666666667,0.16666666666666666
55jl4gRHQ4k,22,0.1418580822567244,0.947510302066803,0.01945473931052468,0.3181818181818182,0.4090909090909091,0.2727272727272727
2VqFpmdrZlk,8,0.14164889017411042,0.9716524481773376,0.2594499737024307,0.5,0.25,0.25
92Zj-5qLaxg,24,0.14152362354798242,0.864401638507843,-0.04413697123527527,0.3333333333333333,0.25,0.4166666666666667
a7Dv14zqhXk,26,0.1414833412720607,0.9902140498161316,0.628715000473536,0.7307692307692307,0.23076923076923078,0.038461538461538464
6C1gMGz7z-s,24,0.14130730018708468,0.9794092774391174,-0.16809788097937903,0.25,0.25,0.5
1BQfaLth598,25,0.14118143199710176,0.9678530693054199,-0.15190365076065063,0.28,0.24,0.48
znT63TRyKHs,22,0.14108928849666633,0.9514638781547546,0.12620193578980185,0.36363636363636365,0.36363636363636365,0.2727272727272727
PofFN4QDVTA,24,0.14098035554828434,0.9890073537826538,0.36077235514918965,0.5833333333333334,0.25,0.16666666666666666
RjslzPg9hkc,24,0.1408117104389627,0.9967383742332458,-0.11485957105954488,0.2916666666666667,0.25,0.4583333333333333
2dXymnERejw,26,0.14076935631993154,0.9085664749145508,-0.1079404354095459,0.3076923076923077,0.19230769230769232,0.5
OXEP0HiZ4pE,26,0.14074963234732144,0.9312897324562073,0.05733553377481607,0.38461538461538464,0.23076923076923078,0.38461538461538464
_HlIelqBDkM,26,0.1406834776123735,0.9249074459075928,-0.523307706301029,0.038461538461538464,0.23076923076923078,0.7307692307692307
rAd0okZKDtw,23,0.14030159732741912,0.9341005682945251,-0.2727821365646694,0.13043478260869565,0.34782608695652173,0.5217391304347826
Yof-CSkxtYY,24,0.14025184547062963,0.9948793649673462,-0.00705271710952123,0.3333333333333333,0.25,0.4166666666666667
MDCBRRcGcyA,24,0.14005118185741594,0.9766839146614075,-0.32609663903713226,0.125,0.2916666666666667,0.5833333333333334
_r8eKK4Wmdk,26,0.1400326784104646,0.9934157133102417,0.325239346577571,0.5769230769230769,0.15384615384615385,0.2692307692307692
5SwqVDlt1o8,28,0.13972298352330523,0.9773650765419006,0.2785138934850693,0.5714285714285714,0.14285714285714285,0.2857142857142857
H9hZl5kB1Xs,26,0.13961147999193949,0.7900890707969666,-0.22863092101537263,0.23076923076923078,0.19230769230769232,0.5769230769230769
kCBWGI1n2z4,15,0.13947393842972816,0.9824520349502563,0.6909532348314921,0.8,0.13333333333333333,0.06666666666666667
DhwN1Jnu_eU,25,0.13940980785759166,0.9448714256286621,-0.19228330492973328,0.28,0.24,0.48
EnWfPubDyZ0,25,0.13938873987877742,0.9796715378761292,-0.028740975856781006,0.32,0.24,0.44
KdDn_ZXfZXA,24,0.13927926922042388,0.926895797252655,-0.00496471921602885,0.375,0.25,0.375
rGDs9er8m4w,26,0.1392609476371525,0.9616732001304626,-0.05717235918228443,0.34615384615384615,0.19230769230769232,0.46153846153846156
iqcguv2Mr9w,26,0.13921473724678016,0.8302784562110901,-0.21564768369381243,0.23076923076923078,0.23076923076923078,0.5384615384615384
IDzVn_7Z7nY,20,0.13911956888914573,0.9950124621391296,-0.10601213574409485,0.15,0.55,0.3
cOydnhJZdwg,25,0.13906483184779062,0.7906528115272522,-0.051655199527740475,0.32,0.24,0.44
8AKfoXFcMWk,22,0.1390309289351783,0.9690065383911133,0.2780185341835022,0.5,0.36363636363636365,0.13636363636363635
MUQGOz2QldM,20,0.13895568285079207,0.9612838625907898,-0.19630432426929473,0.05,0.6,0.35
k1AxhIFXf3U,25,0.1389393114997074,0.9177948236465454,-0.016703554391860963,0.32,0.24,0.44
FVSW8nt4vIo,20,0.1385804594872752,0.9737451672554016,0.036944729089736936,0.25,0.5,0.25
MVQzFIOqVEg,28,0.13838752334829355,0.9761033654212952,-0.5770674688475472,0.10714285714285714,0.07142857142857142,0.8214285714285714
YXCeHPHpX4M,10,0.13831439561909065,0.970210075378418,-0.19592108130455016,0.2,0.4,0.4
mHjVzZhLcA8,22,0.13799589368863963,0.7667697668075562,-0.2524935968897559,0.13636363636363635,0.36363636363636365,0.5
8ggrFiGRA9M,22,0.13791972256942905,0.947796106338501,0.03863126310435208,0.2727272727272727,0.45454545454545453,0.2727272727272727
drrEKDubKrU,28,0.13709653882584202,0.8194260001182556,0.11397239778723035,0.5,0.10714285714285714,0.39285714285714285
QcKNrNR7urM,24,0.13702872323968526,0.9935611486434937,-0.03471766163905462,0.3333333333333333,0.25,0.4166666666666667
PAdyG7Oj-jE,24,0.1368548313427406,0.8896165490150452,0.19555562858780226,0.4583333333333333,0.3333333333333333,0.20833333333333334
5d6SkGyTsWA,26,0.13628576597413763,0.9875074028968811,0.0755392645414059,0.46153846153846156,0.15384615384615385,0.38461538461538464
_iRiMDzqVpc,24,0.13616591339329412,0.9842893481254578,-0.004913245638211568,0.3333333333333333,0.25,0.4166666666666667
pJ3vqXTF0zM,22,0.13601584323491392,0.9802085161209106,-0.12265316329219124,0.18181818181818182,0.45454545454545453,0.36363636363636365
8eSNjA5rngA,24,0.13598117350193206,0.9747146964073181,0.28314542894562084,0.5,0.3333333333333333,0.16666666666666666
ckxVkUZDI5U,23,0.1359668841190717,0.687066376209259,-0.09958185968191727,0.2608695652173913,0.34782608695652173,0.391304347826087
ak8PoDWv6P0,21,0.13565402710533125,0.8425970673561096,0.17153821530796232,0.3333333333333333,0.47619047619047616,0.19047619047619047
cKGhtN6_BaU,20,0.13564853581192438,0.8919588327407837,0.06556569635868073,0.25,0.55,0.2
l043n_E-REY,26,0.1354761567177215,0.906504213809967,-0.0536637008190155,0.34615384615384615,0.15384615384615385,0.5
RQ2XfRTBW_o,22,0.13543892464473506,0.9742560982704163,0.06475020267746666,0.3181818181818182,0.45454545454545453,0.22727272727272727
F9-5vNH7ryk,23,0.13539212281339924,0.8579673767089844,0.0042463489200757895,0.30434782608695654,0.34782608695652173,0.34782608695652173
fVVMVYHZq5A,20,0.13536465755896643,0.8814165592193604,0.008439238369464874,0.25,0.5,0.25
3T60WSd9Rng,20,0.13493334237427917,0.8497985601425171,-0.30474250614643095,0.05,0.5,0.45
PnLdca8EpVA,23,0.1346774985001463,0.9460752606391907,0.01291403433550959,0.34782608695652173,0.34782608695652173,0.30434782608695654
2w3lqFCZWs8,24,0.13460762487617708,0.9908456206321716,-0.30864302814006805,0.125,0.2916666666666667,0.5833333333333334
9MmooGXG7AE,23,0.1346049024014855,0.8714157342910767,-0.03655996529952339,0.30434782608695654,0.34782608695652173,0.34782608695652173
I8Cjhl6f6QU,28,0.13444439542945474,0.9483272433280945,-0.3448186644486019,0.21428571428571427,0.10714285714285714,0.6785714285714286
EWPyFu_9DYk,23,0.13427408914456307,0.9960482716560364,-0.03676681414894436,0.2608695652173913,0.34782608695652173,0.391304347826087
Jj_uNq1EMw8,26,0.13415549222666484,0.9758816957473755,0.25330817699432373,0.5384615384615384,0.15384615384615385,0.3076923076923077
5MC1FC0Y7jc,22,0.13414072117037987,0.9885082840919495,-0.09763658182187514,0.22727272727272727,0.36363636363636365,0.4090909090909091
YqVYSFFG3dw,24,0.1341017231582858,0.9053477048873901,-0.3580998753507932,0.125,0.2916666666666667,0.5833333333333334
7PelbDEjBzY,25,0.13395410998025908,0.9884595274925232,-0.004201587438583374,0.36,0.24,0.4
3V5cOPd0vl0,26,0.13361297014545506,0.9766507744789124,-0.48239299884209264,0.07692307692307693,0.19230769230769232,0.7307692307692307
3BxcEiBHSWM,24,0.1335144178980651,0.9113809466362,0.00458074485262235,0.3333333333333333,0.3333333333333333,0.3333333333333333
2vJYNIiSFhs,1,0.13344278931617737,0.13344278931617737,-0.7989069223403931,0.0,0.0,1.0
ZREjKEKxGhE,22,0.13336984941005622,0.994446873664856,0.1711742796681144,0.36363636363636365,0.45454545454545453,0.18181818181818182
MALsbQBNrGc,28,0.13335976576075023,0.9595972299575806,0.3556859408106123,0.6071428571428571,0.14285714285714285,0.25
b2-HxMIcR2g,24,0.1333090062980773,0.8117838501930237,-0.22964385772744814,0.20833333333333334,0.2916666666666667,0.5
p3d_vCcFGKM,8,0.13324612552969484,0.9917716383934021,-0.1734403446316719,0.25,0.25,0.5
mkw6cfNGvX4,26,0.13321076527175207,0.9962301850318909,0.0352059339101498,0.4230769230769231,0.15384615384615385,0.4230769230769231
JqNO7iKsfxQ,21,0.13312871723402558,0.9775577783584595,-0.0940876943724496,0.19047619047619047,0.47619047619047616,0.3333333333333333
RfZlK7N2uBc,24,0.13307482986904992,0.9943029880523682,-0.13568631807963052,0.25,0.3333333333333333,0.4166666666666667
nibbsZZNmr4,7,0.13298837131255173,0.6781713366508484,-0.03714231082371303,0.14285714285714285,0.5714285714285714,0.2857142857142857
f2lqUBswAeY,24,0.13297153894382063,0.9814968109130859,0.28538477420806885,0.5,0.25,0.25
PsrpN8ZOVWs,24,0.13294415098547083,0.8811696171760559,-0.38877491901318234,0.125,0.25,0.625
aNLfUdRkCdY,26,0.1328461774011465,0.9670209288597107,0.368670628621028,0.6153846153846154,0.15384615384615385,0.23076923076923078
qUGhJJoTW9o,26,0.13271609221388084,0.8983454704284668,-0.22006791600814232,0.23076923076923078,0.19230769230769232,0.5769230769230769
dpbfnAoBi4Y,22,0.13269863759474407,0.8905214667320251,0.5157882787964561,0.6363636363636364,0.36363636363636365,0.0
Limdg6GWLZI,26,0.1324786182331781,0.9648373126983643,-0.18692652537272528,0.23076923076923078,0.23076923076923078,0.5384615384615384
ns931Pz9JfU,26,0.13211449981407405,0.8826870918273926,-0.27402257116941303,0.19230769230769232,0.23076923076923078,0.5769230769230769
iR3gMsQwZ2s,22,0.1319598983391188,0.969504177570343,-0.28468428552150726,0.09090909090909091,0.4090909090909091,0.5
3WIqFg-Dfek,24,0.13165974127332447,0.8975307941436768,-0.12561708937088648,0.25,0.2916666666666667,0.4583333333333333
aMWTF7RZRzU,29,0.1316076938207422,0.8580964803695679,-0.07717861594824955,0.3793103448275862,0.06896551724137931,0.5517241379310345
jKgQAFOdMA8,25,0.13113776268903166,0.9544170498847961,-0.4082141208648682,0.08,0.24,0.68
K61zK5KLAhg,24,0.13039121175097534,0.7654024362564087,0.5601967001954714,0.6666666666666666,0.2916666666666667,0.041666666666666664
fsN3KYRYNOA,3,0.13034338193635145,0.3082209825515747,-0.4901240070660909,0.0,0.3333333333333333,0.6666666666666666
5nsQsbXrwGQ,25,0.13016294775996357,0.9643151164054871,0.14652676224708558,0.44,0.24,0.32
lDWsvCu4Ois,27,0.13016027420828188,0.8586322069168091,-0.13266202917805425,0.2962962962962963,0.14814814814814814,0.5555555555555556
GJiozbQNLX4,24,0.13012402569681095,0.9415047764778137,-0.38884012773633003,0.08333333333333333,0.3333333333333333,0.5833333333333334
EijOs3VN4EQ,22,0.12979244261408562,0.9824396371841431,0.08596221018921245,0.36363636363636365,0.36363636363636365,0.2727272727272727
5gAd69H3Xq4,20,0.12926830215146765,0.9784172177314758,-0.04144557267427444,0.2,0.5,0.3
cDFaQgM1bUs,27,0.1292379875602718,0.966351330280304,0.399591655642898,0.6666666666666666,0.14814814814814814,0.18518518518518517
0eGvH8bBxbo,6,0.1291548553854227,0.6664089560508728,-0.33840955297152203,0.16666666666666666,0.3333333333333333,0.5
OLrC_L3mmsA,23,0.12889250459493665,0.9710546731948853,0.18778020532234854,0.43478260869565216,0.34782608695652173,0.21739130434782608
1k8LEMcBsgY,26,0.12888510185383403,0.9911258816719055,0.4217038005590439,0.6153846153846154,0.23076923076923078,0.15384615384615385
G4FdSZYgoME,26,0.12883919931258647,0.9638751149177551,-0.003420789654438312,0.4230769230769231,0.15384615384615385,0.4230769230769231
i9RsXp3IBAo,18,0.1288160274658973,0.9360743761062622,-0.07120311922497219,0.1111111111111111,0.7222222222222222,0.16666666666666666
HIyjQOc0uNM,10,0.1286774160747882,0.8413166999816895,-0.3157783031463623,0.2,0.2,0.6
9okmiyH2HWQ,28,0.12853919575822406,0.9541354179382324,0.3764343804546765,0.6428571428571429,0.07142857142857142,0.2857142857142857
Dx_Hc7m8n08,22,0.1285364366961982,0.9647741317749023,0.08672897246750919,0.3181818181818182,0.45454545454545453,0.22727272727272727
i3nf2oH1mv4,20,0.12833423879637848,0.9694926738739014,-0.10957287549972534,0.2,0.5,0.3
insZDI9UKok,27,0.1283304204741769,0.9962409734725952,0.016437234701933683,0.4074074074074074,0.14814814814814814,0.4444444444444444
gL3PnA6s_SQ,23,0.12822821565762,0.7911037802696228,-0.18905268544736115,0.21739130434782608,0.34782608695652173,0.43478260869565216
GhtBCQ8HsUo,19,0.128135773622872,0.647911012172699,0.07868636595575433,0.2631578947368421,0.631578947368421,0.10526315789473684
DHtlxRBTa10,6,0.1279372654777641,0.4942273497581482,-0.022550572951634724,0.5,0.0,0.5
gg8IoWCPK_U,23,0.12781575431986508,0.9704142212867737,0.2688232789868894,0.4782608695652174,0.34782608695652173,0.17391304347826086
P-FzYHOA04g,26,0.12732609324694538,0.9701245427131653,-0.3131344077678827,0.23076923076923078,0.15384615384615385,0.6153846153846154
2ZD8UGm0Lns,20,0.1271928110421868,0.9833810329437256,-0.30038475841283796,0.0,0.55,0.45
oY7tjh8RGXY,24,0.12677313385453695,0.9944398403167725,-0.11479570468266805,0.25,0.2916666666666667,0.4583333333333333
cH_4U-PLitY,27,0.12675183504621532,0.9941332936286926,-0.18631378919989974,0.2962962962962963,0.14814814814814814,0.5555555555555556
-_PcyBa99XY,25,0.12667426572646945,0.9646575450897217,0.30534244418144224,0.56,0.24,0.2
DCQfX6Vr4JU,26,0.12660532609487957,0.9184314012527466,-0.10005941070043124,0.34615384615384615,0.15384615384615385,0.5
Jfad4_xXD-k,25,0.1263795438571833,0.9818081259727478,0.18153730034828186,0.48,0.24,0.28
3vGZN8xqnfQ,24,0.1262858955184735,0.9217797517776489,-0.11069695899883907,0.25,0.3333333333333333,0.4166666666666667
2rydwTQYIFU,29,0.1260749360502312,0.9663330912590027,-0.561197134955176,0.10344827586206896,0.06896551724137931,0.8275862068965517
GqKmdhazkiY,27,0.12576988980355155,0.9087082147598267,-0.4074048775213736,0.1111111111111111,0.14814814814814814,0.7407407407407407
kus_DZCrxhk,22,0.12532025574314917,0.9914947748184204,-0.13320034742355347,0.22727272727272727,0.36363636363636365,0.4090909090909091
d-Ma2V6JIKg,28,0.12513193153842753,0.9549650549888611,-0.23114397376775742,0.25,0.14285714285714285,0.6071428571428571
m_AE4EQ5hoo,26,0.12444769983323148,0.8970832824707031,-0.586417929484294,0.0,0.23076923076923078,0.7692307692307693
c9m8FrVDHYk,28,0.12429064439077463,0.7453702092170715,-0.06917891438518252,0.39285714285714285,0.14285714285714285,0.4642857142857143
ELlT4GJIR7k,24,0.12401671719514222,0.9550720453262329,-0.2359775255123774,0.16666666666666666,0.3333333333333333,0.5
NZPBC6-hkCE,23,0.12373888627980309,0.9441092610359192,-0.059641941733982254,0.2608695652173913,0.34782608695652173,0.391304347826087
1aiLVAVkVWQ,20,0.12362751368200406,0.9835597276687622,-0.1919175922870636,0.1,0.55,0.35
6ut7Fs9usY4,20,0.123622816830175,0.992605447769165,0.043000629544258116,0.25,0.5,0.25
LLNjAEncqCk,1,0.1235148087143898,0.1235148087143898,-0.5040459036827087,0.0,0.0,1.0
ACVJOoN8tDk,24,0.12350169717925989,0.8663121461868286,-0.367069561034441,0.125,0.25,0.625
rLypLxxslaI,28,0.12341273577892155,0.9405908584594727,-0.1429032619510378,0.32142857142857145,0.14285714285714285,0.5357142857142857
0r9YXTScWB0,22,0.12326239478583871,0.9190833568572998,-0.22137479213151065,0.09090909090909091,0.45454545454545453,0.45454545454545453
B9roMywGsXo,24,0.12257741179928416,0.9404182434082031,0.26683932294448215,0.4583333333333333,0.3333333333333333,0.20833333333333334
3WNI0EaK1Fw,26,0.12256801445171452,0.9953319430351257,0.025652454449580267,0.38461538461538464,0.23076923076923078,0.38461538461538464
mmmZvatbPYE,20,0.12246721137780696,0.948083221912384,-0.11304324865341187,0.15,0.5,0.35
fn3Ow7Kus0g,3,0.12224601488560438,0.3275451064109802,0.17923516035079956,0.3333333333333333,0.6666666666666666,0.0
7zPlsAKw7qA,24,0.12206804747741747,0.8404658436775208,-0.3911398909986019,0.08333333333333333,0.25,0.6666666666666666
cM8sDleh55g,24,0.12206260483071674,0.969620406627655,0.1282432203491529,0.4583333333333333,0.25,0.2916666666666667
MdpP_lymCyM,25,0.12193819429958239,0.9947346448898315,0.014410272836685181,0.36,0.24,0.4
kOmp2zqNn5E,22,0.121752819879806,0.6449995040893555,0.20317574658177115,0.4090909090909091,0.36363636363636365,0.22727272727272727
DaM_3hW16_c,26,0.12143100693580121,0.7124366164207458,-0.30849113028783065,0.23076923076923078,0.15384615384615385,0.6153846153846154
dWpDeaEjMkI,27,0.12142826648239323,0.8711991906166077,-0.27147471132101836,0.25925925925925924,0.14814814814814814,0.5925925925925926
lTB53xwfyXg,24,0.12097428821531746,0.953868567943573,0.37353377789258957,0.5833333333333334,0.2916666666666667,0.125
cdYCZlpktTs,27,0.12091892147307387,0.9389665722846985,0.039031034266507184,0.4444444444444444,0.14814814814814814,0.4074074074074074
HCvWp0uFEWQ,8,0.120913366547029,0.5401967167854309,-0.004889100790023804,0.375,0.125,0.5
AonON_Nr5J8,25,0.1208618799271062,0.9860338568687439,0.1271609890460968,0.44,0.24,0.32
4tFGvsTkyc0,28,0.12084577259832129,0.9343199133872986,-0.13805356195994786,0.32142857142857145,0.14285714285714285,0.5357142857142857
nwezy-P6oWo,23,0.1208309675895852,0.8757227659225464,0.2834787239199099,0.4782608695652174,0.34782608695652173,0.17391304347826086
6mIX3L4chyY,21,0.12066180282549578,0.8560689687728882,0.10674489395959037,0.2857142857142857,0.47619047619047616,0.23809523809523808
RaRx52s6MHI,26,0.12058991468690622,0.7628747224807739,0.048750572479688205,0.38461538461538464,0.23076923076923078,0.38461538461538464
-3d2A5XaJY0,26,0.12049686667607883,0.99310702085495,0.09010977126084842,0.46153846153846156,0.19230769230769232,0.34615384615384615
4ImqupoGhQc,20,0.12021232477854937,0.9922083020210266,0.33574162125587464,0.45,0.5,0.05
g6miMvfGrKE,29,0.11988845440470774,0.7991276383399963,0.5796274799725105,0.7931034482758621,0.06896551724137931,0.13793103448275862
iCJ5mtbYjOI,26,0.11987512317360736,0.9116954207420349,0.3203796629722302,0.5769230769230769,0.15384615384615385,0.2692307692307692
NZvRgyJY0IU,26,0.11982381351677199,0.922532856464386,-0.008629286518463722,0.38461538461538464,0.15384615384615385,0.46153846153846156
adUSdFDJGTw,24,0.11980624274292495,0.7985965013504028,-0.2995404042303562,0.16666666666666666,0.2916666666666667,0.5416666666666666
4TAIFX2VqbM,27,0.11958523864288712,0.9897841811180115,-0.4765072453905035,0.14814814814814814,0.07407407407407407,0.7777777777777778
mqnX1_zRtdo,26,0.11954594327835366,0.979904055595398,0.0029779374599456787,0.38461538461538464,0.19230769230769232,0.4230769230769231
Lep9nksL0XY,24,0.11948841716124055,0.8132932186126709,0.05321637292702993,0.375,0.3333333333333333,0.2916666666666667
Av9jdCXU6No,6,0.11932075879303738,0.5119802355766296,-0.29528812567392987,0.16666666666666666,0.3333333333333333,0.5
pZu8rjGI39s,23,0.11909854515587263,0.9967142343521118,-0.15691643175871475,0.21739130434782608,0.34782608695652173,0.43478260869565216
7y-UPeVeR_0,24,0.11903835267488223,0.9390782117843628,-0.03784377376238505,0.2916666666666667,0.3333333333333333,0.375
PMRhCNDD45E,24,0.11887960871778584,0.9841457009315491,0.02574925124645233,0.375,0.2916666666666667,0.3333333333333333
7DvMvgyMqlY,24,0.11864381086100668,0.9094176888465881,0.42218758165836334,0.5833333333333334,0.2916666666666667,0.125
3RL4wpnmtKU,23,0.11853614055207404,0.7493970394134521,0.32676492307497107,0.5217391304347826,0.34782608695652173,0.13043478260869565
7S-klCzqTyU,28,0.11853395195794292,0.9559236764907837,0.07182704763753074,0.42857142857142855,0.14285714285714285,0.42857142857142855
Ehq3lg4V5xI,21,0.11853317374507674,0.9959853291511536,0.039907245408921016,0.2857142857142857,0.47619047619047616,0.23809523809523808
Ax-6RRr8rXw,27,0.1183796115219593,0.8829326629638672,-0.06919452437648067,0.37037037037037035,0.14814814814814814,0.48148148148148145
e9iExg3mvv0,26,0.11814833586014664,0.9944666028022766,0.40628055998912227,0.6153846153846154,0.19230769230769232,0.19230769230769232
3Y77jZdGstQ,10,0.11811465653590858,0.8988271355628967,0.4611384332180023,0.7,0.2,0.1
-qR9DkGZYtY,29,0.11807399642742078,0.9643259644508362,-0.36446192655070075,0.20689655172413793,0.06896551724137931,0.7241379310344828
rSiY6SZTaJc,23,0.11804175900254885,0.46318089962005615,0.07325722471527431,0.34782608695652173,0.34782608695652173,0.30434782608695654
ez9IPd_9fLg,25,0.11785546166356653,0.9911449551582336,-0.06011047840118408,0.32,0.24,0.44
6B3a5gTDeWc,23,0.11774845046760596,0.8757177591323853,-0.22047810709994772,0.17391304347826086,0.34782608695652173,0.4782608695652174
CRvr8bJb-z4,23,0.11765851343111337,0.9978125095367432,0.15760097555492236,0.43478260869565216,0.34782608695652173,0.21739130434782608
2Lex5LL5b1Y,23,0.11749540046414199,0.9378764629364014,-0.027069155288779217,0.30434782608695654,0.34782608695652173,0.34782608695652173
MNcDUDBQL5w,26,0.11730145978463742,0.9573630094528198,-0.2032627257016989,0.2692307692307692,0.23076923076923078,0.5
kQqvUxqGMBc,25,0.11711818202165887,0.7537178993225098,0.06472403049468994,0.4,0.24,0.36
czruXCCbqnU,20,0.11708054145274219,0.8902979493141174,-0.232555615901947,0.1,0.55,0.35
dTe8co6hKHc,22,0.11677147887530737,0.7316321730613708,-0.22049930556253952,0.13636363636363635,0.45454545454545453,0.4090909090909091
Qme5EDCoLrs,28,0.11672003182008796,0.7957565784454346,-0.4018090580190931,0.14285714285714285,0.14285714285714285,0.7142857142857143
dRS-IOJmRko,18,0.1166948508600601,0.880129337310791,0.13291365736060673,0.4444444444444444,0.2222222222222222,0.3333333333333333
QYfqZ01XNG0,22,0.11662812263503755,0.925156831741333,0.19377390362999655,0.4090909090909091,0.36363636363636365,0.22727272727272727
-pxi0TneEeA,23,0.11636333603857328,0.9081693887710571,-0.33253030932467914,0.17391304347826086,0.2608695652173913,0.5652173913043478
7LueL7VFHIg,23,0.1162466844290738,0.7156673669815063,-0.028537164563718048,0.2608695652173913,0.34782608695652173,0.391304347826087
kmJzfUejIlU,28,0.11617150381373774,0.9613367319107056,0.20075699899877822,0.5714285714285714,0.07142857142857142,0.35714285714285715
Ow-pQxA2s4w,26,0.11614794109258443,0.9796145558357239,0.4369787688438709,0.6153846153846154,0.23076923076923078,0.15384615384615385
m89qKcVYifQ,26,0.11556580647056063,0.9467292428016663,0.22004057925481063,0.5384615384615384,0.19230769230769232,0.2692307692307692
Hw_X_ax2ogg,23,0.11519674383832709,0.9156597256660461,-0.13413342963094296,0.21739130434782608,0.34782608695652173,0.43478260869565216
He2bxa1nrUA,26,0.11482994366759577,0.9960293769836426,0.20697701894319975,0.5,0.15384615384615385,0.34615384615384615
H3MPpI8HHPI,25,0.11482838310766966,0.957416296005249,0.08730681777000428,0.44,0.24,0.32
k8IMietUe8Q,21,0.1146827696911281,0.9948535561561584,-0.17581633301008315,0.14285714285714285,0.47619047619047616,0.38095238095238093
znUF-QobGGY,22,0.11458185754070821,0.9165196418762207,0.0224408358335495,0.3181818181818182,0.45454545454545453,0.22727272727272727
9lIX4lXt6Us,25,0.11447130551328882,0.7111707329750061,-0.30754329562187194,0.2,0.24,0.56
d6Mq6NohBDc,23,0.11426971154793611,0.8877334594726562,-0.2554897808510324,0.17391304347826086,0.34782608695652173,0.4782608695652174
eWOp2tMPAMU,22,0.11425177232013084,0.8331437706947327,0.1984879211945967,0.45454545454545453,0.36363636363636365,0.18181818181818182
lX06r1zGfA8,27,0.11400620523340034,0.9848841428756714,-0.6150769160853492,0.0,0.14814814814814814,0.8518518518518519
DKDeo4QiIQs,26,0.11392400453825338,0.9911076426506042,-0.07965516929443066,0.34615384615384615,0.15384615384615385,0.5
Yxo59C30zTg,22,0.11359796181204729,0.9917248487472534,0.24700409986756064,0.45454545454545453,0.4090909090909091,0.13636363636363635
bNsD6loy6wc,24,0.11329959022259573,0.9598583579063416,-0.02015852928161621,0.3333333333333333,0.3333333333333333,0.3333333333333333
NLodEd3ciMA,20,0.11314957660215441,0.7981026768684387,0.07197769731283188,0.25,0.6,0.15
M91xVDuSuuQ,22,0.11314105810280042,0.9930253028869629,0.06701757555658167,0.36363636363636365,0.4090909090909091,0.22727272727272727
Kp_5bB2bTg0,24,0.11308454933168832,0.7936564087867737,0.10855206474661827,0.375,0.2916666666666667,0.3333333333333333
RBOFErTk67w,25,0.1129891235078685,0.9317797422409058,-0.020718953609466552,0.36,0.24,0.4
9LtCPZi0GPw,13,0.11297009692778094,0.7178381681442261,0.5905884916965778,0.7692307692307693,0.15384615384615385,0.07692307692307693
IGcqOJ7gePI,25,0.11289268803782761,0.8979681134223938,-0.015090168714523315,0.36,0.24,0.4
OdXCBw3rBg0,19,0.11286126280595597,0.9192035794258118,-0.1105127397336458,0.10526315789473684,0.631578947368421,0.2631578947368421
897UUgPuXt4,26,0.11253144752565557,0.8941640257835388,0.3879733177331778,0.6153846153846154,0.19230769230769232,0.19230769230769232
IPV_kSW534g,12,0.11251850632349185,0.9953308701515198,-0.4998793601989746,0.0,0.3333333333333333,0.6666666666666666
ocJzXK3tMQM,28,0.11209960869538398,0.9952725768089294,0.44441116601228714,0.6428571428571429,0.14285714285714285,0.21428571428571427
9oSXy1wVPmE,22,0.11204101730519059,0.6611508727073669,0.28300021995197644,0.45454545454545453,0.36363636363636365,0.18181818181818182
dtwwJO5YTvk,24,0.11163041736532857,0.9839247465133667,-0.039830962816874184,0.3333333333333333,0.25,0.4166666666666667
qpZy46-ARAA,24,0.11121809371737375,0.9156115651130676,-0.024241259942452114,0.3333333333333333,0.2916666666666667,0.375
fgdegztJ_L8,22,0.11090193934399974,0.9817966222763062,0.1346247372302142,0.36363636363636365,0.45454545454545453,0.18181818181818182
ExbmtW6StMI,26,0.11074423582445328,0.7666875720024109,0.08834725159865159,0.38461538461538464,0.23076923076923078,0.38461538461538464
f-AdwUGeb54,28,0.11051864590262994,0.9625590443611145,-0.642851248383522,0.0,0.10714285714285714,0.8928571428571429
o5B4epiF2VY,26,0.11048187079051366,0.9964324235916138,0.2091318666934967,0.5384615384615384,0.15384615384615385,0.3076923076923077
CZ8eDPJ9q7Q,27,0.1104686905466089,0.990362286567688,0.42790627589932195,0.6666666666666666,0.14814814814814814,0.18518518518518517
Qzussc731v0,28,0.11035991127885479,0.9145994186401367,0.2345870594893183,0.5357142857142857,0.14285714285714285,0.32142857142857145
IpQRat30KZw,24,0.11008259002119303,0.9928567409515381,0.4760187069574992,0.625,0.25,0.125
bX2AIpj4nmU,16,0.10971264349063858,0.7537503838539124,0.27740805596113205,0.5,0.375,0.125
3c3UDHJDm4o,28,0.10950190411988713,0.9644525051116943,0.5549373030662537,0.7142857142857143,0.10714285714285714,0.17857142857142858
N6TaulTvpbE,20,0.10933685266354587,0.86436527967453,0.17087991535663605,0.4,0.45,0.15
rjou6-OISP4,24,0.10909786148840794,0.9836754202842712,-2.1213044722874958e-05,0.3333333333333333,0.3333333333333333,0.3333333333333333
nvHaRJbOJwU,23,0.10901229460622468,0.9763204455375671,0.14395950021951096,0.4782608695652174,0.21739130434782608,0.30434782608695654
eA9ZQcCpEJA,20,0.10882884367892984,0.884906530380249,0.26327039748430253,0.4,0.5,0.1
0tJTPCMZeNc,22,0.10880142929222943,0.996080219745636,-0.10064090923829512,0.18181818181818182,0.4090909090909091,0.4090909090909091
iuYqEBXztU4,24,0.10859291914190787,0.9351092576980591,0.06193335230151812,0.4166666666666667,0.25,0.3333333333333333
b8WP00XTSRo,22,0.1081422175921034,0.753930389881134,-0.27499029446731915,0.09090909090909091,0.4090909090909091,0.5
0YYLWKpPxbg,28,0.10813673023949377,0.8706663250923157,0.4085535066468375,0.6428571428571429,0.14285714285714285,0.21428571428571427
el_wBe0d69w,22,0.10789249011908066,0.9648011326789856,-0.24042503942142834,0.13636363636363635,0.4090909090909091,0.45454545454545453
3Ht6jR4sUro,22,0.10771102625188757,0.8888338208198547,-0.14370989122174002,0.18181818181818182,0.45454545454545453,0.36363636363636365
h0HsiDJS5bU,22,0.10741269543227232,0.8955535292625427,0.4607534869150682,0.5909090909090909,0.4090909090909091,0.0
GnvKfk8lNOk,21,0.10738839165562586,0.886746883392334,-0.3041794214929853,0.047619047619047616,0.47619047619047616,0.47619047619047616
gTnBvMJ52Z4,22,0.1073740488182838,0.8852713108062744,0.12645293907685715,0.4090909090909091,0.36363636363636365,0.22727272727272727
NgkjaE2RFbI,13,0.10712969027316341,0.9439142942428589,0.23076629180174607,0.5384615384615384,0.15384615384615385,0.3076923076923077
gksqQWX5-qs,23,0.10708561666441434,0.9116803407669067,0.1375906843206157,0.43478260869565216,0.34782608695652173,0.21739130434782608
BvhsKu88TGM,28,0.10690684457949828,0.8503976464271545,-0.08396195620298386,0.32142857142857145,0.14285714285714285,0.5357142857142857
DUohsv7Sfz0,19,0.10659220238142696,0.7002919912338257,-0.10389062605406109,0.10526315789473684,0.631578947368421,0.2631578947368421
NVBVlmuc5Fs,24,0.10655133071365223,0.9019141793251038,0.08187307293216388,0.375,0.3333333333333333,0.2916666666666667
ROctVNlolEI,25,0.106547897066921,0.9797720909118652,0.33554390668869016,0.6,0.24,0.16
JH6zzjeeQN0,22,0.10650116615050303,0.9237869381904602,0.36707697131417016,0.5,0.36363636363636365,0.13636363636363635
PlCNbr2M54k,24,0.10624392028936806,0.989216685295105,-0.004167715708414714,0.375,0.25,0.375
rsvsxwAKcMM,24,0.10612012391599517,0.9769760966300964,-0.21849787483612695,0.20833333333333334,0.25,0.5416666666666666
9Z0EGv_VKUo,24,0.10605988809159801,0.9307990670204163,-0.16591653351982436,0.25,0.3333333333333333,0.4166666666666667
4GXxDnTvmhQ,24,0.1060329951554498,0.9158771634101868,0.02672928323348363,0.375,0.25,0.375
ltUpNuefxwg,22,0.1056599628884049,0.9895495176315308,-0.3489037657325918,0.09090909090909091,0.36363636363636365,0.5454545454545454
eXegoN4P7tc,24,0.10560444521252066,0.9613920450210571,0.09005627656976382,0.375,0.2916666666666667,0.3333333333333333
4oMoCZg88Ng,24,0.1055428383576024,0.6828922033309937,-0.22487948089838028,0.20833333333333334,0.25,0.5416666666666666
_GXU-I2ZSGk,25,0.10532032931223512,0.9590813517570496,0.14298967599868775,0.48,0.24,0.28
9d-WX8zeIOQ,24,0.10527178696793271,0.9627015590667725,-0.22541931147376695,0.20833333333333334,0.3333333333333333,0.4583333333333333
HTk6bKKukfY,26,0.10508975931085072,0.976525604724884,0.02077821699472574,0.38461538461538464,0.23076923076923078,0.38461538461538464
Ci7OoJfPiLY,22,0.10504759048291651,0.6082026958465576,-0.10781857371330261,0.22727272727272727,0.4090909090909091,0.36363636363636365
JdX4O5sJj8w,20,0.10477841409738176,0.9961411356925964,-0.1601325660943985,0.15,0.5,0.35
_dqFMUhOmqo,22,0.10458280273385091,0.9972208738327026,0.0042095428163355045,0.2727272727272727,0.45454545454545453,0.2727272727272727
JFzskp7qaII,27,0.10454642944494952,0.9074217677116394,0.26672027729175707,0.5555555555555556,0.14814814814814814,0.2962962962962963
yjdxNsuJk2o,24,0.10445999188717299,0.8269616365432739,0.35383134707808495,0.5416666666666666,0.25,0.20833333333333334
QuaTu5_ZrHY,28,0.10437180049068827,0.9380660653114319,0.29928371203797205,0.6071428571428571,0.14285714285714285,0.25
2qA5lNqqCOQ,28,0.10436961389703876,0.813846230506897,0.48799251126391546,0.6785714285714286,0.14285714285714285,0.17857142857142858
6xEWm8IjwXA,20,0.10419036174134817,0.926228404045105,0.019726377725601197,0.25,0.5,0.25
4QqXVXeKGj8,24,0.10411069732072065,0.9735243320465088,0.14688344796498617,0.4583333333333333,0.25,0.2916666666666667
BOfb0aMcTyU,24,0.10405114864746186,0.9142882823944092,-0.11368497709433238,0.25,0.2916666666666667,0.4583333333333333
f31iYufuJWY,20,0.10387402597116306,0.6277354955673218,-0.06709277033805847,0.2,0.5,0.3
-LHnxrj7Jl8,23,0.1033822382855958,0.9677659869194031,-0.03338806266370027,0.30434782608695654,0.34782608695652173,0.34782608695652173
qv34Ge4-Sao,26,0.10333129565697163,0.8888517022132874,-0.021697882276314955,0.34615384615384615,0.15384615384615385,0.5
EtixPzvI3sg,25,0.10320967689389363,0.9597210884094238,-0.17614897847175598,0.24,0.24,0.52
HhXF6KsyGfg,25,0.10268265892285854,0.9777694940567017,0.3042165803909302,0.56,0.24,0.2
_9eileZ79BE,27,0.10256478197536328,0.964694619178772,-0.5199169571752902,0.07407407407407407,0.14814814814814814,0.7777777777777778
_WCJxtGAR7Q,3,0.10251227849706386,0.30542755126953125,0.3041696548461914,0.3333333333333333,0.6666666666666666,0.0
7U0sA99SqkE,26,0.10240539874827775,0.9720601439476013,-0.13109363042391264,0.3076923076923077,0.15384615384615385,0.5384615384615384
O9WRXOG-tKM,23,0.10230083103828214,0.9934565424919128,0.011998974758645763,0.34782608695652173,0.34782608695652173,0.30434782608695654
1Jb02ltCH48,21,0.10228545886431155,0.9893712997436523,-0.1638685635157994,0.14285714285714285,0.47619047619047616,0.38095238095238093
_DZAa2nVHBw,26,0.10201319770063631,0.7819757461547852,0.09101068515043992,0.46153846153846156,0.19230769230769232,0.34615384615384615
CD4i2vo9aqM,24,0.10193460582377156,0.7811779975891113,0.4639133463303248,0.5833333333333334,0.3333333333333333,0.08333333333333333
d2mlZWPD7-8,26,0.10174433903123897,0.9663234949111938,0.07855183229996608,0.46153846153846156,0.15384615384615385,0.38461538461538464
5BrDPUbB1Tc,22,0.10146520878135395,0.9964058995246887,0.07240024344487624,0.36363636363636365,0.36363636363636365,0.2727272727272727
ATEjHHp9vJg,22,0.10127232603421858,0.928285539150238,0.017688870429992676,0.2727272727272727,0.45454545454545453,0.2727272727272727
bZmEI8P1qSU,13,0.10114628113268946,0.9900966882705688,0.07287837908818172,0.3076923076923077,0.46153846153846156,0.23076923076923078
kkMnCgzfuaA,2,0.10107846141909249,0.2013174593448639,0.0,0.0,1.0,0.0
RMGvMe5pRjA,22,0.10099585990908301,0.985101580619812,0.20445295491001822,0.4090909090909091,0.45454545454545453,0.13636363636363635
_HL7GdECMQM,10,0.1009420822490938,0.9046319723129272,0.17265621423721314,0.5,0.2,0.3
K8fAjL53dSE,28,0.10091628216780789,0.9673769474029541,0.2619474668587957,0.6428571428571429,0.07142857142857142,0.2857142857142857
DVKr8xNs9Q8,26,0.09988138920072323,0.8999657034873962,0.17347144048947555,0.5384615384615384,0.15384615384615385,0.3076923076923077
MiWPHbsDYoA,24,0.0998405853024451,0.9922339916229248,0.3367319318155448,0.5,0.3333333333333333,0.16666666666666666
nfObE69TtHM,24,0.09964443247251135,0.9839016795158386,-0.1719781719148159,0.20833333333333334,0.2916666666666667,0.5
D1vWQyrxBS4,22,0.09957903073783117,0.9683153629302979,0.04509235647591678,0.3181818181818182,0.4090909090909091,0.2727272727272727
jDsl8Q9BsHk,22,0.09953217569008385,0.9219141006469727,0.03422204472801902,0.3181818181818182,0.36363636363636365,0.3181818181818182
DeG5ffdVpZg,22,0.09898578245933591,0.9867756962776184,0.10284163193269209,0.36363636363636365,0.36363636363636365,0.2727272727272727
KjhJyAXS__M,26,0.09873245427017817,0.9892809987068176,0.3900615721940994,0.6153846153846154,0.19230769230769232,0.19230769230769232
OgScqoyf8uw,21,0.09794248088396021,0.8124813437461853,-0.12747584070478166,0.19047619047619047,0.47619047619047616,0.3333333333333333
9qVIpklCJA8,27,0.09773468678273882,0.849527895450592,0.2306010259522332,0.5185185185185185,0.14814814814814814,0.3333333333333333
fg1mCyiUo30,23,0.0975312331499046,0.9669708013534546,-0.05650155829346698,0.2608695652173913,0.34782608695652173,0.391304347826087
NP0gnrqvvvU,20,0.09731841850152705,0.8291831016540527,0.05641620010137558,0.2,0.6,0.2
5UWQpxDCKHA,9,0.09706058318907809,0.6289214491844177,-0.45429496632681954,0.0,0.4444444444444444,0.5555555555555556
jkC0uL2E0kQ,26,0.09703080855363694,0.8805438280105591,0.43770329081095183,0.6153846153846154,0.23076923076923078,0.15384615384615385
lFr1UKEbQV0,26,0.09700333382352255,0.9305357933044434,-0.15854627810991728,0.2692307692307692,0.23076923076923078,0.5
Nham_JRzK-Y,24,0.09699544394000743,0.9044483304023743,0.1635286509990692,0.4166666666666667,0.2916666666666667,0.2916666666666667
kjSn6x3QXNk,24,0.09696323377283989,0.8770573735237122,0.3724244137605031,0.5833333333333334,0.2916666666666667,0.125
dV_wlg3X07g,26,0.09685784178705384,0.7822737097740173,-0.60013336287095,0.0,0.19230769230769232,0.8076923076923077
pnPxcFuPe7Q,23,0.09683697175173818,0.8007520437240601,-0.17139780910118765,0.21739130434782608,0.34782608695652173,0.43478260869565216
ypYyHMH0n4M,24,0.09673511826743682,0.9124733805656433,-0.09882684051990509,0.25,0.3333333333333333,0.4166666666666667
GLBYvWhZ5dg,22,0.09655400125352158,0.9681994915008545,0.006025556813586842,0.22727272727272727,0.45454545454545453,0.3181818181818182
nDyDwJQWbwY,26,0.09633570913529883,0.9985682964324951,0.46056234263456786,0.6923076923076923,0.15384615384615385,0.15384615384615385
jEekNplJtSc,22,0.09618150967236777,0.9164928793907166,-0.11931605772538618,0.18181818181818182,0.45454545454545453,0.36363636363636365
_8E1AB1Ho3E,26,0.09605857998562548,0.9732208251953125,0.030367374420166016,0.38461538461538464,0.23076923076923078,0.38461538461538464
GYBnREzqMKc,10,0.09598077980335802,0.5551827549934387,0.25071699619293214,0.5,0.2,0.3
RU6zll_Gbvo,28,0.09584437604020682,0.9891768097877502,0.21625672387225287,0.5357142857142857,0.10714285714285714,0.35714285714285715
yR2L3JrG6GA,23,0.09578407834709177,0.9079709053039551,0.19411934847417084,0.43478260869565216,0.34782608695652173,0.21739130434782608
gU8f57dnK0g,19,0.09577381174619261,0.7076461911201477,0.07913344627932499,0.21052631578947367,0.631578947368421,0.15789473684210525
2LSaBbI482k,23,0.09563433836750768,0.9081693887710571,0.33614568606666895,0.5217391304347826,0.34782608695652173,0.13043478260869565
Mt0uqt-u4Vk,22,0.0956137401887893,0.9932658672332764,0.4115161773833362,0.5,0.4090909090909091,0.09090909090909091
fvWyTRGJxPU,26,0.09553392289224295,0.9590998888015747,0.05597757834654588,0.38461538461538464,0.23076923076923078,0.38461538461538464
fKBniW3J0fA,20,0.09535967913398054,0.5795982480049133,0.21142351925373076,0.35,0.55,0.1
3N5tGy7o6jk,23,0.09533327423623236,0.9606882929801941,0.2821513336637746,0.4782608695652174,0.34782608695652173,0.17391304347826086
7DRYE_Z41fE,24,0.0950762049566644,0.835768461227417,0.21255535756548247,0.4583333333333333,0.3333333333333333,0.20833333333333334
8w_SFxtb-FU,22,0.09507250137605959,0.9114962220191956,-0.05553616718812422,0.22727272727272727,0.4090909090909091,0.36363636363636365
DvsfI2AXOrQ,22,0.09505258531796491,0.8316423296928406,0.2581198418682272,0.5,0.36363636363636365,0.13636363636363635
89p3u7xOOPw,20,0.0950333186687203,0.8550465106964111,0.1455726444721222,0.3,0.55,0.15
4edkKulJmD4,24,0.09491147889881783,0.8274701237678528,0.15561549986402193,0.4166666666666667,0.3333333333333333,0.25
5Q9K-z1prU8,24,0.09479086307934874,0.5527403354644775,0.21607501432299614,0.4583333333333333,0.2916666666666667,0.25
QSjCAu-L98I,22,0.09473087511088868,0.9846590757369995,0.034267525781284676,0.3181818181818182,0.36363636363636365,0.3181818181818182
5pJCck8PLKM,26,0.0947296068569323,0.9752394556999207,0.20358203580746284,0.5,0.23076923076923078,0.2692307692307692
AaeTQ11tslI,24,0.09470766589705211,0.9871979355812073,0.19372661535938582,0.4583333333333333,0.2916666666666667,0.25
cEXWCWFXAh8,26,0.09469541827163014,0.7764648795127869,0.32273707481530994,0.6153846153846154,0.19230769230769232,0.19230769230769232
hDpWyqc5DyE,21,0.0945377182714375,0.5702090263366699,0.3242544943378085,0.47619047619047616,0.47619047619047616,0.047619047619047616
3PpkdsCcJ6E,26,0.09424414056523417,0.9301064610481262,0.490000646847945,0.6923076923076923,0.15384615384615385,0.15384615384615385
bV4zbKKMi-0,20,0.09401136484520975,0.9155759215354919,0.08383789360523224,0.3,0.5,0.2
--r7_yDKqEU,23,0.09376474720193073,0.8553996086120605,-0.0059640252071878185,0.30434782608695654,0.34782608695652173,0.34782608695652173
QJOt6xvEK0g,22,0.09375160015770234,0.9247704744338989,0.10307814722711389,0.36363636363636365,0.36363636363636365,0.2727272727272727
qGN5fNRWuHE,24,0.09372081538458588,0.9712134003639221,0.2924335276087125,0.5416666666666666,0.25,0.20833333333333334
r_X64QG0jwo,10,0.09368330977740698,0.8565420508384705,-0.017121186852455138,0.4,0.2,0.4
7xEESQeXP38,27,0.09364390773353753,0.918825626373291,0.5435556372006735,0.7407407407407407,0.14814814814814814,0.1111111111111111
Dpiy7DPK6s8,20,0.09329690633458085,0.6836133599281311,0.08623985052108765,0.3,0.55,0.15
xDH9siLF8u0,21,0.09272399529471018,0.9601714611053467,0.10575078214917864,0.3333333333333333,0.47619047619047616,0.19047619047619047
IxfXAhHmpN8,27,0.09269036871760532,0.968586802482605,0.22164691819085014,0.5555555555555556,0.14814814814814814,0.2962962962962963
RagQ-jlBIAA,24,0.0926811801958441,0.6621404886245728,0.06850351517399152,0.375,0.25,0.375
EjAHseZEJwI,26,0.09237817636592528,0.8401230573654175,-0.05496399104595184,0.34615384615384615,0.19230769230769232,0.46153846153846156
A4kQRIS3Bqk,25,0.09234628154197708,0.6652491092681885,0.3725180268287659,0.6,0.24,0.16
Oiyk2dnEHNk,26,0.09224061035694411,0.73211669921875,-0.1344964584478965,0.3076923076923077,0.15384615384615385,0.5384615384615384
RhtYmgj41gw,24,0.09220163017016603,0.6082025170326233,0.16408561542630196,0.4583333333333333,0.25,0.2916666666666667
chjVeawIbJA,26,0.09204124102073435,0.7966304421424866,0.1668431174296599,0.5,0.19230769230769232,0.3076923076923077
rtl8D-tavYA,24,0.09198664607053313,0.7072257399559021,-0.4480349396665891,0.08333333333333333,0.2916666666666667,0.625
gJKz-tJtBbU,24,0.09169977161460945,0.5584970116615295,-0.19947554046909013,0.16666666666666666,0.3333333333333333,0.5
pI_NfmgDB_Y,19,0.09167448098550697,0.5524824857711792,0.25750719559820073,0.3157894736842105,0.631578947368421,0.05263157894736842
h6TrI1vfBQo,24,0.09144124957917181,0.5519093871116638,-0.1396827424565951,0.2916666666666667,0.2916666666666667,0.4166666666666667
4VtpGVjCbIw,26,0.09134975956448425,0.8086225390434265,-0.176536881006681,0.23076923076923078,0.23076923076923078,0.5384615384615384
-R_-MAHq400,26,0.09126562037944005,0.913158655166626,0.18027719855308533,0.5,0.19230769230769232,0.3076923076923077
5cw7LZk1Lu0,24,0.09123530323025382,0.7763442993164062,-0.23270385215679804,0.20833333333333334,0.25,0.5416666666666666
I9JYel4moP8,25,0.09114973013754935,0.9712713956832886,-0.444055483341217,0.08,0.24,0.68
OzcePSZP8dM,20,0.09088745231565554,0.4811858534812927,-0.08292060792446136,0.15,0.6,0.25
bZv7ygWW36E,24,0.0908677064095779,0.9386367797851562,0.5183747634291649,0.625,0.2916666666666667,0.08333333333333333
N2BDikfGjPQ,22,0.08990610921914181,0.9286304712295532,0.2356367219578136,0.4090909090909091,0.45454545454545453,0.13636363636363635
90zyUrJ9vMw,13,0.08973669048506193,0.7253662943840027,-0.08657068472642165,0.38461538461538464,0.15384615384615385,0.46153846153846156
qXSs7R30VOc,23,0.08940653590252623,0.6727374792098999,-0.14157505657361902,0.21739130434782608,0.34782608695652173,0.43478260869565216
8T-qyPNaFic,23,0.08926666367282766,0.9939290285110474,-0.027258457049079563,0.30434782608695654,0.34782608695652173,0.34782608695652173
axdVSq0urLM,23,0.08922783671068432,0.785366952419281,-0.2212971656218819,0.17391304347826086,0.34782608695652173,0.4782608695652174
1ZVixIAxx_8,28,0.0891217578443632,0.8926678895950317,0.566295397068773,0.75,0.14285714285714285,0.10714285714285714
iCkVQZJsLNQ,22,0.08865293989550661,0.9691821932792664,-0.1191092539917339,0.22727272727272727,0.36363636363636365,0.4090909090909091
dqSBSDXo1H0,22,0.08856141775454902,0.7776996493339539,-0.030712932348251343,0.22727272727272727,0.45454545454545453,0.3181818181818182
dUocAQb3yus,28,0.08846696816492892,0.9218092560768127,-0.6470835932663509,0.03571428571428571,0.07142857142857142,0.8928571428571429
r2bm4uS4_F8,24,0.08817681528065198,0.9332886934280396,-0.07713363940517108,0.2916666666666667,0.25,0.4583333333333333
G3_ToB3tPK4,26,0.0881071818226841,0.9244486689567566,0.14112621087294358,0.46153846153846156,0.19230769230769232,0.34615384615384615
PxLUe0UIKms,24,0.08776290754030924,0.6398355960845947,-0.054205842316150665,0.2916666666666667,0.2916666666666667,0.4166666666666667
0zMIJVgKTxk,20,0.0876416871760739,0.7261667251586914,-0.06424539685249328,0.2,0.5,0.3
0yD_LRms_OQ,23,0.08731125588731273,0.9951316118240356,-0.22019062094066455,0.17391304347826086,0.34782608695652173,0.4782608695652174
7o_-d2wadQw,23,0.08722412043362451,0.6633159518241882,-0.08603553409161775,0.21739130434782608,0.34782608695652173,0.43478260869565216
OVh79xgT0Xo,22,0.08700340212619101,0.9835950136184692,0.029289050535722214,0.3181818181818182,0.36363636363636365,0.3181818181818182
bFQBuJHPjK0,28,0.08694517813273706,0.744236409664154,0.2139881146805627,0.5357142857142857,0.10714285714285714,0.35714285714285715
9dGOHLwawWA,26,0.08687398372029957,0.751617431640625,0.24416990005053008,0.5,0.23076923076923078,0.2692307692307692
p643s3YfCxA,17,0.08658186165848747,0.863552987575531,0.07776848533574272,0.35294117647058826,0.35294117647058826,0.29411764705882354
fIzRDFjI424,20,0.08636283701343928,0.8865049481391907,-0.06746713817119598,0.15,0.6,0.25
rSAusqoUPd4,28,0.08636230597663339,0.9811000823974609,0.05917311566216605,0.42857142857142855,0.14285714285714285,0.42857142857142855
MTeNSQwWqWE,28,0.0860194435871173,0.4173927307128906,0.09498573413916997,0.4642857142857143,0.14285714285714285,0.39285714285714285
6Xgc37GuSs8,20,0.08598612281493842,0.9732872247695923,-0.1056518703699112,0.15,0.55,0.3
p36RNms2tkU,15,0.08594793814700097,0.7540114521980286,0.16479378739992778,0.4666666666666667,0.26666666666666666,0.26666666666666666
PfhK15FNbEU,27,0.0859428370906109,0.7456250190734863,-0.4824296644440404,0.1111111111111111,0.14814814814814814,0.7407407407407407
4ujj2cSQmX8,20,0.08583729165839031,0.991737425327301,-0.26477542966604234,0.05,0.5,0.45
9ecpEEr2S4Q,24,0.08582662945021487,0.88862544298172,-0.16709123303492865,0.25,0.2916666666666667,0.4583333333333333
AeK_QCOCwbs,22,0.08552806277029132,0.4268532991409302,0.10839262062853033,0.3181818181818182,0.45454545454545453,0.22727272727272727
BfKI_TQnQvo,26,0.08551349709831321,0.7607198357582092,0.548856068115968,0.6923076923076923,0.23076923076923078,0.07692307692307693
kxJ_aSyIWGw,26,0.08497821995227312,0.979682207107544,0.3679588712178744,0.6153846153846154,0.19230769230769232,0.19230769230769232
NFzwglXQITg,23,0.08487879855396308,0.8604252338409424,0.19287395477294922,0.43478260869565216,0.34782608695652173,0.21739130434782608
oGUwfVo_V6k,29,0.08473413125491412,0.7286947965621948,-0.5762962976406361,0.10344827586206896,0.06896551724137931,0.8275862068965517
I4qXKAMH_QE,8,0.08472264464944601,0.5605170726776123,-0.09650056064128876,0.125,0.625,0.25
L8bMMjjG69I,23,0.08471989209520751,0.6948453187942505,-0.01607089586879896,0.30434782608695654,0.34782608695652173,0.34782608695652173
2AKDM2c97qE,24,0.08467664717318257,0.8620127439498901,-0.3509070798754692,0.125,0.25,0.625
yUO2TxF5uh8,25,0.08434533405350521,0.9212009906768799,0.2977731990814209,0.56,0.24,0.2
50QOo_TYJEk,25,0.08413158288225532,0.9789965152740479,0.5544227528572082,0.68,0.24,0.08
FSqRoyH6clk,26,0.08380581214665793,0.9388332962989807,0.6568108521975003,0.7692307692307693,0.15384615384615385,0.07692307692307693
Jn05pXYYDrs,27,0.08333731172132064,0.96092289686203,0.09974181210553204,0.48148148148148145,0.14814814814814814,0.37037037037037035
IF8mM04FT18,26,0.08327280526282266,0.9964332580566406,0.013627819143808804,0.38461538461538464,0.15384615384615385,0.46153846153846156
MrMMDrEG3xI,21,0.08311261761368119,0.8185136318206787,0.2062612431389945,0.38095238095238093,0.47619047619047616,0.14285714285714285
nA3kp7itaRk,24,0.08291479495771152,0.9404715895652771,-0.0017122017840544383,0.3333333333333333,0.3333333333333333,0.3333333333333333
hp4X0k9-9Sw,12,0.08283900739237045,0.3751358687877655,0.0,0.0,1.0,0.0
hUKKbiYgNfk,27,0.08281386651193585,0.8861547112464905,0.3398703767193688,0.6296296296296297,0.14814814814814814,0.2222222222222222
kASeuCfAMXs,12,0.08264851926166254,0.648184597492218,0.5069150701165199,0.6666666666666666,0.25,0.08333333333333333
1evH6dlA3pI,24,0.0825629564569681,0.8416244387626648,0.0021738670766353607,0.3333333333333333,0.3333333333333333,0.3333333333333333
xPi5CgUB8Zw,22,0.08229276270669122,0.565739095211029,0.4090649268843911,0.5,0.4090909090909091,0.09090909090909091
bIrKxUD3vOE,24,0.08197499867189133,0.7418552041053772,0.23141376549998918,0.4583333333333333,0.2916666666666667,0.25
KMxd5VdJIns,27,0.08183407201647276,0.6989372372627258,-0.5720163142239606,0.07407407407407407,0.14814814814814814,0.7777777777777778
FXSlSLG9yBg,25,0.08176677143434062,0.8241527080535889,-0.08697388410568237,0.32,0.24,0.44
mVK6sPX3wY8,24,0.08161080742138438,0.9900098443031311,0.13570163398981094,0.4166666666666667,0.25,0.3333333333333333
8Qr2BZnDe6w,27,0.08157797102790533,0.9088791012763977,0.5271496927296674,0.7037037037037037,0.14814814814814814,0.14814814814814814
pK9X0fo2Q0g,26,0.08149575622295603,0.9369397759437561,-0.0481462856897941,0.34615384615384615,0.23076923076923078,0.4230769230769231
PO9yyS367p4,22,0.08141107385745272,0.8494336009025574,-0.04354903372851285,0.2727272727272727,0.4090909090909091,0.3181818181818182
KbNAi0nTGHc,22,0.08138897962635383,0.9473364353179932,0.05830554799600081,0.3181818181818182,0.36363636363636365,0.3181818181818182
klDMyLqeMSc,24,0.08131037327984814,0.9418578743934631,-0.2157669241229693,0.16666666666666666,0.3333333333333333,0.5
gLKIBSrzgqQ,21,0.08117615529114292,0.7699431777000427,0.0379522442817688,0.2857142857142857,0.47619047619047616,0.23809523809523808
2Mmcjh79g3I,22,0.08072638933134096,0.8803077340126038,0.09228209880265323,0.3181818181818182,0.4090909090909091,0.2727272727272727
_n2pVxC7IJI,25,0.08061414014780893,0.9745355248451233,0.31124459266662596,0.56,0.24,0.2
DZ7N_383hc4,27,0.08034954819379857,0.5799942016601562,0.426476761146828,0.6296296296296297,0.14814814814814814,0.2222222222222222
hy7w8hA5sZc,23,0.08032788808265215,0.9365991353988647,0.13077653490978738,0.391304347826087,0.34782608695652173,0.2608695652173913
ABAgUXSm_LM,22,0.08005930262681266,0.855790913105011,-0.08454138582403009,0.22727272727272727,0.4090909090909091,0.36363636363636365
PYUzizWLU8Q,24,0.080047366983005,0.9215205311775208,0.46856263155738515,0.625,0.2916666666666667,0.08333333333333333
KI4Enhs_XpY,24,0.07979023526665212,0.9908518195152283,0.06695033858219783,0.375,0.3333333333333333,0.2916666666666667
BO12BnFJyqE,19,0.07958385088836382,0.8707751631736755,0.27469176210855184,0.3684210526315789,0.631578947368421,0.0
mchxDZrBun4,19,0.07935559671176107,0.9968305230140686,-0.11863514624143902,0.10526315789473684,0.631578947368421,0.2631578947368421
i9QonsVeFxg,20,0.07919810506864451,0.9157558083534241,-0.12683776319026946,0.15,0.5,0.35
YD3QZk6n4QI,24,0.07898268417193322,0.5395641326904297,0.28584881623586017,0.5,0.3333333333333333,0.16666666666666666
ehaOcSv2j10,24,0.07839631972941181,0.5380094051361084,0.294101503988107,0.5416666666666666,0.25,0.20833333333333334
i5MbJc9Hxxw,24,0.07837722688176048,0.7526136636734009,0.13162254790465036,0.375,0.3333333333333333,0.2916666666666667
zxuICI0kL3s,21,0.07836619303894363,0.6145347952842712,0.40718635774794076,0.47619047619047616,0.47619047619047616,0.047619047619047616
lsm_37mAPf0,25,0.07835205869050696,0.5120235085487366,0.02601165175437927,0.36,0.24,0.4
qrBOQuS9JL8,24,0.07780707812101657,0.9662883281707764,0.39745957404375076,0.5416666666666666,0.3333333333333333,0.125
O1YpPrK47fM,24,0.07740216135183194,0.7991946935653687,0.09296555568774541,0.375,0.3333333333333333,0.2916666666666667
LFswK_KMtPA,22,0.0771603476420172,0.685377836227417,0.12751223011450333,0.3181818181818182,0.45454545454545453,0.22727272727272727
DOFofQSK2zU,26,0.07709792826790363,0.9580194354057312,0.20682520018174097,0.5,0.23076923076923078,0.2692307692307692
5lLextewh94,1,0.07700373232364655,0.07700373232364655,0.9681124091148376,1.0,0.0,0.0
oxtX9JgGReQ,26,0.07673337692708279,0.9883312582969666,-0.14160625751201922,0.3076923076923077,0.15384615384615385,0.5384615384615384
Aguqb9ZMSBs,18,0.07646603278246605,0.5683836936950684,-0.1299489272965325,0.05555555555555555,0.6666666666666666,0.2777777777777778
ab9_pHbxnRU,2,0.07600144273601472,0.14677219092845917,0.0,0.0,1.0,0.0
B32QXwh4sR0,24,0.07587540675497924,0.8685408234596252,-0.027236461639404297,0.3333333333333333,0.25,0.4166666666666667
PqB5Hp8Ob9k,17,0.07581956217558507,0.9671469330787659,0.4041910697432125,0.7058823529411765,0.058823529411764705,0.23529411764705882
YK8g_52Yhw8,29,0.07579868152769732,0.9582809209823608,0.2583523742083845,0.5862068965517241,0.06896551724137931,0.3448275862068966
qKbb-1UqH00,23,0.07546736990891235,0.7292730808258057,-0.07982218783834706,0.2608695652173913,0.34782608695652173,0.391304347826087
CrV4Lm-mjPE,20,0.07519749945204239,0.6198130249977112,0.005397427082061768,0.2,0.6,0.2
9P2tfdVGQyE,26,0.07508720254050925,0.9128778576850891,0.1129063620017125,0.4230769230769231,0.23076923076923078,0.34615384615384615
1UwQQS337ww,24,0.0747715765828616,0.36891788244247437,-0.40379469841718674,0.08333333333333333,0.2916666666666667,0.625
GbAKxirBTIE,15,0.07467381122599666,0.7746939659118652,-0.06404618819554647,0.26666666666666666,0.4,0.3333333333333333
jbgFAstjYc4,11,0.07456463194896722,0.49794355034828186,-0.28725211728702893,0.18181818181818182,0.2727272727272727,0.5454545454545454
160bNWEp07k,27,0.07444027765369457,0.9940100908279419,0.24182528919643825,0.5555555555555556,0.14814814814814814,0.2962962962962963
pI3HzJI_01A,26,0.0743245620016331,0.7206156253814697,0.3889720394061162,0.6153846153846154,0.19230769230769232,0.19230769230769232
lEfbT1bbDEY,26,0.07432438363545,0.5112707018852234,0.18286223480334649,0.5,0.15384615384615385,0.34615384615384615
OMoYymsDfXI,26,0.07428328199267316,0.6330763101577759,0.3225645881432753,0.5384615384615384,0.19230769230769232,0.2692307692307692
guF62ONs6wI,24,0.07421353316506914,0.9935385584831238,0.18165084595481554,0.4166666666666667,0.3333333333333333,0.25
LaVVGCLgAmo,24,0.07407665775341836,0.9917043447494507,0.08552469313144684,0.4166666666666667,0.25,0.3333333333333333
J6Sg1kE73wU,24,0.0737287108010302,0.8560302257537842,0.4147081213692824,0.625,0.25,0.125
aAbY1mUDCz8,28,0.07370107346131201,0.9944018721580505,-0.08321807214191981,0.35714285714285715,0.14285714285714285,0.5
iIj3VxhxfbU,23,0.07337508858282767,0.8131040930747986,-0.17130101634108502,0.17391304347826086,0.34782608695652173,0.4782608695652174
krrk9QVdmQk,24,0.07300271014052366,0.5094109177589417,-0.25738899906476337,0.20833333333333334,0.25,0.5416666666666666
ArLfxGVv9gA,26,0.07278396455177034,0.8381724953651428,0.24513921829370353,0.5384615384615384,0.23076923076923078,0.23076923076923078
iXTZR3YYgMI,10,0.0727397948212456,0.5898395776748657,0.25570284724235537,0.5,0.3,0.2
Nldwwojda4o,3,0.07270897486402343,0.13501906394958496,-0.16703341404596964,0.0,0.6666666666666666,0.3333333333333333
lS1Tc-YtgbQ,26,0.07266823318115292,0.4924882650375366,-0.1113585325387808,0.34615384615384615,0.15384615384615385,0.5
bT2cCWYiFpw,25,0.07235223561991005,0.838337779045105,0.5017821860313415,0.64,0.24,0.12
IFWUJ_trnp4,25,0.07189898802898824,0.7984280586242676,-0.1042133915424347,0.32,0.24,0.44
L06dg1E277o,24,0.07141276112815831,0.9973529577255249,-0.21962716927131018,0.16666666666666666,0.3333333333333333,0.5
Ec8GxMhFjlM,22,0.07138940664431588,0.9965415596961975,0.2884364507415078,0.45454545454545453,0.4090909090909091,0.13636363636363635
JUV4UzTW8Rs,29,0.07130374121961408,0.8070194721221924,0.38835888998261814,0.6896551724137931,0.06896551724137931,0.2413793103448276
b38h-JlZnvo,27,0.07120300400398534,0.6843079328536987,0.23813984570679841,0.5555555555555556,0.14814814814814814,0.2962962962962963
idpNpw0zHu4,16,0.07113976528853527,0.8972319960594177,-0.30210166051983833,0.0625,0.4375,0.5
BobN_rf8Yk8,21,0.07105833916215315,0.7360289096832275,0.37040397099086214,0.47619047619047616,0.47619047619047616,0.047619047619047616
ijXmcMVSfcc,22,0.07099779064248485,0.5696098208427429,-0.22090934623371472,0.18181818181818182,0.36363636363636365,0.45454545454545453
6_rCbgnPVOw,30,0.0708742287553226,0.42911460995674133,0.21297910809516907,0.5666666666666667,0.06666666666666667,0.36666666666666664
y91-2ITboys,24,0.07081136715229756,0.8105347752571106,0.3415803735454877,0.5416666666666666,0.3333333333333333,0.125
jblRGZESi5Y,26,0.07073314861806396,0.510220468044281,0.02582337764593271,0.38461538461538464,0.19230769230769232,0.4230769230769231
Or4gwOtrtAI,22,0.07068977093546312,0.5057363510131836,0.11916194585236636,0.36363636363636365,0.4090909090909091,0.22727272727272727
8OA-1XGz8uU,23,0.07054080353017249,0.7095928192138672,0.2801497967346855,0.4782608695652174,0.34782608695652173,0.17391304347826086
ddOti18SvVI,24,0.07020432803255972,0.8435723781585693,0.2692860687772433,0.5,0.2916666666666667,0.20833333333333334
hR5R4vcYeKY,22,0.07014171886575324,0.755640983581543,0.22983219135891308,0.45454545454545453,0.36363636363636365,0.18181818181818182
blad_L_MBw8,26,0.06998349156884405,0.9942242503166199,0.12596570069973284,0.46153846153846156,0.23076923076923078,0.3076923076923077
ciFYTA-SSXI,22,0.06943271983817051,0.7715224027633667,-0.02913797308098186,0.2727272727272727,0.36363636363636365,0.36363636363636365
g3Xta6QVOOo,18,0.06932504288852215,0.33294180035591125,0.010839405986997817,0.1111111111111111,0.7777777777777778,0.1111111111111111
c5mtTrLtmyI,28,0.06928905749477313,0.7591167688369751,0.3087823284523828,0.5714285714285714,0.14285714285714285,0.2857142857142857
LctzaMkiPnU,24,0.06919892946946977,0.9542728662490845,0.15105706825852394,0.4166666666666667,0.3333333333333333,0.25
b-9gko2AtP0,20,0.06919118149671703,0.9989688396453857,-0.2895797103643417,0.05,0.5,0.45
-vZE7ZTByjE,24,0.06917280034152402,0.6928907632827759,0.21907013654708862,0.4583333333333333,0.3333333333333333,0.20833333333333334
IkPWdGY8tcw,22,0.0691366825538518,0.4685172438621521,0.07754733345725319,0.36363636363636365,0.36363636363636365,0.2727272727272727
0QPX-nOQRis,26,0.0688283184046248,0.997161865234375,0.22476106308973753,0.5384615384615384,0.19230769230769232,0.2692307692307692
qUqFHUklWHU,26,0.06881781612397529,0.6107299327850342,0.3344006137206004,0.5769230769230769,0.19230769230769232,0.23076923076923078
0GAt7ofK7qA,4,0.06878679158398882,0.2592536509037018,-0.3900330066680908,0.0,0.5,0.5
-nXaOWAiLAo,22,0.06869156845707701,0.6198387742042542,0.21011170880361038,0.45454545454545453,0.4090909090909091,0.13636363636363635
adWMjnuD2NU,23,0.06854141833331517,0.9752312898635864,-0.1349727485490882,0.21739130434782608,0.34782608695652173,0.43478260869565216
PoqTeD3dZiU,28,0.06853259238830235,0.8162781596183777,0.1275200237120901,0.5,0.10714285714285714,0.39285714285714285
aePRCHAml_o,22,0.06849221788897095,0.9143804907798767,0.3233942281116139,0.5,0.36363636363636365,0.13636363636363635
kV9ekSi8eOM,16,0.06835910622248775,0.980985701084137,0.07940514385700226,0.375,0.3125,0.3125
JoBOSC6EnOQ,26,0.06826622700408244,0.9509057402610779,-0.032233282923698425,0.34615384615384615,0.23076923076923078,0.4230769230769231
EIKQwFE5wV4,24,0.06767200489654594,0.7033476233482361,0.10656908402840297,0.375,0.3333333333333333,0.2916666666666667
8J4Po7kAZhA,27,0.06736469195715876,0.9568883776664734,0.3917048584531855,0.6666666666666666,0.14814814814814814,0.18518518518518517
fVSXg7_NPAU,21,0.06730847384425856,0.9753833413124084,0.041321491911297754,0.2857142857142857,0.47619047619047616,0.23809523809523808
5gTuFh5N-28,24,0.06726171029004036,0.732177734375,0.05074083556731542,0.375,0.25,0.375
_-MqPiWPp9E,24,0.0671055811617407,0.5658257603645325,0.05566366265217463,0.375,0.2916666666666667,0.3333333333333333
1Xus64yzUFw,13,0.06659258228655045,0.5063920617103577,0.36924205605800337,0.6153846153846154,0.23076923076923078,0.15384615384615385
9MpScv2l9bk,24,0.06649951337021776,0.5524884462356567,-0.04248936350146929,0.2916666666666667,0.2916666666666667,0.4166666666666667
qDdqMm00Mw4,24,0.06644327926672607,0.9940395355224609,0.2699957949419816,0.4583333333333333,0.3333333333333333,0.20833333333333334
GMHex2iYtzo,21,0.0662862701768366,0.6424068808555603,-0.15896532932917276,0.14285714285714285,0.47619047619047616,0.38095238095238093
rug-05lL1UM,21,0.06590335742969598,0.9860954880714417,-0.03727059563000997,0.23809523809523808,0.47619047619047616,0.2857142857142857
grvRC7b8MZE,24,0.0658696487104559,0.9971823692321777,0.4794846996665001,0.625,0.2916666666666667,0.08333333333333333
lqCFYDKTg9k,25,0.06578313498292118,0.4393759071826935,-0.40507806301116944,0.12,0.24,0.64
fMI7x6HfQSk,27,0.06577509602626648,0.8713697791099548,0.37421860849415817,0.6296296296296297,0.14814814814814814,0.2222222222222222
i-AH70lNraU,24,0.06567609054521502,0.9912574291229248,-0.24681467562913895,0.16666666666666666,0.3333333333333333,0.5
88UTOLwzxq4,24,0.06558971962416156,0.6134180426597595,0.6850336119532585,0.75,0.25,0.0
ZTkP4Em9Q9s,27,0.06556927644932228,0.6023581027984619,0.6535041718571274,0.7777777777777778,0.14814814814814814,0.07407407407407407
RtnBaj015tk,11,0.06551151827972551,0.3710843324661255,0.7404880198565397,0.8181818181818182,0.18181818181818182,0.0
mnb5a4-3j_E,26,0.065220380916099,0.555092453956604,0.35064461941902453,0.5769230769230769,0.15384615384615385,0.2692307692307692
7-7FGjxS4uo,24,0.0651973662703919,0.7356783747673035,-0.04027257363001505,0.2916666666666667,0.2916666666666667,0.4166666666666667
xuSJ_zQ_xvk,26,0.0651264150107566,0.8648399114608765,0.1632408362168532,0.5,0.15384615384615385,0.34615384615384615
blZDMhzxVqw,9,0.06512577384839663,0.4133640229701996,-0.06336262491014269,0.3333333333333333,0.2222222222222222,0.4444444444444444
M0dPKnnP6Ew,22,0.06483941112475639,0.7597325444221497,-0.3253691535104405,0.09090909090909091,0.4090909090909091,0.5
A84joIRQEqk,29,0.06470084025781474,0.8606308102607727,0.797042965888977,0.896551724137931,0.06896551724137931,0.034482758620689655
F6WnIx7fx44,22,0.06462112462031655,0.37749406695365906,-0.07662006399848244,0.2727272727272727,0.36363636363636365,0.36363636363636365
cxtx5U5BxzA,20,0.06459997354832012,0.7197552919387817,-0.007444542646408081,0.2,0.6,0.2
d5jBQ76bCmk,24,0.06449773762869881,0.5684345364570618,-0.038577323158582054,0.2916666666666667,0.3333333333333333,0.375
2tSrfoI6w9A,22,0.06425786922706968,0.49542057514190674,0.4524284167723222,0.5454545454545454,0.45454545454545453,0.0
__Lmb-90ts8,24,0.06421106566025021,0.7019093632698059,-0.3240805168946584,0.16666666666666666,0.25,0.5833333333333334
8u2AJauvVjA,22,0.06409111743877557,0.5560637712478638,-0.14001463895494287,0.18181818181818182,0.4090909090909091,0.4090909090909091
-LA3Z1B-LDQ,20,0.0639648882613983,0.7840087413787842,0.12272586226463318,0.35,0.5,0.15
263un33_f_w,22,0.06394655709366569,0.9514306783676147,0.2485233721407977,0.45454545454545453,0.45454545454545453,0.09090909090909091
_SZHvosNJjY,22,0.06357453397041271,0.6804014444351196,0.339892409064553,0.45454545454545453,0.45454545454545453,0.09090909090909091
ilj1oFefg9E,19,0.06317173261317964,0.6848000288009644,0.43211277378232854,0.5789473684210527,0.21052631578947367,0.21052631578947367
686PL7rt654,22,0.06288694621021436,0.6888792514801025,0.4715434678576209,0.5909090909090909,0.36363636363636365,0.045454545454545456
eeV-7u9COiM,24,0.06288623235013802,0.6653198599815369,0.48700539395213127,0.5833333333333334,0.2916666666666667,0.125
L6wYfvrF9QA,25,0.06282253456301987,0.7166443467140198,-0.0697102677822113,0.32,0.24,0.44
3xfSptraAq4,16,0.06264753123105038,0.9535650610923767,0.29979702085256577,0.375,0.5625,0.0625
cQxKoZaFTRY,20,0.062493607113719915,0.6295574307441711,0.052355194091796876,0.25,0.55,0.2
I7Lv-1GY92M,26,0.06239030288774162,0.9806780219078064,0.2517393437715677,0.5384615384615384,0.19230769230769232,0.2692307692307692
bsUcMXZ_DuY,25,0.062263729369733484,0.7165918946266174,0.2873240101337433,0.52,0.24,0.24
nsVs-__Ea3A,22,0.062093002708438275,0.45124489068984985,-0.0658856440674175,0.22727272727272727,0.45454545454545453,0.3181818181818182
KniVD22s18o,26,0.06200997550891211,0.9153004884719849,0.45986871077464175,0.6923076923076923,0.15384615384615385,0.15384615384615385
CaL6Hqc6X-o,26,0.06200713244526504,0.807215690612793,0.49942267628816456,0.6923076923076923,0.19230769230769232,0.11538461538461539
74Weif-TpM0,24,0.0617610054105171,0.8309429287910461,-0.18958741053938866,0.20833333333333334,0.2916666666666667,0.5
aFyVaOdDizk,22,0.061728009258248756,0.773216724395752,0.4081248641014099,0.5,0.45454545454545453,0.045454545454545456
7HVBPgcUtiQ,22,0.06171844617347233,0.7302069067955017,-0.16525033929131247,0.22727272727272727,0.2727272727272727,0.5
aboz-HW45KI,20,0.061690408241702244,0.2667299807071686,0.37721126675605776,0.45,0.5,0.05
ES75xLrH2nw,22,0.06163608661154285,0.6445789337158203,-0.06967861273071983,0.22727272727272727,0.45454545454545453,0.3181818181818182
EPTdwRLwWR8,22,0.0616323372523766,0.977581799030304,0.22719687223434448,0.4090909090909091,0.36363636363636365,0.22727272727272727
9eXz4hAKQsY,23,0.06157591254905919,0.9873560070991516,0.2067143554272859,0.43478260869565216,0.34782608695652173,0.21739130434782608
76gHyKm1ygY,26,0.061509365759915315,0.6183763742446899,0.49783767186678374,0.6923076923076923,0.15384615384615385,0.15384615384615385
aTSSCQA9LB0,27,0.06118931254820415,0.7545896172523499,0.24917471850359882,0.5185185185185185,0.14814814814814814,0.3333333333333333
4wPbA1hx-B4,22,0.06091844568039629,0.6565772294998169,0.32384953715584497,0.45454545454545453,0.45454545454545453,0.09090909090909091
AKQZuiX_6YA,24,0.06081176947191125,0.8012343049049377,0.2656770795583725,0.4583333333333333,0.3333333333333333,0.20833333333333334
mzOgnT1_Qdk,24,0.060726391044833385,0.9445835947990417,0.16336176544427872,0.4166666666666667,0.2916666666666667,0.2916666666666667
DVoYk2Zc7Og,26,0.06064668451122438,0.8348920345306396,-0.31402997557933515,0.19230769230769232,0.19230769230769232,0.6153846153846154
R4pqs3F4z-Y,25,0.06061959372833371,0.6938165426254272,0.023898942470550535,0.36,0.24,0.4
clkvydobJjs,24,0.06047791840683203,0.5495852828025818,0.14560317993164062,0.4166666666666667,0.3333333333333333,0.25
eBxvUc1PjAA,22,0.06030754444443367,0.7595319151878357,0.3901156254790046,0.5,0.45454545454545453,0.045454545454545456
m5Xw4TMfDX8,26,0.060216659534489736,0.6156813502311707,0.2580100756425124,0.5384615384615384,0.19230769230769232,0.2692307692307692
f1_h5y5udqI,26,0.059887894516577944,0.9424954056739807,0.1406530634715007,0.4230769230769231,0.23076923076923078,0.34615384615384615
pck3xkL6tmQ,26,0.05979157102186806,0.9658595323562622,0.5545193530046023,0.6923076923076923,0.19230769230769232,0.11538461538461539
4fgesbFW70Y,24,0.059763551823076945,0.8671622276306152,-0.19575747599204382,0.20833333333333334,0.2916666666666667,0.5
jHMtYbXHSzM,20,0.05975240943953395,0.7267128825187683,0.028752122819423676,0.2,0.6,0.2
qlSLYTMbshk,26,0.05956207886517335,0.9908334612846375,-0.04341071156355051,0.3076923076923077,0.23076923076923078,0.46153846153846156
cvUVNc0XGdE,27,0.05949492104291157,0.9559409022331238,0.07040627907823634,0.4444444444444444,0.14814814814814814,0.4074074074074074
CqZ7hhJAv48,25,0.05907813100609929,0.6539867520332336,0.3976882541179657,0.56,0.24,0.2
e76mOqI5H2s,24,0.05842978207753428,0.8105347156524658,0.5426598389943441,0.625,0.3333333333333333,0.041666666666666664
BoQqRFM8r6A,26,0.057898751981645964,0.42398548126220703,0.5278197194521244,0.7307692307692307,0.19230769230769232,0.07692307692307693
jaTiBYPwewk,24,0.0577744041220285,0.5764987468719482,-0.2116207778453827,0.20833333333333334,0.25,0.5416666666666666
2ZaaQ8QpyNM,22,0.05762220817797987,0.9252918362617493,-0.09141047163443132,0.22727272727272727,0.36363636363636365,0.4090909090909091
BASFqf-nA34,22,0.05687275043402968,0.8965100049972534,-0.1523024466904727,0.18181818181818182,0.4090909090909091,0.4090909090909091
0BJvW88XxhM,26,0.056730458398725696,0.4819593131542206,0.13988363055082467,0.46153846153846156,0.19230769230769232,0.34615384615384615
6qMNcuyTIrU,3,0.05656178464414552,0.10617877542972565,-0.20345733563105264,0.3333333333333333,0.0,0.6666666666666666
Q7kXXGIBEyI,24,0.05621526298637036,0.9873787760734558,-0.20927526677648225,0.16666666666666666,0.3333333333333333,0.5
6vR062DjfEA,22,0.055807029667035254,0.6047192811965942,0.23816947774453598,0.45454545454545453,0.36363636363636365,0.18181818181818182
QE2UtkmIGgo,22,0.05547838945164007,0.7281649112701416,-0.27511647072705353,0.09090909090909091,0.4090909090909091,0.5
lIKXObYKQfY,24,0.055418531119357795,0.8906300067901611,-0.185733150690794,0.20833333333333334,0.2916666666666667,0.5
5EsQ3znrsUQ,26,0.05529142152338933,0.992055356502533,0.24484560925226945,0.5384615384615384,0.19230769230769232,0.2692307692307692
RVIgGX-prn0,5,0.055088266415987165,0.17515382170677185,-0.10296190977096557,0.2,0.4,0.4
aytRS129_vU,25,0.05469153226353228,0.6886611580848694,0.14727115392684936,0.48,0.24,0.28
LbEMLAOUFJc,22,0.054592510145580905,0.2735176980495453,-0.09810345552184364,0.22727272727272727,0.4090909090909091,0.36363636363636365
fWWCK07BoJ8,24,0.05450431139858362,0.7691189646720886,0.1001066341996193,0.375,0.3333333333333333,0.2916666666666667
4B0PMcWYRnI,24,0.05444955425142931,0.35022783279418945,-0.4924507675071557,0.041666666666666664,0.25,0.7083333333333334
_VGAgISXPUA,15,0.05433647699343661,0.3919857442378998,-0.16131929357846578,0.13333333333333333,0.5333333333333333,0.3333333333333333
LV6Sowom8bM,23,0.05424723610454037,0.3798246383666992,0.31001822456069617,0.4782608695652174,0.34782608695652173,0.17391304347826086
cwjTAtuxX-g,24,0.053784974945301656,0.9344846606254578,-0.02631009245912234,0.2916666666666667,0.3333333333333333,0.375
d1S-Z6nD-fA,20,0.05376410356548149,0.5480947494506836,0.22787234485149382,0.35,0.55,0.1
nwrcll8OqPc,22,0.0536871883854143,0.7254648208618164,0.02851184931668368,0.2727272727272727,0.45454545454545453,0.2727272727272727
o3hOKL0ts8Y,22,0.05342588941460814,0.5025880336761475,-0.19523731957782398,0.13636363636363635,0.4090909090909091,0.45454545454545453
Bihq7BS9iEM,22,0.05329078192748553,0.7088956236839294,0.017613391984592785,0.36363636363636365,0.36363636363636365,0.2727272727272727
AeID0iYpXPU,24,0.053257973207413066,0.5234872102737427,0.5364448614418507,0.6666666666666666,0.25,0.08333333333333333
Ma9ajk8_y4k,22,0.05323739222578958,0.4542398452758789,0.05506986379623413,0.3181818181818182,0.36363636363636365,0.3181818181818182
kLtmcu4WTSo,20,0.05318059285345953,0.621783971786499,-0.0004072532057762146,0.2,0.6,0.2
OIK9K2tadp8,25,0.053123079650104044,0.89615398645401,0.4997192418575287,0.68,0.24,0.08
7ZwknBCsCWk,23,0.05301540769363308,0.7402107119560242,0.08962624098943628,0.43478260869565216,0.34782608695652173,0.21739130434782608
nfaCNsHlhlk,24,0.05301244703150587,0.6218507885932922,-0.2628123040000598,0.20833333333333334,0.25,0.5416666666666666
gO6zCoFk_o8,25,0.05299050942994654,0.8373384475708008,0.5022923183441163,0.68,0.24,0.08
8zj70p1OPt0,2,0.05297766753938049,0.10412802547216415,0.6985627114772797,1.0,0.0,0.0
47KuGbRl4k4,26,0.052849047212825656,0.5375697016716003,0.4575729782764728,0.6538461538461539,0.19230769230769232,0.15384615384615385
6H1DXz4uFdY,22,0.05268595090654509,0.9960198998451233,0.12136554447087375,0.36363636363636365,0.4090909090909091,0.22727272727272727
A5MVRtRWWgc,26,0.05248526558996393,0.5968118906021118,-0.15288168650407058,0.2692307692307692,0.15384615384615385,0.5769230769230769
C8YkFzaM-Wo,24,0.05192960308825908,0.5998689532279968,0.3526780630151431,0.5833333333333334,0.25,0.16666666666666666
ID8qGu1WOdQ,27,0.051896358249467554,0.6739140748977661,-0.18491345864755135,0.2962962962962963,0.14814814814814814,0.5555555555555556
jWDMULbexBo,28,0.05162468869197515,0.8171371221542358,0.6515111135584968,0.7857142857142857,0.10714285714285714,0.10714285714285714
eke1Dcw50rU,22,0.0515858625612137,0.5015749335289001,0.18805180354551834,0.4090909090909091,0.36363636363636365,0.22727272727272727
ILeOo05_D6k,15,0.05143861775674547,0.4889276623725891,0.016704187790552775,0.3333333333333333,0.4,0.26666666666666666
gK-SRfOCVIg,23,0.05140838393961768,0.5750735998153687,0.38415533822515735,0.5217391304347826,0.34782608695652173,0.13043478260869565
EhfWXBxsQVU,22,0.05118023548857309,0.5365048050880432,0.06145921349525452,0.3181818181818182,0.45454545454545453,0.22727272727272727
naklgJugaNU,26,0.05117140704085334,0.523738443851471,0.025322562226882346,0.4230769230769231,0.15384615384615385,0.4230769230769231
GyoTu40Y0fQ,24,0.05115608262228003,0.5559334754943848,-0.07066664099693298,0.25,0.3333333333333333,0.4166666666666667
dporC-QQcw0,26,0.051114194408560604,0.4272821247577667,0.41401818050788,0.5769230769230769,0.23076923076923078,0.19230769230769232
8_RxN--2So0,24,0.05077255675860215,0.4309716522693634,0.42656786118944484,0.5833333333333334,0.3333333333333333,0.08333333333333333
mMz6dUHvQTY,3,0.05036995573512589,0.09333187341690063,-0.13430054982503256,0.3333333333333333,0.0,0.6666666666666666
9ZxGgKQWJt4,3,0.050238018350986145,0.14830821752548218,-0.17970257997512817,0.3333333333333333,0.0,0.6666666666666666
iWacrb4TWUw,23,0.050019553194389395,0.7284202575683594,0.21790493830390598,0.43478260869565216,0.34782608695652173,0.21739130434782608
e4xfdOw1F8M,26,0.05000135904545179,0.9821605682373047,-0.17533791409089014,0.2692307692307692,0.15384615384615385,0.5769230769230769
62Prd_h55yw,20,0.049780377664137634,0.5421359539031982,0.3397654339671135,0.45,0.5,0.05
N32LfimYd1U,22,0.049652702114227315,0.969810962677002,-0.02627328580076044,0.2727272727272727,0.4090909090909091,0.3181818181818182
8E2CR-aStN0,21,0.04948951388221411,0.3681272864341736,0.4018178241593497,0.5238095238095238,0.47619047619047616,0.0
6xThZX0GEL0,22,0.04945037368981337,0.9197797179222107,0.22607321088964288,0.4090909090909091,0.45454545454545453,0.13636363636363635
bUFjWXFdWXg,21,0.04941198649439251,0.9016138315200806,0.20153794118336268,0.38095238095238093,0.47619047619047616,0.14285714285714285
LOFm0Dy9U0k,25,0.04921632824698463,0.8642158508300781,0.1499900484085083,0.48,0.24,0.28
9Xeepzg1B8I,22,0.0491667331688487,0.9596652984619141,0.39757553420283576,0.5454545454545454,0.45454545454545453,0.0
ZN3Vh0wyQGQ,24,0.049023926813485254,0.8844760656356812,0.05429029961427053,0.375,0.3333333333333333,0.2916666666666667
gCs6mZEyKtI,22,0.04880399395849302,0.46629253029823303,-0.10637691075151617,0.22727272727272727,0.36363636363636365,0.4090909090909091
aZYsMdOobd0,30,0.04856699499844884,0.9861654043197632,0.5621889899174373,0.8,0.03333333333333333,0.16666666666666666
2ENilC8uluE,24,0.04852916097055034,0.648980438709259,0.36475396404663724,0.5833333333333334,0.25,0.16666666666666666
9S4EIcxYIvY,22,0.048465544408166104,0.7377630472183228,0.13141465864398263,0.36363636363636365,0.4090909090909091,0.22727272727272727
3ISmyDAcHeo,22,0.048333546956366095,0.4263817369937897,0.22940976240418173,0.4090909090909091,0.45454545454545453,0.13636363636363635
eyRuqk2u0g4,24,0.047762957491310466,0.9241200089454651,0.5028913989663124,0.625,0.3333333333333333,0.041666666666666664
ceWTbkSEt7U,26,0.04755786730675027,0.5781805515289307,-0.43585705757141113,0.15384615384615385,0.15384615384615385,0.6923076923076923
raCEzmYcL2g,23,0.04754061836739192,0.8206208348274231,0.27105887558149255,0.4782608695652174,0.34782608695652173,0.17391304347826086
oWcJ0FFTov4,24,0.047524525764553495,0.7342104315757751,0.18923425177733103,0.4583333333333333,0.3333333333333333,0.20833333333333334
MFpWEKN9c6Y,24,0.047009369908967834,0.8512572050094604,0.5416619082291921,0.6666666666666666,0.2916666666666667,0.041666666666666664
QHRIfl90Onk,16,0.04679927743200096,0.1358487755060196,0.0344543382525444,0.0625,0.9375,0.0
KuF-L6n0O9o,22,0.046705754061060194,0.5925859212875366,0.3089008344845338,0.5,0.36363636363636365,0.13636363636363635
2Gx2T8xxcwA,22,0.04651423864362931,0.18385574221611023,0.022504175251180477,0.2727272727272727,0.45454545454545453,0.2727272727272727
7ucT7pFTxBw,24,0.04640783297024124,0.37818774580955505,0.2758862376213074,0.5,0.25,0.25
OgopfeJ0wQA,25,0.04634623305406421,0.7145841121673584,0.24199352741241456,0.52,0.24,0.24
LptRp34-gds,23,0.04626675652917069,0.2920351028442383,0.25274274141892145,0.4782608695652174,0.34782608695652173,0.17391304347826086
6D_fI6v6AfM,24,0.046233507532936834,0.4101138412952423,0.3031991521517436,0.5,0.3333333333333333,0.16666666666666666
6xYjxQ3Y_go,26,0.04613565927810179,0.6462439298629761,0.46673826300180876,0.6538461538461539,0.15384615384615385,0.19230769230769232
DpDu_FzZsyI,23,0.04584785984353284,0.5683971047401428,0.4054756177508313,0.5652173913043478,0.34782608695652173,0.08695652173913043
iz60W0qEB_M,26,0.04582430109327946,0.3126194477081299,0.6097774494152802,0.7307692307692307,0.19230769230769232,0.07692307692307693
jPjib1CnlTo,22,0.04570140456516211,0.2516399621963501,0.12155139988118951,0.36363636363636365,0.4090909090909091,0.22727272727272727
2wCHL7Shrq4,20,0.04559206101403106,0.20085054636001587,0.07896432727575302,0.3,0.5,0.2
KRjSt0cft3I,21,0.0455918662732334,0.4936583638191223,0.15966491472153438,0.3333333333333333,0.47619047619047616,0.19047619047619047
mAbsDFe-e-c,19,0.04544690743358316,0.21875616908073425,0.15068378887678446,0.2631578947368421,0.631578947368421,0.10526315789473684
YgGlQHRBB-A,24,0.04537631200219039,0.5709989070892334,0.2504110187292099,0.4583333333333333,0.2916666666666667,0.25
m0p9u9GOwXo,24,0.0453687994061814,0.7693041563034058,0.09903015196323395,0.375,0.3333333333333333,0.2916666666666667
iCyKQX4dEsM,22,0.04517784920013086,0.4659154415130615,0.16869329864328558,0.36363636363636365,0.45454545454545453,0.18181818181818182
4K5bISnYAnA,11,0.04499686695106158,0.3895394802093506,0.0074912147088484335,0.36363636363636365,0.2727272727272727,0.36363636363636365
lQz5aqjZ3lQ,26,0.04495914170267777,0.6798697113990784,0.5148947777656409,0.6923076923076923,0.23076923076923078,0.07692307692307693
M5kGN4e9_zE,26,0.04488974275255504,0.9713747501373291,0.3004827625476397,0.5769230769230769,0.23076923076923078,0.19230769230769232
-iKAiDsxGMw,26,0.044731326862417445,0.4363741874694824,-0.2643573238299443,0.2692307692307692,0.15384615384615385,0.5769230769230769
CcutkpvGThE,24,0.04469018743839115,0.6944918036460876,0.2774228813747565,0.5416666666666666,0.25,0.20833333333333334
Qd4iflwkLus,24,0.04453851626749383,0.327107697725296,-0.16401217008630434,0.20833333333333334,0.3333333333333333,0.4583333333333333
ed-LpZoGuEQ,6,0.04450941303124031,0.25013673305511475,-0.6026438077290853,0.0,0.16666666666666666,0.8333333333333334
nAkFtEaUohU,25,0.04449682228034362,0.41691598296165466,0.38009071111679077,0.56,0.24,0.2
8V0Rg8J4jpo,22,0.04403784769237973,0.467304527759552,0.33095577359199524,0.45454545454545453,0.45454545454545453,0.09090909090909091
e24RVz0uj30,24,0.04396625077788485,0.5846381783485413,-0.125991839915514,0.25,0.3333333333333333,0.4166666666666667
_ucNDdCJdz0,23,0.04393735309333905,0.6455340385437012,0.4182334827340167,0.5652173913043478,0.34782608695652173,0.08695652173913043
CX_FwumHHWQ,25,0.04369039999321103,0.5881357192993164,0.33548333168029787,0.56,0.24,0.2
7lStOCq-svI,26,0.04359897760486302,0.5091472864151001,0.4879325616818208,0.6538461538461539,0.19230769230769232,0.15384615384615385
QqTVvMdlIqA,15,0.04235611791955307,0.33555230498313904,0.49693390528361003,0.6666666666666666,0.2,0.13333333333333333
yRFeTgwx5lA,25,0.042233758992515504,0.9631502032279968,0.16811511158943176,0.44,0.24,0.32
eUDyHqqXPTo,22,0.04221198381856084,0.5482088327407837,0.30799205194820056,0.45454545454545453,0.4090909090909091,0.13636363636363635
0-gqH-SUkAM,26,0.04220816621986719,0.6053507924079895,0.6380263887918912,0.7307692307692307,0.23076923076923078,0.038461538461538464
54zGAzjp9aE,8,0.042080038707354106,0.19268745183944702,0.42945748567581177,0.75,0.0,0.25
iaQ3JjnvLnQ,25,0.04205584116047248,0.4208478629589081,-0.3199624788761139,0.16,0.24,0.6
Q7YTUdvGaT8,22,0.04201599969316951,0.5890738368034363,0.2994794791395014,0.45454545454545453,0.4090909090909091,0.13636363636363635
6a1lXeTtEac,23,0.04152824225805133,0.29204222559928894,0.6114542121472566,0.6521739130434783,0.34782608695652173,0.0
OGaztz4JUnk,27,0.04143075182542412,0.7549342513084412,0.25499765078226727,0.5555555555555556,0.14814814814814814,0.2962962962962963
qUFEkxNP6fc,24,0.04138634848883763,0.2333461344242096,-0.29292722046375275,0.16666666666666666,0.3333333333333333,0.5
XF5atSzGKRI,26,0.04109481807413081,0.5020663738250732,0.5800182269169734,0.7307692307692307,0.19230769230769232,0.07692307692307693
EcUhw7ZWwjA,24,0.04108894109473719,0.8321295976638794,-0.35057566314935684,0.08333333333333333,0.3333333333333333,0.5833333333333334
3iG7WK-rVd4,24,0.04105003748069672,0.71220463514328,0.2394281985859076,0.4583333333333333,0.2916666666666667,0.25
qohp1VJQSA4,22,0.04099648939551447,0.38024193048477173,0.1119699776172638,0.36363636363636365,0.4090909090909091,0.22727272727272727
4mXtYMYwwEg,26,0.04052311352839192,0.5562085509300232,0.6342287865968851,0.7692307692307693,0.15384615384615385,0.07692307692307693
EsIIQttd2_w,21,0.04042989086259955,0.4972934126853943,0.380667949006671,0.47619047619047616,0.47619047619047616,0.047619047619047616
XNtTO_339kU,25,0.04024304281221703,0.6862976551055908,0.45662856578826905,0.64,0.24,0.12
yiWbBC9rUMM,25,0.0400080147315748,0.4270974099636078,-0.025921262502670288,0.32,0.24,0.44
MN78s6lWLgU,23,0.04000029047829625,0.7066472172737122,-0.1206062578636667,0.2608695652173913,0.34782608695652173,0.391304347826087
8zBJCToatas,23,0.03993214955350951,0.5348148345947266,0.255651267974273,0.4782608695652174,0.34782608695652173,0.17391304347826086
72Eea9FwBQE,23,0.0395137043264897,0.3158290982246399,0.03392397450364154,0.30434782608695654,0.34782608695652173,0.34782608695652173
QdAm1-H9HSc,24,0.039225632242353946,0.36783990263938904,-0.2016978288690249,0.20833333333333334,0.3333333333333333,0.4583333333333333
RTqJrXS9Zic,26,0.039211761757122494,0.37578290700912476,-0.1369120730803563,0.2692307692307692,0.23076923076923078,0.5
BYlxblDMM2w,24,0.03918367004371248,0.5955275297164917,0.24262400964895883,0.4583333333333333,0.2916666666666667,0.25
QthxxJH6W7Q,27,0.03898855557242684,0.4382270872592926,0.34440493362921254,0.5925925925925926,0.14814814814814814,0.25925925925925924
oAP2bTWeEmc,24,0.03870355061129279,0.29742634296417236,0.5666370093822479,0.6666666666666666,0.2916666666666667,0.041666666666666664
pUFn8fU0d0c,24,0.038220728977952,0.6770607233047485,0.43980419884125393,0.5833333333333334,0.25,0.16666666666666666
RgPWJP1zSPo,23,0.03783173456727325,0.3997737765312195,0.06928866324217423,0.34782608695652173,0.34782608695652173,0.30434782608695654
E0vsoyiX9bw,2,0.037679070461308584,0.074528768658638,0.0,0.0,1.0,0.0
6wMf9WixbeQ,26,0.03718438599473582,0.23120903968811035,0.6484565322215741,0.7692307692307693,0.19230769230769232,0.038461538461538464
_wjlXh6_TRE,24,0.036683685820510924,0.24879828095436096,-0.17669684688250223,0.20833333333333334,0.3333333333333333,0.4583333333333333
bAcdSUqHnDQ,23,0.03626252788766895,0.6131407022476196,0.36780292443607165,0.5217391304347826,0.34782608695652173,0.13043478260869565
cQs2CmUE3VQ,22,0.03603733492359011,0.4837006628513336,0.307209312915802,0.5,0.36363636363636365,0.13636363636363635
6vj9geF-AJU,21,0.0357793359601471,0.4977324903011322,0.14225141065461294,0.3333333333333333,0.47619047619047616,0.19047619047619047
8atqmMYnO3g,5,0.0351263287011534,0.1218583956360817,0.1364675521850586,0.2,0.8,0.0
94ROZMbL0ZM,24,0.03475515855340442,0.6888793706893921,0.5722092563907305,0.6666666666666666,0.2916666666666667,0.041666666666666664
gGcaGdHlt60,19,0.034722324978486686,0.47779589891433716,0.23657215268988357,0.3157894736842105,0.631578947368421,0.05263157894736842
mJazIZomIMM,7,0.03468633964491476,0.20509205758571625,0.6652692215783256,0.7142857142857143,0.2857142857142857,0.0
HtYlORZr1Dw,26,0.0346623244001351,0.6251797676086426,0.1757036573611773,0.5,0.15384615384615385,0.34615384615384615
IVO-ZKlZgWQ,21,0.034618210030852685,0.22829173505306244,0.11235565230959937,0.38095238095238093,0.47619047619047616,0.14285714285714285
JJSE_T4apwM,22,0.03436382240827449,0.20300421118736267,-0.15120826255191455,0.13636363636363635,0.45454545454545453,0.4090909090909091
1pX7UDZ3I3Y,24,0.034253039804752916,0.6853128671646118,0.23223783324162164,0.5,0.2916666666666667,0.20833333333333334
LvYt-ktiiiI,26,0.03403749012683805,0.5945590734481812,0.4824542930492988,0.6538461538461539,0.23076923076923078,0.11538461538461539
_OehPa-gGwQ,25,0.03375709342304617,0.6646685600280762,0.27175641536712647,0.52,0.24,0.24
JizJxB4wTaI,23,0.03338643458783221,0.6391934752464294,0.5082957174467004,0.6086956521739131,0.34782608695652173,0.043478260869565216
l9RcbpMb8sg,28,0.03329382441006601,0.6076854467391968,0.7278502849595887,0.8928571428571429,0.10714285714285714,0.0
NGUScfBxz84,29,0.033089882190387436,0.2915480434894562,0.6217448916928522,0.8275862068965517,0.06896551724137931,0.10344827586206896
A2Z6aeEQmgE,22,0.03278775278489444,0.24997395277023315,0.06579816476865248,0.3181818181818182,0.36363636363636365,0.3181818181818182
PaKket6br54,28,0.03243925182115553,0.6927027106285095,0.09940660851342338,0.4642857142857143,0.10714285714285714,0.42857142857142855
rOasOr-o-ho,19,0.03217429132507134,0.4452052414417267,0.14443228119298032,0.3157894736842105,0.5263157894736842,0.15789473684210525
Rw_y9GyrCY8,26,0.0321575252567597,0.2839105725288391,0.2384187109195269,0.5384615384615384,0.19230769230769232,0.2692307692307692
-ch4NqzdhA8,28,0.032111886680857946,0.393744558095932,0.8268555743353707,0.9285714285714286,0.07142857142857142,0.0
MOGW3v3pJ5Y,22,0.03186739663942717,0.3333209455013275,0.5237245613878424,0.6363636363636364,0.36363636363636365,0.0
1ewmZdC2mww,20,0.0318078137410339,0.21625268459320068,-0.20430616438388824,0.1,0.55,0.35
otRGvN0n6Jg,12,0.03148546681040898,0.24371884763240814,0.6353745808204015,0.75,0.16666666666666666,0.08333333333333333
kPa_S6jN9ls,26,0.0311885003421384,0.7073507905006409,0.6012593840177243,0.7307692307692307,0.23076923076923078,0.038461538461538464
GXJYROVq_6Q,20,0.03060732507146895,0.25869327783584595,-0.0446384534239769,0.15,0.6,0.25
mTvxIcugIkk,23,0.030601981528730983,0.4000456929206848,-0.08399723923724631,0.2608695652173913,0.34782608695652173,0.391304347826087
GhdR_mcMFQs,20,0.030324639889295214,0.4868775010108948,-0.10951795876026153,0.15,0.5,0.35
OAfBGCyT5Lo,22,0.030068116868443958,0.34281492233276367,0.20189537243409592,0.4090909090909091,0.4090909090909091,0.18181818181818182
Rex25oBz8NM,22,0.029843472425868225,0.42018067836761475,0.268786909905347,0.4090909090909091,0.45454545454545453,0.13636363636363635
NjlP2_l1Wr0,26,0.0298424804260811,0.46712639927864075,0.5038667458754319,0.6923076923076923,0.19230769230769232,0.11538461538461539
bImK3gKK6KY,6,0.02976955724686074,0.10565797984600067,0.09784302115440369,0.3333333333333333,0.3333333333333333,0.3333333333333333
BbUz2Lgx0Hk,24,0.0296790191277978,0.18898622691631317,-0.18913711483279863,0.20833333333333334,0.2916666666666667,0.5
HGDpzVBYxK8,22,0.029621632486602968,0.3517417311668396,0.33166069334203546,0.5,0.4090909090909091,0.09090909090909091
LoZcji918Ng,24,0.02957682379686351,0.19792373478412628,-0.06186593944827715,0.2916666666666667,0.2916666666666667,0.4166666666666667
6dw7D4RqqNw,24,0.029552390891088482,0.1800275444984436,-0.07213722914457321,0.2916666666666667,0.2916666666666667,0.4166666666666667
fKOs9nxqUQA,5,0.02941828602924943,0.07247103005647659,0.4914818167686462,0.6,0.4,0.0
imlQtGDEBDg,16,0.02934711760826758,0.2019728124141693,0.1062270738184452,0.3125,0.5,0.1875
h2vXZNGIDJM,24,0.029208422058824606,0.28623589873313904,0.16917245959242186,0.4583333333333333,0.25,0.2916666666666667
JlA-T-A0CKU,7,0.0290660179702432,0.17441852390766144,0.2333285595689501,0.5714285714285714,0.14285714285714285,0.2857142857142857
c2ukL_zjFCk,24,0.02905236674511495,0.3798654079437256,0.4022980021933715,0.5833333333333334,0.3333333333333333,0.08333333333333333
0Shj0TCfHUg,24,0.028633643790575054,0.34391844272613525,0.44626017411549884,0.625,0.25,0.125
MVZo1C2xL78,12,0.028471807124636445,0.18468919396400452,0.6218181103467941,0.6666666666666666,0.3333333333333333,0.0
2h08Pff3kTc,24,0.028350940624174353,0.4962156414985657,0.2705739587545395,0.5,0.3333333333333333,0.16666666666666666
fQk5maMJYI0,26,0.028208000538422942,0.2652946412563324,-0.05276586917730478,0.34615384615384615,0.23076923076923078,0.4230769230769231
I1uOF3Uhh5Q,12,0.028111391215740394,0.2518649399280548,-0.0638411392768224,0.25,0.3333333333333333,0.4166666666666667
62rXyhn--xE,22,0.02804582623436793,0.2591307759284973,0.26035457307642157,0.4090909090909091,0.45454545454545453,0.13636363636363635
_1_0WqGD00g,24,0.027863766947120894,0.26475319266319275,0.478864839921395,0.625,0.2916666666666667,0.08333333333333333
eLgiD3zlTVo,19,0.027812338648609033,0.12723380327224731,0.2496389527069895,0.3684210526315789,0.631578947368421,0.0
__x1nTuo5B4,10,0.02777152283815667,0.121692955493927,0.20245171189308167,0.4,0.4,0.2
bb5Gk_ZRIVc,24,0.027690459894074593,0.25632157921791077,0.29972561448812485,0.5,0.3333333333333333,0.16666666666666666
94dCPkTLs9A,24,0.027494612465185735,0.5321500897407532,0.4935206075509389,0.6666666666666666,0.25,0.08333333333333333
fHbreEz7SRk,24,0.027144250144677546,0.4856322705745697,-0.00814182311296463,0.3333333333333333,0.2916666666666667,0.375
7nQ164xxrD0,31,0.02703464641273322,0.6646685600280762,0.6041903649607012,0.8064516129032258,0.0,0.1935483870967742
-VDCpQzUJdE,22,0.027019933389965445,0.44356831908226013,0.39932796223597095,0.5909090909090909,0.3181818181818182,0.09090909090909091
KKaavvfiK9I,23,0.026398831371055996,0.36340969800949097,0.6016245510267175,0.6521739130434783,0.34782608695652173,0.0
fi1EgL0j6Qw,22,0.026286067187108776,0.36934247612953186,0.35936829447746277,0.5,0.36363636363636365,0.13636363636363635
5zG77xhbcQQ,24,0.02622326955315657,0.3225061297416687,0.44304461777210236,0.625,0.25,0.125
c1tQV2psdpM,29,0.026060845819301903,0.2872643768787384,0.7477106369774917,0.8620689655172413,0.06896551724137931,0.06896551724137931
JPTsavLeIHk,22,0.02605627000659958,0.25332149863243103,0.4369355101477016,0.5454545454545454,0.4090909090909091,0.045454545454545456
r0bvpVEbCuM,23,0.026004105965789084,0.221607968211174,0.062105656965919166,0.34782608695652173,0.34782608695652173,0.30434782608695654
DO_-doohtms,20,0.025919962077750824,0.3409169316291809,0.09485051631927491,0.3,0.5,0.2
XPx_U-Gw5II,20,0.025658523946185598,0.3426183760166168,0.2993703156709671,0.4,0.55,0.05
L5ihmu87xTE,23,0.025168844151978745,0.4189312756061554,0.3329910791438559,0.5217391304347826,0.34782608695652173,0.13043478260869565
L95vhfgqbrU,24,0.025088014437642414,0.356152206659317,0.3954984371860822,0.5416666666666666,0.3333333333333333,0.125
zvBXpoBegwE,25,0.024611664372496306,0.4356738030910492,0.4028753435611725,0.6,0.24,0.16
JSQmWx-5taU,22,0.024283394786338744,0.2726143002510071,0.0976287465203892,0.36363636363636365,0.45454545454545453,0.18181818181818182
JFwQrb3hIeE,26,0.02406763771208576,0.2521621286869049,0.7084464728832245,0.8076923076923077,0.15384615384615385,0.038461538461538464
3uJ234zSG8I,22,0.023737144143193622,0.18897807598114014,0.046531100164760246,0.3181818181818182,0.4090909090909091,0.2727272727272727
1tbajSGQr44,13,0.023569118477798138,0.24660168588161469,0.6346217714823209,0.8461538461538461,0.07692307692307693,0.07692307692307693
EiFcNbXBqeo,23,0.0229582653745361,0.340681791305542,0.5120924840802732,0.6086956521739131,0.34782608695652173,0.043478260869565216
D35RP9tlrVY,22,0.022711476059736346,0.35269695520401,0.16681379079818726,0.4090909090909091,0.36363636363636365,0.22727272727272727
1Y5ag-PtnMw,20,0.02269101303827483,0.1725047528743744,-0.01752206087112427,0.2,0.55,0.25
mPF4Z9-t6jg,24,0.022602930897846818,0.13826055824756622,0.14338684578736624,0.4166666666666667,0.2916666666666667,0.2916666666666667
cfBv2Qv4JLo,14,0.022581904344925924,0.13364920020103455,0.49820404393332346,0.6428571428571429,0.21428571428571427,0.14285714285714285
3zg6-evbrhE,20,0.022501901298528536,0.1830257773399353,0.02730591595172882,0.25,0.5,0.25
3SfmHt6w3L8,21,0.022455867637680576,0.13725371658802032,-0.03129106192361741,0.23809523809523808,0.47619047619047616,0.2857142857142857
bSvNCFL-h6w,26,0.022410972424460433,0.16519853472709656,0.5496389327140955,0.7307692307692307,0.19230769230769232,0.07692307692307693
PA8w_mOWdLY,18,0.022410940007022064,0.19235052168369293,0.11656930711534289,0.16666666666666666,0.7777777777777778,0.05555555555555555
-I6uCvSiyJ8,18,0.02235685765562165,0.139674112200737,0.05028525325987074,0.16666666666666666,0.7222222222222222,0.1111111111111111
n9SBoe5xoO8,26,0.022331169145987727,0.17810918390750885,0.032401671776404746,0.4230769230769231,0.23076923076923078,0.34615384615384615
e-BBkd7SjlI,22,0.022036765813192524,0.15644186735153198,0.1441282250664451,0.36363636363636365,0.4090909090909091,0.22727272727272727
LQXocddiTzc,18,0.02194982774866124,0.30628541111946106,0.03207965360747443,0.1111111111111111,0.7777777777777778,0.1111111111111111
jqNGfTW-2xo,3,0.021785669998886686,0.06326015293598175,0.5367979208628336,0.6666666666666666,0.3333333333333333,0.0
7K-yxGWYsnk,24,0.021598850842565298,0.1172107607126236,0.1384232466419538,0.4166666666666667,0.3333333333333333,0.25
9ob1kD5XtPk,23,0.021386670128381607,0.3977966904640198,0.17247730363970218,0.43478260869565216,0.34782608695652173,0.21739130434782608
XXFAYUNfJy4,21,0.021358359167130574,0.3514687418937683,0.2507050661813645,0.38095238095238093,0.47619047619047616,0.14285714285714285
_wZVQMNd_io,27,0.02102232284636961,0.15647387504577637,0.6155279356020468,0.7407407407407407,0.14814814814814814,0.1111111111111111
Hcz20y9_iyM,27,0.02086472411044977,0.41660523414611816,0.3239983783827888,0.5925925925925926,0.14814814814814814,0.25925925925925924
BkAdJsct8Y4,22,0.020684405470753765,0.1503620743751526,-0.06102944097735665,0.2727272727272727,0.4090909090909091,0.3181818181818182
gLcovhghpA0,7,0.020447668685976948,0.07350282371044159,0.19038902010236466,0.42857142857142855,0.2857142857142857,0.2857142857142857
_Aq54FSah_g,24,0.020285375746122252,0.34645721316337585,0.350244144598643,0.5416666666666666,0.25,0.20833333333333334
EvqtfK_RaRg,24,0.0201314734222251,0.1539440155029297,0.6076129054029783,0.6666666666666666,0.3333333333333333,0.0
BOd-OEbkeSE,3,0.019726719396809738,0.038966696709394455,0.6193910439809164,0.6666666666666666,0.3333333333333333,0.0
KCRLP-zBacU,24,0.019529807951281935,0.29629063606262207,0.606746256351471,0.6666666666666666,0.3333333333333333,0.0
CtmNsaUzxDc,26,0.01935871734839076,0.1495387703180313,0.1236805388560662,0.46153846153846156,0.19230769230769232,0.34615384615384615
6wPMxY1hx8A,28,0.019333159472028325,0.2465650886297226,0.09213708979742867,0.4642857142857143,0.14285714285714285,0.39285714285714285
DQsCZlOOX3o,20,0.019143258416443133,0.16177250444889069,-0.032321295142173766,0.15,0.6,0.25
bu1Aw8uH_-U,22,0.019034042001955888,0.35070234537124634,0.2518373050472953,0.4090909090909091,0.45454545454545453,0.13636363636363635
J5avFNtmsP8,22,0.018172150258165362,0.2538086771965027,0.1581232710318132,0.36363636363636365,0.45454545454545453,0.18181818181818182
QHfGRlIQn08,2,0.017996869515627623,0.03192797303199768,0.6429747045040131,1.0,0.0,0.0
iIwqstOQ0vQ,24,0.017942741797014605,0.21635288000106812,0.20739583298563957,0.4583333333333333,0.3333333333333333,0.20833333333333334
9tQVhTHA95M,24,0.017863631347912207,0.19421033561229706,0.25740911811590195,0.4583333333333333,0.3333333333333333,0.20833333333333334
3m52WKmiVXo,23,0.017665694399392636,0.185650035738945,0.578898170719976,0.6521739130434783,0.34782608695652173,0.0
LyhRsTTBRJk,22,0.017473921179771423,0.2308802753686905,0.5081522451205687,0.5909090909090909,0.4090909090909091,0.0
qMmgdRFZ9kg,21,0.01698856499223482,0.11346404254436493,0.1488428967339652,0.3333333333333333,0.47619047619047616,0.19047619047619047
M1STzb7k9L8,22,0.01690450768166391,0.1309785693883896,0.3292314071546901,0.5,0.4090909090909091,0.09090909090909091
ftyD4_7HNDE,24,0.01686796941794455,0.23846113681793213,0.20445278411110243,0.4166666666666667,0.3333333333333333,0.25
apnO2-wHK1M,24,0.01646937188585677,0.2801404595375061,0.43975308537483215,0.625,0.25,0.125
QJCY9F-Jxrc,20,0.016070874669821933,0.07408665865659714,0.06449471563100814,0.25,0.6,0.15
M4egvtiFkl8,25,0.015949709387496114,0.10813486576080322,0.23388625383377076,0.52,0.24,0.24
qBC3EpPU2Z4,28,0.015870173478366008,0.23471878468990326,0.7980181659970965,0.8928571428571429,0.07142857142857142,0.03571428571428571
r8Bt-gc0QLc,23,0.01573263311444822,0.13137498497962952,0.34595286198284314,0.5217391304347826,0.34782608695652173,0.13043478260869565
7m9Vv68ABM8,28,0.015660162917421467,0.2647532820701599,0.5236078777483532,0.7142857142857143,0.10714285714285714,0.17857142857142858
IM7Vy4uiCos,24,0.015407734298302481,0.25087860226631165,0.24668667341272035,0.5,0.3333333333333333,0.16666666666666666
lKjLgL7f3bU,22,0.015035938077331097,0.18983803689479828,0.2761170796372674,0.45454545454545453,0.4090909090909091,0.13636363636363635
N0HqZ7lKuU0,18,0.014909359914276542,0.10835247486829758,-0.11728530625502269,0.2222222222222222,0.3888888888888889,0.3888888888888889
kUU1BMbCT1c,28,0.014881819752710206,0.20360367000102997,0.6529949073280606,0.8214285714285714,0.14285714285714285,0.03571428571428571
M189_pr_V-Q,20,0.014653163851471617,0.21963584423065186,-0.0043553560972213745,0.2,0.55,0.25
C2wmSHfF0FA,24,0.014498009164526593,0.17974252998828888,-0.2042148324350516,0.20833333333333334,0.25,0.5416666666666666
Hyx_Kywymdw,17,0.014108642781673767,0.08151348680257797,0.11233765938702751,0.4117647058823529,0.17647058823529413,0.4117647058823529
J0qfwBkSV4I,19,0.014037705813902185,0.13279440999031067,0.2414965786431965,0.3684210526315789,0.5263157894736842,0.10526315789473684
Ix1Ia3h1BRc,6,0.013992693032681322,0.06867630034685135,0.948058009147644,1.0,0.0,0.0
rR2RRzl-jDI,26,0.013879258754269149,0.12844447791576385,0.6528805792331696,0.7692307692307693,0.19230769230769232,0.038461538461538464
fmuyVt8AetE,23,0.01375864108811821,0.12925001978874207,0.35764108015143353,0.5217391304347826,0.34782608695652173,0.13043478260869565
i5-A_q8Abmc,28,0.013749188363103062,0.10032430291175842,-0.4071603481258665,0.17857142857142858,0.07142857142857142,0.75
6yJtappNiWM,24,0.013289170902377615,0.09976138174533844,0.425273172557354,0.5833333333333334,0.2916666666666667,0.125
bEhI7ppLkfs,28,0.013100355518482891,0.06264152377843857,0.01790512672492436,0.39285714285714285,0.10714285714285714,0.5
R1SFXJo-FlE,25,0.012652958722319453,0.16729751229286194,0.5412219512462616,0.76,0.24,0.0
cn-CvYNCNic,23,0.012598492465812065,0.06984072923660278,0.34262752532958984,0.5217391304347826,0.34782608695652173,0.13043478260869565
f2wY9j2VKFo,22,0.012540029324802825,0.12881974875926971,0.5002590146931735,0.5909090909090909,0.36363636363636365,0.045454545454545456
b1D-oyoArb8,29,0.01208796210442509,0.10270998626947403,0.8179797345194323,0.896551724137931,0.06896551724137931,0.034482758620689655
eUz-SPT5smo,27,0.012060857142959893,0.12468831986188889,0.18253917826546562,0.5185185185185185,0.14814814814814814,0.3333333333333333
3dxksf0CzS8,22,0.011891917005414143,0.08241527527570724,0.2387421117587523,0.45454545454545453,0.4090909090909091,0.13636363636363635
mftzZVJvGVU,22,0.011825688686010173,0.061763107776641846,0.1632005206563256,0.36363636363636365,0.45454545454545453,0.18181818181818182
DXcXvz_cKgo,1,0.011745983734726906,0.011745983734726906,-0.46559932827949524,0.0,0.0,1.0
i8B8qHeA8gI,24,0.011628453631904753,0.09979359060525894,0.1805053030451139,0.4583333333333333,0.2916666666666667,0.25
86PBguP7lZI,24,0.011500395308151687,0.07833772152662277,-0.1639844054977099,0.25,0.3333333333333333,0.4166666666666667
MF_x41nKTuY,18,0.011243497228456868,0.06074438989162445,0.027395251724455092,0.16666666666666666,0.7222222222222222,0.1111111111111111
LJtqNn4OtYs,18,0.011192905464364836,0.09537200629711151,0.021099320716328092,0.16666666666666666,0.7222222222222222,0.1111111111111111
qsuz2bPMSlk,14,0.011018173087255232,0.1069902703166008,0.33125042063849314,0.5,0.35714285714285715,0.14285714285714285
50Bq70iIPyU,28,0.010922084427355523,0.042110562324523926,0.5433713580880847,0.75,0.10714285714285714,0.14285714285714285
PXevNM0awlI,22,0.010474557644391263,0.053854092955589294,0.40300224044106225,0.5454545454545454,0.45454545454545453,0.0
b71gOW78gbI,20,0.009928651130758226,0.1126016154885292,0.062229974567890166,0.3,0.5,0.2
dzdUTLnSbEI,5,0.009312643180601298,0.024973172694444656,0.20283184051513672,0.4,0.4,0.2
hkqBsnZFU68,11,0.009032748681916431,0.07146424800157547,0.6242429559881036,0.7272727272727273,0.2727272727272727,0.0
fLO0zrodKIo,20,0.008895805836073124,0.06336843967437744,0.1915740266442299,0.35,0.5,0.15
hvglIbPSHtg,26,0.0086158077174332,0.04431465268135071,0.563751988686048,0.6923076923076923,0.23076923076923078,0.07692307692307693
xgbjTu_qiJk,24,0.0084700796942343,0.061917744576931,0.6724793960650762,0.75,0.25,0.0
3wS-ZLGVAAM,24,0.008460017682712836,0.15583600103855133,0.6027097329497337,0.6666666666666666,0.3333333333333333,0.0
1kcwwnAGw5s,10,0.008426777384011075,0.0664939135313034,0.19467501640319823,0.4,0.4,0.2
7zpwXUc-wLQ,24,0.008215185480366927,0.07749082893133163,0.5783846825361252,0.6666666666666666,0.3333333333333333,0.0
xsuQF59QhuE,21,0.008167949904288565,0.11853799968957901,0.15615577215240115,0.3333333333333333,0.47619047619047616,0.19047619047619047
11kxeAnGAjY,12,0.008120567372922475,0.045413028448820114,-0.13659314811229706,0.16666666666666666,0.4166666666666667,0.4166666666666667
28cp6HmUifU,27,0.007272394123935589,0.05785493180155754,0.7945828150819849,0.8518518518518519,0.14814814814814814,0.0
93L7bVAYeLw,22,0.007000385619572957,0.022516388446092606,0.27227164940400556,0.4090909090909091,0.45454545454545453,0.13636363636363635
7FtZA-8foT8,28,0.006843716893594579,0.04037986695766449,0.5665212231022971,0.7142857142857143,0.14285714285714285,0.14285714285714285
XDuGBcv_R80,6,0.006778792817688857,0.014632394537329674,0.6313860217730204,0.6666666666666666,0.3333333333333333,0.0
fY5nQlFa56g,3,0.0066621104488149285,0.013277960009872913,0.3613485097885132,0.6666666666666666,0.0,0.3333333333333333
pxhoMIb9G9I,13,0.006529363248353967,0.02384844608604908,-0.17759722012739915,0.15384615384615385,0.46153846153846156,0.38461538461538464
F3erOFiAeTI,24,0.006495376183011103,0.02177847921848297,0.47535063078006107,0.625,0.25,0.125
oiZvK6MY7tI,24,0.006350424293486867,0.04501434415578842,0.6065234343210856,0.75,0.25,0.0
3F0dwQhGapc,23,0.006192843946020888,0.08741999417543411,0.08772394320239192,0.34782608695652173,0.34782608695652173,0.30434782608695654
itl1Lf4hq7c,19,0.005813686186325197,0.03801710903644562,0.2293801386105387,0.3157894736842105,0.631578947368421,0.05263157894736842
chBkNpS-UCY,4,0.005795673234388232,0.017674507573246956,-0.34167464077472687,0.0,0.5,0.5
dIB2imRfklc,24,0.005525644053705037,0.034261927008628845,0.3681364245712757,0.5833333333333334,0.2916666666666667,0.125
Dxn_6ziHwSY,2,0.00523068942129612,0.00523068942129612,0.9491852521896362,1.0,0.0,0.0
j3ldu-dZwyM,1,0.00523068942129612,0.00523068942129612,0.8541470170021057,1.0,0.0,0.0
Ltik3jiLqew,2,0.005230688489973545,0.0052306922152638435,0.4262537360191345,0.5,0.5,0.0
fspAp8LIz_E,3,0.0052306872482101125,0.0052306922152638435,0.24749918778737387,0.3333333333333333,0.6666666666666666,0.0
JgJrQnDIRgg,22,0.005212632865136998,0.019976843148469925,0.46903158046982507,0.5454545454545454,0.4090909090909091,0.045454545454545456
PV8c5ok9gFo,2,0.00517825223505497,0.005230684764683247,0.0,0.0,1.0,0.0
-1EV13ThpqE,24,0.005167804769977617,0.014584915712475777,0.6438698768615723,0.75,0.25,0.0
_HPFZ2KXvAQ,10,0.004986318864393979,0.021596407517790794,0.19625898599624633,0.4,0.4,0.2
_koX6AOBhtM,2,0.0047856779710855335,0.008944664150476456,0.976093053817749,1.0,0.0,0.0
5BWvScmL3nA,22,0.004781187281795693,0.021755635738372803,0.00040408697995272547,0.2727272727272727,0.45454545454545453,0.2727272727272727
gtkqnhN0VkU,17,0.004769885090782362,0.021808089688420296,0.12963881562737858,0.17647058823529413,0.8235294117647058,0.0
3xxLwqok6pI,11,0.004584708753761582,0.007461812347173691,0.864714958451011,0.9090909090909091,0.09090909090909091,0.0
K60kETvaJbk,7,0.0044928627155189005,0.0204690620303154,0.3340833442551749,0.42857142857142855,0.5714285714285714,0.0
qb5H5asmjts,20,0.004352558057871647,0.008063646964728832,0.32090126276016234,0.4,0.55,0.05
BnW-9ZVgn_0,7,0.003845570542450462,0.010596033185720444,0.3485609122685024,0.42857142857142855,0.5714285714285714,0.0
DoyI9aCXiJY,2,0.0033279393101111054,0.004354436416178942,0.0,0.0,1.0,0.0
m5qy1sITTwo,3,0.002678286633454263,0.0052306922152638435,0.777059813340505,1.0,0.0,0.0
BHZTWYM4gWg,1,0.002056440571323037,0.002056440571323037,0.9828975796699524,1.0,0.0,0.0
r0dp6quOn9k,18,0.001981448291593956,0.011535144411027431,0.18430165449778238,0.2222222222222222,0.7777777777777778,0.0
Geb9RVtWOF0,3,0.0018864334754956265,0.0037315855734050274,0.32372377316157025,0.6666666666666666,0.0,0.3333333333333333
7IIQ-i5K1Kc,16,0.0015928884167806245,0.011535139754414558,0.04478402063250542,0.0625,0.9375,0.0
HOX_xfc9Seo,4,0.0014939758839318529,0.0029595934320241213,0.36320337653160095,0.5,0.5,0.0
KWnMDOWo00c,17,0.0014157614889828598,0.00523069454357028,0.10077288045602686,0.17647058823529413,0.8235294117647058,0.0
HAf-6wGvcIQ,2,0.0013060161436442286,0.0020267958752810955,0.9484298527240753,1.0,0.0,0.0
qQlXYlUJr5Q,1,0.00103770534042269,0.00103770534042269,0.0,0.0,1.0,0.0
EIIt9KzDD0I,1,0.0010277603287249804,0.0010277603287249804,-0.9277104139328003,0.0,0.0,1.0
d1Mb74E-8Sg,1,0.0008572869701310992,0.0008572869701310992,0.6238437294960022,1.0,0.0,0.0
