video_id,dataset_row_id,humor_bucket,comments_scored,sentiment_negative,sentiment_neutral,sentiment_positive,identity_attack,insult,obscene,severe_toxicity,threat,toxicity,emotion_anger,emotion_disgust,emotion_fear,emotion_joy,emotion_neutral,emotion_sadness,emotion_surprise
--r7_yDKqEU,696,regular_humor,31,0.22862497602979984,0.49475221720434004,0.27662281292460617,0.0030979273973160515,0.023307997570467,0.006783219769262829,0.0003432064880936166,0.0006317321514812178,0.07030063084206514,0.06646617206804935,0.03308290527427509,0.01311077096221608,0.15036475439480837,0.4991336447757579,0.05268950651459876,0.1851522423507225
-0z1fHtwx-U,698,regular_humor,31,0.2979463139969495,0.4498253044702353,0.25222838150277255,0.012280418064854588,0.05180003031695848,0.0960785079974636,0.008450195375893775,0.0006855081031267952,0.11436566717982773,0.11229314797017123,0.100608978206442,0.013609315103460704,0.1065117784272579,0.4355624422370907,0.03237695835771099,0.19903737796290266
-1EV13ThpqE,699,regular_humor,31,0.07240671253642969,0.32996780590544783,0.5976254795828173,0.00018407297254945603,0.0003218042402295396,0.00042908786628921065,0.00010790845971637135,0.00011940280796073737,0.00580353437427191,0.06722000936767267,0.021845072889024573,0.03513099700813332,0.15416727900024382,0.6091577619794877,0.03331335513822494,0.07916552885886162
-2cNGsBTAT8,700,not_humor,31,0.3824277363357044,0.4442458418348143,0.1733264253745156,0.0015868603710963902,0.047523257356407424,0.06257540274847058,0.005830155447549787,0.0007531402525567119,0.21121025056908688,0.11220894943952801,0.12522502566477464,0.06332885937374685,0.05850328163679449,0.46063491735126705,0.06389112573777957,0.11620784887758594
-7TGm7ARWEs,703,not_humor,31,0.24904589538252161,0.3636745921366157,0.3872795111289428,0.0009162803861169866,0.008999104589982439,0.023429807925675696,0.00047550562838648237,0.0006088497466407716,0.15599782368724024,0.17089623574077362,0.09076707228086889,0.030155897271939583,0.1969315927633415,0.31171817475208835,0.04250479014139743,0.15702623034632135
-8VkeUcYiVU,705,not_humor,31,0.21457410124581186,0.3502356739894998,0.4351902213848887,0.0019208313836227922,0.04740749130113756,0.026148839841499145,0.000634109091357283,0.0005585258564209535,0.15194605531043284,0.1415952720018404,0.1075193616711805,0.054184621859026415,0.10580257309841053,0.4289390193298459,0.060643067835049046,0.1013160785585041
-I6uCvSiyJ8,706,regular_humor,31,0.20225178059791366,0.6131471606992906,0.18460104608487699,0.011526049245730974,0.0031200159818024166,0.0035887233140285035,0.00043131084385095164,0.0005864917034012897,0.06851441504043196,0.04694844477419411,0.023242193454455946,0.00963339639917737,0.10000833804388681,0.6630639943384355,0.091104383234896,0.06599923981083257
-LHnxrj7Jl8,708,not_humor,31,0.26546320780330607,0.4494735058997908,0.2850632824664635,0.0006118819620760698,0.020358286878270578,0.05722260491916865,0.0018536545786417028,0.0002993946893125652,0.07939436695455844,0.08462909934291195,0.056365060492328575,0.06778298853896558,0.06077347776942676,0.5149470738345577,0.11800666881965534,0.09749561088580277
-R_-MAHq400,710,dark_humor,31,0.23163197767139682,0.35540100700792765,0.4129670099205067,0.004448397548384814,0.024904127905404406,0.006071316054834413,0.00038977885490185733,0.00027946772001263115,0.07704729725035929,0.04816223428614678,0.05819759781156937,0.027222525431669406,0.13878377346742538,0.5126724926033809,0.054723960565282934,0.1602374190209253
-VDCpQzUJdE,711,not_humor,29,0.1321772543857966,0.4176365370252009,0.4501862182314026,0.0006335409998428077,0.002712148308938626,0.001678983367285049,0.0002718869521953005,0.003418457288403417,0.06890088829597266,0.07816695375367999,0.027598585772874027,0.023727964720255214,0.2382063059104157,0.4043496981231046,0.03636288544933858,0.19158762434079987
-VPwF0iyIa4,712,not_humor,31,0.4941938538705149,0.41655279575817045,0.08925335459230889,0.004314426623750478,0.04083163775278315,0.0224659067081971,0.0007227528093930994,0.000875398390851314,0.1349471687797397,0.08904533173828837,0.0990500940205229,0.12793833430811402,0.030683259566074178,0.4857175785056766,0.049307115766550266,0.11825828002991094
-_PcyBa99XY,713,dark_humor,31,0.17245441682696824,0.37089054475748734,0.4566550472931516,0.0028659762714185843,0.02912144707525224,0.03430029989601368,0.0011234545799520528,0.00038675905201554056,0.1105653315185449,0.10319662424585511,0.07716055310353817,0.024886001996140206,0.18753668920685268,0.476577929281179,0.0356740903695144,0.09496812508892148
-aPRwsVr6do,714,dark_humor,31,0.30358546482954896,0.3688845063649839,0.32753003391647534,0.050837560422575825,0.06192999829645193,0.11232522673784726,0.010803062167871113,0.0019744949022424407,0.23147477042267942,0.12119109555327844,0.10263110212080422,0.0423303026144558,0.10887203067015376,0.43606940919022646,0.0803412082154424,0.10856484092073515
-ch4NqzdhA8,715,regular_humor,31,0.04074964371149338,0.18171067920423323,0.7775396856088792,0.00038438116485673573,0.0023084529713096637,0.0026755099059946295,0.00015740535168480427,0.00021675184196341904,0.0291932413500974,0.053972101721522066,0.049442938140278024,0.14408399419851542,0.19094988709736255,0.45332496419488905,0.061313879781312516,0.04691223444176778
-fugHnFYbtc,716,not_humor,31,0.461387399381267,0.3611680286065225,0.17744458288014417,0.002165500621495378,0.030542588988018614,0.038376841656563264,0.00089276616833353,0.004609067525081862,0.15953611225009925,0.08647640678100288,0.11575271244040661,0.157777005419766,0.03698262391656998,0.4133580300896879,0.12007468297416644,0.06957852317305703
-iKAiDsxGMw,717,regular_humor,31,0.42371728613732323,0.3981573705471331,0.1781253349787045,0.00043445206744851725,0.0010558243253223237,0.0013769186907372768,0.00015983518354797496,0.00045281725972252446,0.03806771716523555,0.0669572344575558,0.10713623345626759,0.039890005824065974,0.052530244634967416,0.49246059131297854,0.11332796134745642,0.12769772611077754
-jI-zsqAoGc,718,not_humor,31,0.3241577729913256,0.3854631360980772,0.290379082663886,0.0008881760365892983,0.027298654243725563,0.09342198068653458,0.002252576500224325,0.0003749832601076172,0.15460969344525027,0.09736342360866407,0.08042292657022874,0.05597034030436208,0.13850476982207188,0.5107100248757389,0.04117029040841566,0.07585823316607744
-lUFpw6dXIY,719,regular_humor,31,0.3634295011570136,0.38587841607870593,0.25069209814612425,0.002014094210725518,0.04419380391810855,0.06162916595302147,0.0016361260002726809,0.0004220230311470767,0.1817791554494761,0.1253898692722883,0.12096846123195944,0.07529840108961047,0.06822948908290616,0.47944764988196475,0.0414736409551434,0.0891925025141738
-nXaOWAiLAo,721,regular_humor,31,0.17058941930712712,0.4720525349820814,0.3573580497515298,0.00551771087738152,0.003599305156498186,0.018336301992437052,0.00037227405071814336,0.0002249098409177555,0.058091458825079066,0.0684178811122453,0.04447763839796666,0.016329455891654136,0.08583424397699174,0.43963129403850726,0.12031691060251286,0.2249925794049857
-ofCtKbukeM,722,regular_humor,31,0.42704099056220823,0.4505996968477003,0.12235931542912318,0.021323330795689065,0.02997752559144095,0.05584981391204506,0.006242192451956667,0.0007859547944052235,0.1601451833154105,0.11238916765057272,0.0888824837597748,0.024851962845141608,0.0645318942730345,0.4251433795978946,0.1710538900787792,0.11314722278245515
-qR98FJdwDo,724,regular_humor,31,0.46855417535369914,0.32381195623067116,0.20763386638774986,0.0033397354470047678,0.08080727218334834,0.030660880898546065,0.0012015073021288,0.0016352387610822916,0.18722428977038832,0.12472091198358085,0.18584099586211866,0.08454864750796508,0.023430446270785686,0.43957340986197513,0.06078924025378881,0.08109635611312584
-qR9DkGZYtY,725,not_humor,31,0.5171896740869288,0.30429545681803455,0.17851486449099838,0.0023417689165310756,0.049467421373382454,0.02455066793951236,0.0007908965034725805,0.0014134703486624563,0.11058504339833293,0.17856602553999232,0.09687746474669585,0.06672615564293077,0.09131778627183408,0.4173102914205482,0.055859552936688546,0.09334273121484946
-rCfnCQ1sRA,726,not_humor,31,0.6350864993348238,0.29406640558473524,0.0708470937886065,0.019657912179677477,0.08864140282516488,0.059446284413664424,0.0019321823743784108,0.0016375079353418832,0.24209616666907566,0.18400459586372298,0.0741073913579326,0.06008271808405557,0.023449922686502818,0.45568793915933176,0.10120116250829832,0.10146627098231786
-rEN1XoomMg,727,not_humor,31,0.3372055487782364,0.3293336175622479,0.33346083114344266,0.0025086362185257095,0.04237822428882693,0.09792668944564573,0.007551950978297335,0.0004929645909860189,0.12487920422685303,0.10784357495140284,0.12737557701128085,0.012557290132052356,0.16511670133144024,0.40441132619255976,0.03671901857089852,0.1459765161327537
-rEhoAGxEzA,728,dark_humor,31,0.2615520165962798,0.31819748704231554,0.4202504938828849,0.027568816872512652,0.053008818433755225,0.045939876153434235,0.004530493673941706,0.0013782467539121786,0.15256357302836654,0.11730722422831721,0.12373839721323983,0.012549879419947825,0.1975659089831395,0.3140160959484356,0.09063701685367813,0.14418546042044558
-vRSIPxbYqI,729,regular_humor,31,0.29031721799964866,0.37714975603645845,0.3325330219381759,0.002316647806325026,0.018361600586250724,0.040704494809277444,0.0011744248751652307,0.00971636871127562,0.13243674338915415,0.12094651520883123,0.08621036041257603,0.022455044261615483,0.16024243234912114,0.45683005328981147,0.09720134533446041,0.056114250613797094
-vZE7ZTByjE,730,dark_humor,31,0.2324114398685314,0.37800036755300337,0.38958818732850975,0.007461835259868343,0.018185540353090713,0.026690973985692364,0.0007457085096487595,0.00045468406437242765,0.08272901570401905,0.05185465336657099,0.05322345397284915,0.03876774995249786,0.13529195232437022,0.5626576416074268,0.05610951144368418,0.10209502649283217
-xEw-SdaVJ0,1,dark_humor,31,0.46536620000317214,0.20769678473833106,0.3269370166554807,0.04639970898936172,0.09663579416237847,0.1320822651590964,0.013626158569100117,0.0014833717577857897,0.30235238778667767,0.13348805023950613,0.2272200026763453,0.013979609678274081,0.09036705262523385,0.31289234574163155,0.09466252147760842,0.12739040903867252
0-gqH-SUkAM,731,regular_humor,31,0.09541251178410265,0.2783597914141513,0.6262277022845322,0.0005758947668401825,0.003468666450522329,0.008523036251238908,0.00021058250211119172,0.00020825796602894702,0.04615947999615943,0.08335372416542904,0.03820880488567655,0.04522350573191239,0.19245747246238734,0.5165998353172214,0.08206496493620498,0.04209168880967604
03mf2ncf1ok,733,dark_humor,27,0.5478687529555626,0.36442680436152,0.08770442195236683,0.0004986246155264477,0.030372797203771944,0.04681416277297238,0.0037599024896432334,0.00027743451479451595,0.13646485824439744,0.13918365567439683,0.2005586576027175,0.035711544725388567,0.010614010048340316,0.32518012250808104,0.11828109953138563,0.17047090030758194
06djulJUjp4,734,not_humor,31,0.3142249345659248,0.4071692334067437,0.2786058435336717,0.07389452282692335,0.09897586048182641,0.1450780420789435,0.01657915945965684,0.005570797902163899,0.3045756031999425,0.10282353217142724,0.1346779243171876,0.025469521668949915,0.035430767209148936,0.3770920433584721,0.0733795374286391,0.2511266812742237
07MpHFgau7M,735,dark_humor,29,0.45870514511098637,0.3622959221488443,0.17899893479550194,0.0008193811322441967,0.017777321026218925,0.05809435835519629,0.0012355978233872206,0.0008341590924076093,0.1392407757992824,0.16710691638933173,0.17207023184264786,0.02286946740611617,0.037106324976775795,0.37242229218626843,0.07851756712550233,0.14990718005995812
09ZNs0xIHjA,736,regular_humor,31,0.21485687110332713,0.4193557618906902,0.36578737667972044,0.01070988374891796,0.035974558433912125,0.0646181597079586,0.007223300965814551,0.0004370125304464431,0.1209503031831475,0.08103598498423854,0.07179913702120463,0.03579141509967045,0.17075778526299062,0.4100840572688368,0.06221886248057408,0.16831274998314197
0B6EfTKe1fg,737,regular_humor,31,0.3472059060248636,0.4476082347814114,0.2051858503010965,0.0013025735257073275,0.031917974933974386,0.07161573024472266,0.0017492917843722558,0.0019222423119748372,0.1580627659681223,0.12206984780007793,0.06096171748433863,0.07373322475881826,0.04660256905481219,0.4482479745582227,0.06759282447878391,0.18079182844338637
0BJvW88XxhM,738,not_humor,31,0.2740811590676106,0.3262444514661066,0.3996743845543073,0.0003727659876007707,0.0024139399029081687,0.0062474137342970575,0.00019958121218575884,0.00033854588752635004,0.05036887174074148,0.09454809060140003,0.031640661407202,0.07857790374903069,0.17116698001195946,0.39651630007691924,0.11190869460152762,0.1156413683127011
0GAt7ofK7qA,740,regular_humor,5,0.36242384761571883,0.5263429164886475,0.11123322490602731,0.0004023385467007756,0.004179626915720292,0.004161663330160081,0.00018411419150652364,0.00020527594460872933,0.05515901587205008,0.2685412049293518,0.04125335030257702,0.017833567736670376,0.007944282947573812,0.5620808985084296,0.016512345941737294,0.08583434852771461
0L94fuX-4O0,741,not_humor,31,0.32443065175245844,0.32595875501752863,0.34961058848327203,0.004297814555860485,0.03322307972590469,0.04767023407123728,0.0054475706126522125,0.0005014618349847414,0.12786860913864426,0.03194307996666119,0.17333832929181237,0.027161541629597667,0.20646828519285568,0.26850120089347324,0.10279506870785789,0.1897924930240298
0Llq_ZTIVg4,742,regular_humor,31,0.24591266352593177,0.25224650065384563,0.5018408236153904,0.03252654533453977,0.061248660585167064,0.08103936614521269,0.0024901848275124304,0.001901606254367864,0.24321339535902464,0.08837420876408296,0.14566520637562197,0.023153817480159624,0.14680605780919112,0.43724899321433996,0.031039803803357625,0.12771191140599247
0N8DVD82Lc0,743,dark_humor,18,0.3379999703934623,0.30549399834126234,0.3565060216416087,0.010981183649467615,0.05204098714764566,0.027329638243019063,0.0009788804317294206,0.0003327012353919498,0.12966467954619373,0.02337731098264663,0.021983638185904257,0.06324501578799552,0.19236770047832075,0.36820090075747836,0.20908268838603464,0.12174276437144727
0NaKJ9KM6Iw,744,regular_humor,31,0.4795586528752239,0.35095823520133573,0.1694831126820176,0.013143369508343898,0.0329536501855229,0.08620941419353438,0.013108563150566507,0.0006364561847857981,0.1443913363581223,0.11341895586660793,0.20357241562282247,0.03749576558907246,0.08683750731119465,0.28171452086028315,0.024590339391462265,0.2523705024505034
0QPX-nOQRis,745,not_humor,31,0.2789259934948096,0.2983658415295424,0.42270815968813913,0.0005528520822765365,0.02624578091490548,0.03339050208535722,0.0127983964189151,0.0003713380539275315,0.062372162386084035,0.0883627685703217,0.11991067961489241,0.08470397037191076,0.09977134628852288,0.3756190409222918,0.08286926569417119,0.14876292580588452
0RLDoJSjdDM,746,dark_humor,31,0.4805529040449689,0.26007248893860846,0.2593746045454135,0.012381116935660342,0.050114602187550775,0.03540057669376819,0.0009456000660711359,0.0008754509319494959,0.14969443883972183,0.18932659425322088,0.08429460455813716,0.04465418866264724,0.205377634856925,0.2678698448824786,0.07861846825859,0.12985866145050573
0Shj0TCfHUg,747,not_humor,31,0.15357594021535928,0.3311020119055625,0.5153220544659323,0.00027957967963189846,0.0009360448809363129,0.00104140410821269,0.00013826906562767802,0.00019397064780576095,0.02843632899044502,0.047628992552598635,0.05454076152490152,0.0548433096884119,0.11217188532088673,0.592894850418933,0.07169896122368594,0.06622122350944987
0Xb5UOT5_7g,748,dark_humor,31,0.3060576498223048,0.4310073709535983,0.2629349769934291,0.07366598341069484,0.07670286932637194,0.08387162717765258,0.019100539243804487,0.0016330936573907703,0.1741026732113002,0.1246134532735713,0.10915866744283947,0.026436446730287805,0.09094314441655672,0.5151347896504787,0.049922403038269086,0.08379109230853858
0YYLWKpPxbg,749,regular_humor,31,0.18586679192770633,0.22359629824096638,0.5905369030191533,0.006785039756646109,0.03189411729239979,0.045044921041417475,0.001592541837805672,0.0006771569983797117,0.09820344847168834,0.04801134103834028,0.09487423452083021,0.009055659257536453,0.1893086783651773,0.3786981096115684,0.13853041582079906,0.14152157224429351
0qOZ6XTklPc,753,regular_humor,31,0.5132090891861627,0.31640252651226136,0.1703883932542897,0.01182272709012332,0.08090178877952689,0.07945236321510522,0.004733312656518988,0.018153518555693388,0.23057961818243888,0.2085590939367971,0.1716886244962112,0.03891464952574743,0.031937654109506476,0.35129602945169375,0.054324147344056155,0.14327979278976039
0r8Qqab4duU,754,regular_humor,31,0.29830304989891665,0.5312824434330387,0.17041450306292502,0.0005260672154573483,0.020998508639393315,0.08767448969639748,0.008431793149464928,0.0015012865692223122,0.1277233971951289,0.17348137642106704,0.07214354179168661,0.020422241297520457,0.07047462477273639,0.4997724586526953,0.07561292958956572,0.08809284591716865
0r9YXTScWB0,755,regular_humor,31,0.2869781969836162,0.5445820381564479,0.16843976567108784,0.0025155701840694454,0.01588376775532285,0.006989612287255905,0.0005259413528913301,0.006087381714033038,0.09165679750543448,0.08681048063801662,0.07318529249319146,0.10044857376675692,0.059555200728467636,0.5054253864612791,0.08297376273079746,0.09160130308760751
0tJTPCMZeNc,757,regular_humor,31,0.24202071864818853,0.5028201316994044,0.2551591540536573,0.0008159228135839164,0.020930746380585216,0.03568456185025899,0.007781101979133147,0.0006240916547774818,0.08091942846001457,0.1021580769935803,0.026411931390964215,0.009520765662478704,0.1808239798729999,0.47729147805441774,0.058058945139149026,0.1457348348602893
0yD_LRms_OQ,759,regular_humor,31,0.33812679545653446,0.4712610548782733,0.19061214981540556,0.030822692160596018,0.026156043003861523,0.03228653118158916,0.012256742099951578,0.0014577035364063998,0.067149477246623,0.11435137707139215,0.10334318925085809,0.06519895764781282,0.10569007908211901,0.4819967383068175,0.041324719951878634,0.08809495730430729
0zMIJVgKTxk,760,not_humor,31,0.21495248572600464,0.5840042590373947,0.20104325733958714,0.0005907137608794015,0.004532266421818114,0.0020043869829556396,0.00019262988831953055,0.0002985007698542529,0.06511680413255348,0.08217028568633983,0.0693656103197305,0.04171976397535013,0.027441742067645873,0.5279785374239567,0.08793885423050772,0.16338520421977004
11kxeAnGAjY,763,not_humor,17,0.2696249144261374,0.48206000079346056,0.24831508023335652,0.0002006280787206967,0.0003609958486563033,0.0004738047188284862,0.00011071678540354376,0.00013139231861500507,0.007375268012230449,0.10790032438714714,0.03967920922235969,0.09302778328385423,0.06921146855251316,0.6004598399295527,0.0485600948552875,0.041161282768692166
160bNWEp07k,766,regular_humor,31,0.20911957930412986,0.32387393193259356,0.4670064894993219,0.009799989928480147,0.01607189115255155,0.03314379698103068,0.005740311567581469,0.0006348766661587081,0.08786471773900333,0.08857672574419168,0.04115699480790945,0.010884271485866197,0.25302638701771596,0.3551973467392306,0.034968101764999086,0.21619017248702865
18pZAtFkhKY,767,regular_humor,31,0.4503481097579483,0.37463201582431793,0.17501988015588252,0.00783311536736531,0.12393453994891682,0.10478718944068532,0.005559779191718271,0.0021022331664778083,0.26991609811234557,0.13228332449591929,0.17069290964038022,0.020865091261634182,0.0882430516123291,0.3890703473420393,0.04542043942567562,0.15342482948495495
1BQfaLth598,768,not_humor,31,0.34182536932489566,0.4088243615603255,0.24935026924997086,0.0013755381857458082,0.07280412057204352,0.05322607339410517,0.0016768046179711218,0.00023293966636805225,0.1148056844117931,0.10059440528012571,0.13883211701777914,0.01665728630670797,0.05701906577263388,0.46910841025472166,0.10089502052494115,0.11689368651939495
1Jb02ltCH48,769,not_humor,31,0.2691161956397756,0.553029804460464,0.17785400221304548,0.00044067384677022814,0.031328235045939144,0.04971783302701829,0.002246039734135622,0.00027094083470142176,0.07202966935226633,0.0824049485531906,0.04700954842396201,0.0718815091569277,0.05707621123010834,0.4563898536556911,0.09107109766092993,0.1941668410117047
1UWAWle0Y8s,771,dark_humor,31,0.17748023767114407,0.35912578492876024,0.4633939810878327,0.02605029060402059,0.03640411244123243,0.06359922145718648,0.014763099588068849,0.002581375991858001,0.11350912701210848,0.13469012868740865,0.08545340009544405,0.023241996896573372,0.11846048167846616,0.5315721622638164,0.02623703888797712,0.08034478426880894
1UwQQS337ww,772,not_humor,31,0.4155034929994614,0.46565779755192416,0.1188387042512336,0.010226068212725823,0.005563396435689121,0.029568406319031643,0.00073298939640799,0.00040415906691886185,0.08649221021539322,0.16335267209515517,0.15173135901756224,0.01657931952955081,0.06370546674025396,0.38163722132242495,0.14036365596562503,0.08263031430842896
1Xus64yzUFw,773,not_humor,16,0.1476560177106876,0.39404620532877743,0.4582977786194533,0.0003173684863213566,0.0016160043296622462,0.003159473802043067,0.00018646952003109618,0.00022144463673612336,0.05605239619035274,0.10748025609063916,0.04566740359587129,0.01975845122797182,0.10366266120399814,0.3921382959233597,0.04078061146719847,0.29051232361234725
1Y5ag-PtnMw,774,not_humor,31,0.25319645269173047,0.559854579458554,0.18694897506746552,0.0003628582090905477,0.0008119612964125531,0.0005953265339954787,0.00011900061133107351,0.00017544033142903278,0.019755614269900346,0.04735353435840337,0.09911890662342851,0.015788653979055402,0.11027106250854089,0.4579627620536954,0.08210833949006853,0.18739674943349055
1ZVixIAxx_8,775,regular_humor,31,0.14139543427154422,0.21875520540221083,0.6398493578777679,0.0011824082945578642,0.03321370691569867,0.05886994928662335,0.0015557075133866391,0.0034967070053924898,0.1118067848428543,0.07513360408014588,0.055943955186634295,0.08715974872991923,0.271204526528656,0.35729823982523334,0.06433717057769818,0.08892274324992491
1aiLVAVkVWQ,776,not_humor,31,0.29119776657992796,0.5636915063425418,0.14511072165482947,0.0012814327468907822,0.020952507260165388,0.04101809547958715,0.0043728686263597,0.02481491762286638,0.12336184350480776,0.1320558865028884,0.10204769106912276,0.04261037871436847,0.05344442971568975,0.41892287708188014,0.029939058154160456,0.2209796812873514
1evH6dlA3pI,777,not_humor,31,0.23713780672199303,0.473467692732811,0.28939449940357476,0.000762209220181009,0.02311928849761194,0.024633460900663668,0.0005765540413596036,0.002935853714711078,0.08760365064165765,0.11139933414937507,0.06702150321835952,0.027377622262124094,0.08495705617561695,0.5001174276694655,0.047389996868948785,0.16173705649411968
1ewmZdC2mww,778,not_humor,31,0.2645062733922274,0.580406287745122,0.15508743282407522,0.00024659111776629525,0.0008119328915434439,0.002007230861401636,0.00012972560591973184,0.00014626492479545696,0.02141152743828453,0.020748910434063402,0.02630910748097625,0.02190661885880775,0.06359157909924586,0.5677972397496623,0.07322653902003602,0.22642000563322537
1fLr8QlHZXE,779,not_humor,25,0.3871646842546761,0.46736590906977654,0.14546939551830293,0.04382127534423489,0.05964797288354021,0.03977553128963336,0.0038741874680272305,0.0010750784480478615,0.17743669060757383,0.13853192171081902,0.07666246123844758,0.051933661261573436,0.02080639778636396,0.42490309312939645,0.0849123433418572,0.20225012476090343
1j4jryn6Rp8,780,regular_humor,31,0.5634600951771943,0.27815466761709223,0.15838523907586932,0.008649747931837825,0.08585412856548154,0.06138337751655208,0.005252867659897498,0.009432347194712249,0.22553495471102877,0.1926464655646874,0.2305669355348894,0.08863725632639421,0.06613392667889956,0.27194015791399345,0.07629361045697043,0.07378163781662982
1jGXSEowauk,781,dark_humor,31,0.3593915763401216,0.2979543137874815,0.34265410990243955,0.03317091492945404,0.048587192629178565,0.0719223958102145,0.005732383136825276,0.0014530029692386667,0.1599386073780366,0.1533093539802658,0.13993475699586974,0.05697718689653782,0.08282768666639083,0.32730335940516764,0.0703682839464877,0.16927937365835533
1k8LEMcBsgY,782,regular_humor,31,0.1681476453950088,0.2865090110008755,0.5453433445504596,0.0005978569078574617,0.03547576832399148,0.09029761678398392,0.006364425969114827,0.00044693752152529816,0.11645314833825274,0.18665366044508352,0.05728930959125019,0.04194149228973284,0.07543747229952245,0.46310551998565996,0.09692453237010105,0.0786480282230543
1kcwwnAGw5s,783,not_humor,13,0.1984917423866976,0.42626762203872204,0.3752406445116951,0.00016609260301965362,0.0003569024254550011,0.0004324079804623929,0.0001169905192979898,0.00016423472754048326,0.006889249314554036,0.053993884581499375,0.028773990092584148,0.004958094218566727,0.114236143990778,0.6723451213194773,0.02718107928880132,0.09851169772446156
1pX7UDZ3I3Y,784,regular_humor,31,0.2270599783758723,0.40708342110437734,0.36585660456048863,0.0014521109814297469,0.0049117670677069035,0.011570293752987298,0.0006793340580770746,0.009126035470774608,0.04883733603562559,0.03982922026226597,0.047811290367521464,0.011877321041068964,0.11158481998098714,0.5493230424040267,0.07009701760515812,0.1694772944995953
1tbajSGQr44,785,not_humor,14,0.10266153205053083,0.21777216863951512,0.6795663204310196,0.00023121240311801166,0.0011616477848812273,0.0017825058696741638,0.0001378236525592261,0.00016534645016820702,0.023485278540257632,0.022832222482455627,0.03610258983098902,0.009842987051732572,0.26981300451526685,0.3842642305285803,0.09259256720542908,0.1845523927227727
20gM14BXiNg,786,dark_humor,31,0.2526357323682356,0.4969847447449161,0.2503795249447707,0.002487754600869882,0.03219330270498646,0.04143361989389955,0.0019536434194906767,0.0003733933880275506,0.13555767728511484,0.0825054878293867,0.17581098711478613,0.0984381721524011,0.0933834898075269,0.40125731279652926,0.025131930229103854,0.1234726108790886
28cp6HmUifU,788,regular_humor,31,0.04771978836957245,0.19929860180784617,0.7529816065103777,0.0001856900292501274,0.0003566460884852155,0.00047911646927992305,0.00011450013886543832,0.0001612809050599143,0.007570515726617868,0.03800225734425288,0.013379261757607662,0.011592826339408694,0.33947165272829516,0.3840553403321293,0.02446322903532775,0.18903544075005957
2AKDM2c97qE,789,not_humor,31,0.4046089163560781,0.4401471864792608,0.1552438933492428,0.00511964644265977,0.0284391894106633,0.008471032022029132,0.00037182807958038947,0.0002654231014481235,0.06842956983206433,0.10230823130827517,0.12904794260318722,0.058254565655877215,0.0420108376983403,0.45824790241820135,0.08631777586114983,0.12381275371468116
2BW3ff2OJA4,790,dark_humor,31,0.2659194014681083,0.36712063581592613,0.36695995031585615,0.002570457883731222,0.04618997688099156,0.09580644822563045,0.005093603690658065,0.0005711820227706114,0.18356084396439273,0.09856604192886621,0.0794496858575111,0.0560661387900191,0.13335192736027943,0.3466181585324868,0.06805358163171238,0.21789447378907953
2ENilC8uluE,791,regular_humor,31,0.17579014337952098,0.3620840114571394,0.46212584864828854,0.0012373467804037877,0.012265700934221968,0.02285566050071089,0.00042612446639161077,0.00024143205143533828,0.05589355704479761,0.07345886502955709,0.0908066509441743,0.023957579524346417,0.0917662646275975,0.6086162173699948,0.03215056746416996,0.07924384910673384
2GE6x2LHuWE,793,not_humor,14,0.535998312490327,0.38580296241811346,0.07819872509155955,0.0006583669819519855,0.016140132189320866,0.06501623030635528,0.002120384777039622,0.0003809641015582851,0.11697788746927731,0.1578175394928881,0.06097622851874413,0.06349932968649748,0.08489286446378433,0.4894851762801409,0.05589350791914122,0.0874353681824037
2Gx2T8xxcwA,797,regular_humor,31,0.22507734502094887,0.5410034461848198,0.23391920225995202,0.00562943187974123,0.0031171143073738822,0.0022511826447894675,0.0003847495712351144,0.00296628491994324,0.04830782353172019,0.10089302137343874,0.0672957138327371,0.02008068690737409,0.06816314333569139,0.47462908971694207,0.048137422651052475,0.22080091672438767
2LSaBbI482k,798,regular_humor,31,0.1417214824788032,0.42109469913186565,0.43718382145368284,0.019181743101310735,0.007642403693734518,0.03044213605678505,0.0012050176362296747,0.0004220229377331693,0.0820134017962001,0.07337051169616321,0.05804641450935554,0.03686721291160211,0.15568265407871937,0.4926950368849981,0.030633459731395685,0.15270470869877645
2Lex5LL5b1Y,799,regular_humor,31,0.2793730589140567,0.4771248404417307,0.24350209047477092,0.009827393384072028,0.01857493208738179,0.07005548235188584,0.0028836895749742735,0.0007150292184369098,0.11559821441469173,0.15057401179576352,0.11381487526194824,0.019116122649246527,0.09808425037866278,0.39432381664312655,0.0504977393504833,0.17358917013681943
2Lw5jO_mr0c,800,not_humor,31,0.1788526771199559,0.5407900213594398,0.28035729985323643,0.0005960152892869026,0.024512619440135875,0.11922186042835575,0.011803581058977157,0.0007899872984008623,0.14527074578819016,0.10378841397863242,0.08261895053569347,0.026073572300975362,0.09515076467857486,0.5092692591790711,0.03873895539812023,0.14436009209302644
2Mmcjh79g3I,801,regular_humor,31,0.21655532294103214,0.49620826422206815,0.2872364304419006,0.002464739054689304,0.00566874036514726,0.015680562383720592,0.0005674852880239937,0.00037406580738588084,0.05887136229073569,0.06079831675836636,0.04861288203486061,0.009266839505383564,0.10053253257947584,0.5087477581936025,0.026448243034763202,0.24559344118461013
2h08Pff3kTc,805,regular_humor,31,0.19581392850546586,0.3636882116176909,0.44049785280179593,0.0002738810998703083,0.0007169134515870903,0.0007956657932335211,0.00013128377101947404,0.00022291299612862208,0.023916355043184012,0.029928111309756436,0.06245538122170875,0.04167816853300939,0.14636781144391506,0.4105386923484114,0.11325092893844892,0.19578091831757657
2hU7z6RXnyA,807,regular_humor,31,0.4426138298285584,0.3390739295751818,0.21831224289452356,0.05011372826477107,0.09219037128317606,0.13420624411223653,0.016623768789530355,0.001223740296535975,0.301576248144791,0.12621553101381588,0.23518212043282186,0.017205386902318306,0.1750813485264042,0.3296005935558388,0.04213357850488636,0.07458144164035818
2qA5lNqqCOQ,808,dark_humor,31,0.17173472737833376,0.22450197001378383,0.6037633108545936,0.0032676198700961148,0.009167937303221064,0.038021788484090185,0.0006244170010998664,0.00031453488050066234,0.09542958590675206,0.05842946378904725,0.08166391384457389,0.04550988430949679,0.3271544732438821,0.2757176959121059,0.07908350502276013,0.1324410630660432
2rydwTQYIFU,809,not_humor,31,0.6180940796771357,0.28885742577333606,0.09304849091436594,0.014593589882415178,0.043881210774528764,0.022012340195473254,0.001286179621538688,0.0015436677631148468,0.11809655609765961,0.23235883077065791,0.2015134305317676,0.04005806034265627,0.02536571137194011,0.33618768562953316,0.09105684430969338,0.07345943864164574
2vJYNIiSFhs,811,dark_humor,1,0.7989069819450378,0.17898841202259064,0.022104661911725998,0.0009864357998594642,0.003203687723726034,0.0009957744041457772,0.0002043174608843401,0.001353894011117518,0.13344275951385498,0.613871693611145,0.11161863803863525,0.020985212177038193,0.004183937795460224,0.18498873710632324,0.058125562965869904,0.006226120982319117
2w3lqFCZWs8,812,not_humor,31,0.3778561323640808,0.4673155853825231,0.15482828624907038,0.0020658730833430683,0.019333180104431157,0.032428132546614974,0.005303020297076493,0.011769782350447419,0.10535861783653437,0.10352937962048717,0.09006095267531852,0.1324347155318866,0.03519420462825726,0.4514595923584796,0.11552727925440957,0.07179387642310993
2wCHL7Shrq4,813,not_humor,31,0.20847958239215997,0.5785262228981141,0.21299419353806204,0.003231880750278041,0.005604154011140758,0.012623379998389752,0.0006241645002568651,0.0017330581495996504,0.10322001309231704,0.053452320487028165,0.024530792098131873,0.08322800743213345,0.10356361010382252,0.6428038773517455,0.04759078471350574,0.04483060634905292
2yRg8nS9g4Y,815,regular_humor,31,0.336934429127723,0.40135511924182216,0.2617104527270121,0.01637804784554793,0.06110124337306667,0.07270247225918161,0.004512521599779927,0.0005789477966778401,0.17666313300968237,0.1328662217129022,0.08563625517549113,0.022783818831216666,0.07870696792979875,0.48507562096440987,0.052336909335046526,0.1425942141232231
30cp9pY-82c,816,dark_humor,31,0.3699442922558275,0.4008381083126991,0.22921759313753537,0.07343030530459908,0.05286585154423055,0.02092075961099322,0.0034176774427197095,0.0013368072013104065,0.18089498280389835,0.12475337684454937,0.10338823792840084,0.029553601721061334,0.05457562011396212,0.5347539670464974,0.04541053272212946,0.10756465085151215
30oQ1P4xyEw,817,not_humor,31,0.22562159752593405,0.3644318107155062,0.4099465965353433,0.009721813054056838,0.031209874876132686,0.006204842444745854,0.0004476796907951094,0.00044627183101951116,0.1440703386080361,0.035835842294017636,0.11593065737190866,0.013043929989855256,0.11461916982361506,0.4627500078490665,0.057914306165560356,0.19990609594500594
35Wd4gAyyis,818,regular_humor,31,0.45341552104500515,0.37835499812518397,0.16822947267322771,0.010787885765650219,0.09682520972086012,0.10540321404762161,0.009781528713046423,0.0014407849669242428,0.291720507202685,0.07944197310585409,0.21913031914511755,0.0239670071262686,0.048018559618222136,0.37956926217603104,0.07924353187122653,0.17062933806089625
3BxcEiBHSWM,820,not_humor,31,0.2558604846220283,0.4316785279060564,0.31246099907964947,0.001663089428010637,0.01100037107384959,0.028312932321099535,0.000716197004235695,0.0004594649576428046,0.11443349276669323,0.06680081529362548,0.03192896948331186,0.016725593438041548,0.131936467808461,0.4934068618402366,0.07107485265981767,0.18812644604833856
3F0dwQhGapc,821,not_humor,31,0.2719030115460496,0.4162764996290207,0.3118204817386164,0.0001769419977790676,0.0004030328836374646,0.0004490843120654444,0.00011113106161393526,0.00012219743943968489,0.0072164489989048775,0.08050069366131098,0.04779173075334139,0.04631401825087866,0.14309748731208063,0.47483493712159897,0.0664054746364033,0.1410556572091375
3GxIY17PYPg,822,dark_humor,31,0.3013857687042365,0.32586959166632545,0.3727446486873011,0.003491327078776404,0.07248130664858411,0.13482960250797577,0.01795616797842799,0.0008997721165689009,0.18366284435051644,0.13982411504783218,0.0907766483573904,0.01683118026102743,0.18709490509823926,0.38631519157018873,0.08567984578680367,0.09347811197456453
3Ht6jR4sUro,823,regular_humor,31,0.2997558749461126,0.4893572018031151,0.21088692389668956,0.0003738557129362298,0.0032066647033770416,0.03759801230860889,0.0005905186290845215,0.00025764816523259206,0.08379878480017426,0.09136646989011957,0.04818276161958854,0.043854575653019694,0.04991479017846887,0.47394408153430106,0.04498362982825887,0.2477536909582634
3ISmyDAcHeo,824,not_humor,31,0.15472941511430807,0.4606511515955771,0.3846194521193543,0.00036442392522604357,0.0014733803029465039,0.0012996753765976117,0.00014191238592649178,0.00018382955350980704,0.038529600227071394,0.03255727098533703,0.03016415834351773,0.04929322142890023,0.08095097283442174,0.5579560037942664,0.07894132074509416,0.17013704627301665
3L26oI4iLHI,825,not_humor,31,0.36685940458799804,0.42037150230739384,0.21276909206062555,0.002276976763706414,0.030917502378278804,0.08242111754014096,0.0020123087914168626,0.00042693259831961064,0.16620627220629924,0.10534285856110434,0.22111256104788832,0.02097238526461766,0.11267748218773294,0.36299493171334746,0.043515529077980786,0.13338425192951917
3N5tGy7o6jk,826,not_humor,31,0.1747895542817611,0.4269827784850232,0.398227671161294,0.003880439655697574,0.04095856911003319,0.026048283799149606,0.000821593105361136,0.00033219373665727494,0.07202587776156442,0.09826622751631564,0.03184553766022286,0.03370657362674753,0.08756622394186354,0.6405525403397698,0.04730023768159651,0.060762658790354765
3PpkdsCcJ6E,829,not_humor,31,0.1457438655160067,0.3028426160134615,0.5514135228079413,0.0006093357665269005,0.02904220392379249,0.05049547750170478,0.0010701238244373893,0.00025405384193647715,0.07939106945301436,0.050060830619787014,0.07052916020245081,0.018430936024449163,0.260835830726841,0.43002376404981457,0.08536945393819723,0.08475001522099539
3QJLZ13Ggck,830,not_humor,31,0.4206890613892146,0.4031800327281798,0.17613090340408585,0.0038487907417396445,0.18462567985425854,0.16398293461515417,0.01584018094839731,0.0005503724307580401,0.3300502652287363,0.10905543301299575,0.1145642769162453,0.04621188812363412,0.022278966215972397,0.5051234165927575,0.101322048952082,0.1014439735107214
3RL4wpnmtKU,831,regular_humor,31,0.16931454103530175,0.40449210523717827,0.426193353930308,0.022130311203880176,0.02300649040356098,0.03538743272750458,0.0010822049296093023,0.00044266989847998163,0.11986802376228414,0.10289124298780676,0.07929687980738949,0.015483469538946425,0.1289040213300576,0.466006251322406,0.03333714827820058,0.1740809893761311
3SfmHt6w3L8,832,not_humor,31,0.22608532328459044,0.5184918084452229,0.2554228683452933,0.0002565143029994121,0.0009659497187502923,0.00234462795807274,0.000145145392443444,0.00017749883596890516,0.02755611976833954,0.06433857389305148,0.0886328921863629,0.01771487826631675,0.07588869202581625,0.5682201100693595,0.05472895532335725,0.13047589158128586
3T60WSd9Rng,833,regular_humor,31,0.31049327188802345,0.5290427164685342,0.16046401627001264,0.0015219113204605697,0.01820359348869627,0.04581490853114144,0.0010969147105858992,0.00039544282340249346,0.11404370155651122,0.086312806519169,0.10204815221649985,0.0838538495215377,0.04448562268648417,0.5431955143088295,0.08543316114153113,0.054670887623703285
3V5cOPd0vl0,834,not_humor,31,0.5434468338235973,0.356464093611125,0.10008905879071643,0.010077271917966315,0.01761781145591334,0.03818671000396622,0.0015635027467074143,0.001708643987864977,0.11856751635317661,0.1123747704099984,0.17119365515968493,0.02966943133487216,0.027951797320237084,0.5359088442618808,0.06888119608253962,0.05402032324233123
3WIqFg-Dfek,835,not_humor,31,0.3243123850815238,0.434555877841288,0.24113174281533686,0.0014067973074082646,0.02042001219665361,0.011826058598085037,0.0008420671419439566,0.013854809720332043,0.10639489259788647,0.053910862346510255,0.07994969373929404,0.10753845663238017,0.07417162554338574,0.4947351009675091,0.09093144254368399,0.09876281624629853
3WNI0EaK1Fw,836,dark_humor,31,0.3043995325814091,0.33063374543862956,0.36496672992624585,0.0007864277004339401,0.036034519630653274,0.050142718877572,0.01086785375317108,0.0004832710251174567,0.10379376000116369,0.08736001557460235,0.11276692302987701,0.038088611107424744,0.17483552618162526,0.33929322347525626,0.06405704812477192,0.18359864861779515
3Y77jZdGstQ,837,not_humor,13,0.08626359590114309,0.3398786350511588,0.573857763925424,0.001352879011672205,0.006150137827857039,0.001539730373993874,0.00033680301007384865,0.0010467925413440054,0.09109643591979805,0.07673045276449277,0.034608680790720076,0.04705792273251483,0.12094436003826559,0.6284018752093499,0.04276264974704155,0.049494076950045734
3c3UDHJDm4o,838,dark_humor,31,0.1389176272111194,0.18777633722751372,0.6733060292899609,0.00041903364669246176,0.007680366779471027,0.041015265851690914,0.0014557209966193523,0.00038633557602635494,0.12223257480617312,0.10293952588577784,0.07296919499922003,0.030377632145011317,0.2672829658934666,0.33868273295041534,0.0804989623476661,0.10724900085328808
3g7VCdGQPDc,840,not_humor,31,0.3861853528632632,0.3940734766543873,0.21974118160564574,0.0029292313594205845,0.05975884740426761,0.035285656653051715,0.0009212690018748324,0.0003989877654784059,0.15340197496979888,0.07689209657743754,0.05895727179238513,0.022379862475058725,0.08567342652766514,0.46801938343372557,0.12340008920328992,0.16467789048328996
3qaMBov80SA,844,regular_humor,31,0.313460732062888,0.4721415969392946,0.21439767043076216,0.017707833385605727,0.047119069635124515,0.03632682646181615,0.0011687529871367939,0.004574048518993697,0.2004632682599608,0.17442639349328895,0.10618099010729741,0.017156878687185986,0.10970008737903329,0.4210450941877019,0.05867190276002211,0.11281865192276816
3uJ234zSG8I,845,not_humor,31,0.25771175389508566,0.40597128844068897,0.33631695788954535,0.00022918917332595635,0.00053043648292641,0.0020150616619503126,0.00013935442280677717,0.00017083100758628138,0.021056946137950065,0.09687260069674061,0.07084444079608206,0.047996922163292766,0.07537077058617386,0.6228420816121563,0.05225978256954301,0.033813392848617604
3vGZN8xqnfQ,846,not_humor,31,0.33561414313472565,0.4513385357755807,0.2130473321604152,0.002128614204740452,0.011555929571547876,0.014710434078287723,0.0007996911757096138,0.011469527922717163,0.10346615024759705,0.07955303592907806,0.10542272131199078,0.03459519104686596,0.04049240281024287,0.5438947685423398,0.05395258883495004,0.14208929130296793
3wS-ZLGVAAM,847,not_humor,31,0.07964882067584943,0.3486131685635736,0.5717380118946875,0.0005657073272760176,0.0014665759531893737,0.0026364481351676306,0.00018342524028060238,0.00022557742692785518,0.019477709900632863,0.06147922981049745,0.02644400627562596,0.009808772931724125,0.3142725029329379,0.3871631753300467,0.06674277218389174,0.13408953436620294
3xfSptraAq4,848,not_humor,25,0.12386098849587142,0.555262458845973,0.32087655551731586,0.00023882536508608608,0.0037417107698274775,0.03582880318979733,0.0011696694974671117,0.0001843841269146651,0.04193619966041297,0.021657664719969036,0.03530781990848482,0.01703825098928064,0.12918951835948975,0.5506336975097657,0.038389582633972165,0.2077834675088525
3xxLwqok6pI,849,not_humor,12,0.009342037335348627,0.15412923274561763,0.8365287408232689,0.00019894726089357087,0.0002927141746719523,0.00038064174926451716,0.0001046206944010919,0.00011303308929200284,0.0048244713349655894,0.040342974166075386,0.029482971605223913,0.23317468038294464,0.115476909171169,0.5266308796902498,0.038368716525534786,0.016522880682411294
3zg6-evbrhE,850,not_humor,31,0.22989348274084828,0.515050421078359,0.25505610179877086,0.0002766331186473009,0.001074152909906491,0.0016000604209107077,0.00013902658646393026,0.00015232481288671073,0.02087275586804495,0.10715887147647839,0.05779386457851938,0.08865642954873282,0.07133102528150043,0.48549432783657986,0.037750223230931065,0.15181526476367108
41cTyRR5ync,851,regular_humor,31,0.3030318238381897,0.41738575360467356,0.27958242102496084,0.00234176333657571,0.04669831897978926,0.09894565797003452,0.005872906602293839,0.011280526511508205,0.23066971717672724,0.08600798878638495,0.07557355206471027,0.018201821893941792,0.13044823805478611,0.5155707235718446,0.02677069524408228,0.14742699054054795
4B0PMcWYRnI,853,regular_humor,31,0.4735667415023331,0.37576925153693846,0.15066401652931685,0.0006524823392899106,0.004395394029767973,0.0012521242071318651,0.0001606625850282369,0.0006204906493357773,0.04581373236367419,0.09601669549761761,0.15993545733151898,0.09569919719210555,0.05153199820779264,0.4193534687041275,0.09802586690432602,0.07943731566680776
4Bv6k5atHa8,854,regular_humor,31,0.31721235661121505,0.30442919167539767,0.3783584453856512,0.0038254562692130885,0.0746923197462644,0.10670558460837891,0.004757005211778902,0.0004927596509655667,0.15460350667877543,0.1843172512092297,0.09447083509932723,0.018261744852005053,0.20697831746280915,0.3805310416425909,0.03655212853224047,0.078888677984416
4GXxDnTvmhQ,855,regular_humor,31,0.3187009672514133,0.3907997288230446,0.2904992970307508,0.0008183871480380936,0.022307065193965702,0.0500330674948336,0.001146375063634027,0.000919537027526061,0.08504605580744665,0.09083270733695357,0.1204447249145878,0.09207272864953284,0.08746160472172403,0.3468476638738667,0.06765092784283502,0.19468965382510495
4ImqupoGhQc,857,regular_humor,31,0.10888065923486025,0.5036006280251087,0.38751872412620053,0.0020233164527340823,0.017064249423715556,0.08392338130215649,0.011079491381092193,0.0011789095841513405,0.15406717993919888,0.11365653407729921,0.06094320731297616,0.05196414517629291,0.037895027871033354,0.6505324359863035,0.05519747619907702,0.02981116627943852
4K5bISnYAnA,858,not_humor,14,0.25986073784796254,0.40065968143088476,0.339479581186814,0.0022354874402351144,0.0007477383384996626,0.0007294834992665398,0.0002379592728435195,0.0014942475338882235,0.036640659103535915,0.06567757802882365,0.06267830081300677,0.024850417876483073,0.16957828433286132,0.4855571455721344,0.06365270493552089,0.12800556584261358
4KS4dq1rOAk,859,regular_humor,31,0.15931201180172783,0.340084204690591,0.5006037856181783,0.0009007991499064731,0.03297875841587571,0.10238052765846313,0.0033864725574535588,0.0012249491436147851,0.14864453723120893,0.06466688417018421,0.07612324159427156,0.01994313205397057,0.19767402635977394,0.4454420636137647,0.040865253672123916,0.15528539176129044
4NaPmdUxHr0,861,dark_humor,31,0.2697674995438466,0.3249975677819983,0.40523493076644596,0.00687654007736954,0.03887432008970439,0.03759946676267822,0.009343187558941634,0.004391228492867442,0.16245993015716872,0.20210566992435844,0.07566512694146725,0.03569863081511651,0.13179775479722827,0.311985811834494,0.04382953053760913,0.19891746041755523
4QqXVXeKGj8,862,dark_humor,31,0.2590637945029284,0.35574430114619676,0.38519191826062815,0.01408901957902051,0.011125726173744507,0.031160774962289348,0.0016335371765308082,0.0010915595036837453,0.08152386142624422,0.13867807108908892,0.09245840701529937,0.07646257033751856,0.1849026102553903,0.413212250287254,0.03727733355856711,0.0570087599185025
4RtyPpfx1ZE,863,not_humor,31,0.5585527950296959,0.32516046829761996,0.1162867467369764,0.00420839760091997,0.04565252534784151,0.013719492954307145,0.000537704409056929,0.0005719813867002695,0.13359921474400308,0.20756399307039478,0.10004992743263082,0.08406801685510625,0.04154893283116361,0.3929507428359601,0.06075646106394068,0.11306191368719502
4SGTbGOu2xw,864,not_humor,7,0.2242826103631939,0.5408569616930825,0.23486040399542876,0.0018496880407578179,0.01593137123771677,0.02265045385450191,0.0008653679407351385,0.002223777814443955,0.10810525816798743,0.1107192909611123,0.05144209561071226,0.044192704505154064,0.01364331938592451,0.6846887916326523,0.0262902575611536,0.06902356173044868
4TAIFX2VqbM,865,not_humor,29,0.5705489331920599,0.27102015880418234,0.15843091192173547,0.000527065461561694,0.022839646183801333,0.09894417643151647,0.009098089948158052,0.0004561086805489171,0.11138179830821424,0.12168112083273971,0.051779027849612434,0.010299305801865933,0.08251760720981863,0.3980066055945795,0.09792812317128069,0.23778821190754915
4VUqlRZIDfU,866,dark_humor,20,0.5243847817182541,0.38121492974460125,0.09440029477700591,0.03871112391789211,0.05707835478533525,0.024712664853723254,0.0022491202977107604,0.010441806261587772,0.20735176592716015,0.14436345850117505,0.15561320956330746,0.038296497496776286,0.023110322502907364,0.4164794249460101,0.16996012949384748,0.0521769599057734
4VtpGVjCbIw,867,regular_humor,31,0.3616297967101057,0.37403895675895676,0.2643312412584501,0.021410160676872868,0.01646502950930998,0.006269991033120952,0.0007846304471322876,0.0005308322236692954,0.09258743915932192,0.10537208820272598,0.20404581295236224,0.030488444894041504,0.09454571951139387,0.4603945682906816,0.039622363424108874,0.06553100015322168
4Zr7plwPXPs,868,not_humor,31,0.4360232650933246,0.3511226422363712,0.21285410658005746,0.004444156062222206,0.042473679055899174,0.06541853838162721,0.003054007355052407,0.0014854104280652058,0.1827175725991237,0.0901295747908373,0.2308571187341811,0.01459014380440837,0.11739479960130167,0.26425871132842954,0.1184464298308857,0.1643232200407393
4edkKulJmD4,869,dark_humor,31,0.22839570834091114,0.39668868572240873,0.37491560733366397,0.011334235280951215,0.01458415063943023,0.0036125806734837113,0.000473325448007428,0.0005191643020577519,0.08017062793688608,0.10117143898406217,0.04838048569546381,0.01631376324146385,0.1583061817988393,0.509562651867107,0.0652868329291983,0.10097864839894276
4fgesbFW70Y,870,not_humor,31,0.3641982650564563,0.46434239550463613,0.17145934612340025,0.0027379591117477823,0.022126385659043256,0.028039347683173423,0.0019289601428505603,0.0004042756493530056,0.04871963351897354,0.08168047291016386,0.07850579435997192,0.09353184961007847,0.0464705437864928,0.5077873550115093,0.06581116559344434,0.1262128238806561
4mXtYMYwwEg,871,not_humor,31,0.08396940844719328,0.297192690683709,0.6188379128974292,0.00046561180751004646,0.007892589336880784,0.008959635854191747,0.0002298547647848365,0.00025429863331561547,0.042509939850142765,0.03374961141361705,0.02440807001004296,0.020414004282605265,0.2533844382006435,0.4382536604009088,0.08493549528441602,0.14485471817334333
4oMoCZg88Ng,872,dark_humor,31,0.38093758116085685,0.4151405266696407,0.2039219044419306,0.0018850847254432137,0.011688906786261097,0.0029864756647692693,0.00022125511285623595,0.0004349109879131579,0.09334172772604131,0.06551762627467754,0.11894450937547991,0.008135186179706285,0.08225088884430606,0.43788000083558504,0.12187368757722358,0.16539810666243634
4tFGvsTkyc0,873,dark_humor,31,0.42686089452716613,0.2672231563877675,0.30591594858936244,0.01608367188741648,0.023578994001934094,0.030987049167085768,0.0014582203035505728,0.0006368371461811025,0.10958958346201407,0.13527365731856517,0.14502337979783694,0.03744093757197862,0.14023933451502554,0.4319208991458459,0.03420796833421674,0.07589382808017094
4ujj2cSQmX8,874,dark_humor,31,0.33221800445068267,0.50732156129614,0.1604604480577813,0.022662774371940853,0.028072353585758398,0.03140239325922824,0.0075723712333485545,0.0008019448085237414,0.0646107372106804,0.14175288607516595,0.06212577153928578,0.28136166616252833,0.027650204130388316,0.3718979675623198,0.06003928789868951,0.05517221757045557
5-YpR7wGDf0,876,dark_humor,31,0.4394323627554601,0.3982559374022868,0.1623117016598342,0.03468161124234734,0.049867041096384186,0.031109042429541718,0.00337738834669806,0.0016892054697945564,0.22364003423248388,0.11425997924450185,0.10185584526569132,0.06002515736937283,0.0247158138719838,0.39805013932768374,0.12817667019102844,0.17291640487289237
5-p1cJ9qBG8,877,not_humor,31,0.21462822618383554,0.3756383077632035,0.4097334564092659,0.054986856452042925,0.046608358260615906,0.09342817119848464,0.014401685652809382,0.0023299184524089907,0.15075780508754355,0.14431356372041326,0.0902156355554208,0.020359133512923313,0.15469498032583825,0.36846602984493776,0.09268358075660804,0.12926707103578072
50Bq70iIPyU,878,regular_humor,31,0.14934466645542172,0.21590215493474277,0.6347531779639183,0.0006535500809062092,0.0006389919998905351,0.0007696778479693157,0.000146536476207867,0.00021099066596493246,0.015137200613671372,0.06400459621762557,0.031129253301544174,0.0383355418903633,0.2101082347949306,0.5093540408115294,0.05516118842417434,0.09190716206907265
50QOo_TYJEk,879,regular_humor,31,0.10045057906949471,0.38005353522396856,0.5194958937504599,0.0048941001878120005,0.020204823695108173,0.01709061926568768,0.0006263995990945748,0.0004438443246462773,0.09033277746470224,0.06900856855715956,0.0352158393173839,0.037822902257058526,0.2408897100211752,0.49737544465930233,0.052130228802261334,0.0675572953262036
54TP8d7Kx9g,880,dark_humor,31,0.33321195301569756,0.37026679545881286,0.2965212485512658,0.006985735679571066,0.09372512134347832,0.1454585895013635,0.011108723799547842,0.004169004451062891,0.23874203727069881,0.12199137359857559,0.08593594046936731,0.009264272450837456,0.1760376757085924,0.3980273752803764,0.0723994491216276,0.13634390527412535
54zGAzjp9aE,881,regular_humor,9,0.19652924029570487,0.1860373318195343,0.617433433007035,0.0002624956962083363,0.0008599559546888082,0.004370856756900644,0.00021090965068045384,0.00020269739373664683,0.03750454897656002,0.07869626535102725,0.05439580213795933,0.02884532472429176,0.19808621637316215,0.3022001598858171,0.04628555988892913,0.2914906633603904
55CQ0i2VReI,882,regular_humor,31,0.38812613512779914,0.39674275680895776,0.21513109798392943,0.0022780893106697005,0.03192952577721313,0.07549030851242283,0.0012133924835999947,0.0014226782098581503,0.21226709139450722,0.16107942479392212,0.19134831209216388,0.03459304781074846,0.05988912096983122,0.38327994582153135,0.045122749773004366,0.12468740108212636
55jl4gRHQ4k,883,not_humor,31,0.23479892501247027,0.4809166250690337,0.2842844475301043,0.0010192912797661379,0.007768476177701696,0.053819324955017483,0.0012852163657249371,0.0007265779532909003,0.11731832684956552,0.06677310064720411,0.04199759200057616,0.02704164640031635,0.12881566000531516,0.5488560065446842,0.053735560437123624,0.1327804302225911
5BWvScmL3nA,885,dark_humor,31,0.2598095567626578,0.5038734865525076,0.23631695507755202,0.000349716475372383,0.0026388116666273545,0.03391313023636148,0.0006471466399342453,0.00022582676014750296,0.05781890181148605,0.10806413753438861,0.09687657311799065,0.04329445691321105,0.06035029103288487,0.5531426281968672,0.026951567585309668,0.11132035095004304
5BrDPUbB1Tc,886,not_humor,31,0.24322228910281293,0.4483453204194384,0.3084323892760421,0.005705561011000687,0.06503565073803803,0.04557037415572502,0.005960918326895955,0.0009236249111821845,0.11641197063727304,0.13018489345127054,0.09447382527193235,0.04576132853230041,0.0519996210294325,0.45724682336402755,0.030094804332381295,0.19023872811662695
5EBU_8-d7xA,887,not_humor,31,0.3535928902997365,0.47715162960512025,0.16925547794709284,0.029885621181869458,0.037840115301679036,0.02937046872149597,0.0013545646197012356,0.0005596279858558949,0.15220372679440544,0.10265312615721937,0.1424039283376788,0.02049211132144856,0.023802306916144107,0.4645462642093339,0.07378756719070577,0.17231470040015637
5EsQ3znrsUQ,888,not_humor,31,0.24479891696283895,0.35553692179101126,0.3996641580315848,0.0022328370030135695,0.012906036351905055,0.03208406529466306,0.003675297442955085,0.000244566768214422,0.04701851251640267,0.16557942897141462,0.07300412689801306,0.04861201679769663,0.03929551606321888,0.5206389119923716,0.039528075553056215,0.11334192993930511
5MC1FC0Y7jc,889,not_humor,31,0.3019622191185913,0.4811287870810878,0.2169089884527268,0.000514726634719409,0.021750955287584913,0.06307289525002782,0.0049117867158436695,0.0003498785818303605,0.09676569217117503,0.08283960054658594,0.09245263557175114,0.011313195287760707,0.07705124614444832,0.4499277743330646,0.06732140491235881,0.2190941432716265
5Q9K-z1prU8,890,regular_humor,31,0.1664772909435053,0.42848299921400124,0.40503971490468227,0.0014338996604032395,0.008028586934913972,0.0064151856481217805,0.0002918065529816123,0.00048610707017360255,0.10677653101963862,0.07926845779987954,0.03795299965572814,0.02280047382866483,0.1902373952250327,0.4429384803459529,0.07901309308175358,0.14778909078168292
5SwqVDlt1o8,891,not_humor,31,0.28449479670023486,0.20865684579457006,0.5068483596156922,0.0015072749632846325,0.05193714150359043,0.07249783672253421,0.0021237957548545373,0.00024227395976683306,0.1265642996689665,0.08149558784545309,0.15739564148468838,0.014804516294633129,0.14903006973045488,0.388557369520347,0.0857263898191553,0.12299042002057596
5UWQpxDCKHA,892,not_humor,12,0.44332596473395824,0.4742511560519536,0.08242288876014452,0.017450554782650823,0.013443083582387771,0.029167112204352936,0.0019616554612487866,0.0019037156040819052,0.0740215812935882,0.10428334089616935,0.058728884517525635,0.07879478783191492,0.015313143007612476,0.4840660622964303,0.06909828138304874,0.18971547616335252
5Ubu-BkRARs,893,dark_humor,31,0.3998612466778967,0.2791718298028554,0.3209669197038297,0.03617593562352516,0.06914951825409286,0.07531219112288748,0.004363597743635652,0.0012567658446759225,0.19575046313055341,0.10603869675598558,0.12824401136435148,0.051555138584526795,0.15197704690733865,0.40077319015718754,0.09750244267765552,0.06390947034777773
5V3Q_UdvmiI,894,not_humor,31,0.5555483876096625,0.31291361441535337,0.13153799635268026,0.02193647701079176,0.10972994788138632,0.2015109167057803,0.02581740136191647,0.013987711415534104,0.27546993260376995,0.0973790014132617,0.2559739652976033,0.02456751968636508,0.09197018718283113,0.3281292823113261,0.051456254606525746,0.15052377733386932
5ZQndj9kMJA,895,not_humor,31,0.37495464324620703,0.3816101165308106,0.24343523633996805,0.0009473318895024638,0.03029399067717379,0.07410074849124818,0.015320534276637068,0.0007615453052435882,0.13922744640900242,0.21326342204044904,0.11371187517239202,0.05146838083953386,0.054073907297870684,0.36297955787590436,0.05266617202470379,0.1518366792569718
5_jdF0iDlqs,896,regular_humor,31,0.6098971572073717,0.2358764290749546,0.15422640237656812,0.00881464459187907,0.13449847813124857,0.15459012297346378,0.011697547466141142,0.0006799506584009637,0.29384307064408915,0.2038391124524717,0.2066943173638485,0.033438897699177746,0.07577889043304528,0.25247926877871635,0.11772338924328646,0.11004612848327885
5a1HNFuxfnE,897,dark_humor,31,0.3500092628021394,0.3501768462480076,0.29981388928248515,0.007013689492352216,0.06053589878091213,0.29743335516597597,0.014012446343493197,0.0009639409061844251,0.3633890435955818,0.17249019087232167,0.10111572603965478,0.04080264252280035,0.03657703593208064,0.49987281167939784,0.04804748398882727,0.1010941039515479
5aJlj3KXMqU,898,not_humor,31,0.23657339911967998,0.4356690375434776,0.3277575725449189,0.02442731645339424,0.062010907888179645,0.08587361060574861,0.01178503967962423,0.000997215434542722,0.14213191519957036,0.08325713350167198,0.032388006070358376,0.03189039304326739,0.12635461176790658,0.541336084761086,0.06087315629326528,0.12390061660159019
5cw7LZk1Lu0,900,regular_humor,31,0.37519471802478355,0.4389786613323996,0.18582661948617427,0.0007978902853679874,0.0032457477998010993,0.0029678979190066457,0.00022967672280614233,0.0010777865341703046,0.08206367647771033,0.060990845399623315,0.06801268680494339,0.27929932807361885,0.029611504813205573,0.3689634322297699,0.0252992000990367,0.16782300169729897
5cywacFawWs,901,not_humor,31,0.17983766068373958,0.4234255902589329,0.3967367483363036,0.0017174585063325903,0.05063166966166107,0.09910573981065798,0.004688490806485436,0.00045046545076935044,0.14722985157277435,0.06037796625582081,0.09656126909483705,0.016795229240913964,0.11159696255344898,0.5171599157845541,0.06293099677760995,0.1345776672880616
5d6SkGyTsWA,902,regular_humor,31,0.33243195161283495,0.30628711459857805,0.36128092824571556,0.002763319978370301,0.03401411502695297,0.03556426104407893,0.003636049482250406,0.001108678182185207,0.11470233489601542,0.11081677195691172,0.09000966308878795,0.056441813020125756,0.09484705960963882,0.45286878016627125,0.07810917158701247,0.11690673825796694
5gAd69H3Xq4,903,not_humor,31,0.249336241782012,0.5160965784302642,0.23456718442180463,0.010076344213655008,0.009952984783130007,0.040133650605698235,0.0027671057602762423,0.000596936164994634,0.09602179227494484,0.10450725580355333,0.07385648624040186,0.0654501709298441,0.03639160076366557,0.5584209187617225,0.05242555671101136,0.10894800784937557
5gTuFh5N-28,904,not_humor,31,0.2816679979479241,0.3991758203314197,0.31915617523895157,0.0019511845100843798,0.005437465961515573,0.003062164962513282,0.00023979246367572716,0.00046384438586932037,0.060786584063598346,0.06610394371748571,0.08586060778508263,0.015874496109092667,0.16367176988804263,0.49565550958317134,0.031294176828176264,0.14153949615936126
5kmW9o_-8Xw,905,regular_humor,31,0.2875039443794277,0.2629288116830491,0.44956725448249807,0.011247273875802245,0.01882949831422358,0.07288822991305947,0.0025633992221217694,0.0006034032928930115,0.15445081281640957,0.08568063993645351,0.17835822426939324,0.018064750888903115,0.17472239114314078,0.300696860413037,0.08199239423077914,0.1604847288427634
5lLextewh94,906,dark_humor,2,0.08631330030038953,0.29858548287302256,0.6151011884212494,0.0001993115947698243,0.0018623304422362708,0.001915337037644349,0.00015021225408418104,0.0001937155975610949,0.03909121442120522,0.011399703565984964,0.008679773076437414,0.004194190260022879,0.012641662964597344,0.3996295011602342,0.01953169028274715,0.5439234860241413
5nsQsbXrwGQ,907,regular_humor,31,0.2667813886467728,0.32694190488226954,0.4062767109172719,0.01681402338586087,0.02555867338519273,0.045329883467920516,0.0024641108449882706,0.0004832321527271321,0.1219120905208852,0.03859865001492923,0.1042995187040839,0.01952432844066812,0.1852253230190986,0.4273288920371523,0.06275088373090952,0.1622724047892036
5pJCck8PLKM,909,regular_humor,31,0.2180409263368816,0.37816708730233295,0.4037919825754098,0.03402010741739368,0.03989934963418261,0.0540803499029754,0.008840768018759968,0.0021331271726071025,0.08086793942775036,0.1125687193425913,0.06984467042850391,0.007662075346395854,0.138655029436303,0.4349975254867346,0.07348015283294503,0.1627918333566237
5psXAt1AU6o,910,regular_humor,31,0.2730274259923927,0.23349040842825367,0.4934821789783816,0.003296752221367863,0.06219321536416594,0.05688341357651347,0.001655622559595823,0.013589989886132836,0.22708383489272468,0.10104804331316583,0.17965189756585226,0.02102097035610988,0.16947657717091422,0.36044244570357187,0.049341329283291296,0.11901874615690641
5tWoYbhD1h0,911,not_humor,31,0.6039992673022132,0.23306867336073228,0.16293206439924338,0.008338275476313767,0.1797512866497498,0.18057305432645784,0.032314759588775964,0.055901304517324356,0.4092143438756466,0.24493674533591875,0.1561177363694315,0.015804711977140076,0.040385452756327725,0.28398557854515893,0.18253463165714376,0.0762351643924992
6--BEOxP4SQ,913,regular_humor,31,0.5162981078329105,0.2862987729510473,0.19740310709382738,0.004594401810355785,0.04538555182291255,0.0482307364154915,0.00351318472225572,0.004332472756364188,0.24030509156610577,0.1284098632543558,0.16216017202203792,0.022301684715785086,0.14244520423498244,0.2937701552385284,0.1267419429195504,0.12417097392702295
62Prd_h55yw,914,regular_humor,31,0.14472809134261502,0.43266955591858397,0.42260234995234397,0.0004271910527736069,0.001032781951043064,0.001283404445970401,0.00021241827621012026,0.002916291669187617,0.03567738972431529,0.11708540698483345,0.05863144741611435,0.047191573017757504,0.21796182319221477,0.4757304190988502,0.023202799771341584,0.060196545583406286
62rXyhn--xE,915,regular_humor,31,0.13461845642286202,0.5189565374936548,0.346425007728319,0.0047668168610412506,0.00149974093214804,0.0007982092084280486,0.00018549589778206523,0.0002531561328777893,0.023082778295276746,0.10094167987605737,0.06570837094688849,0.04576172544470718,0.09623696547256963,0.5866002919933488,0.023397285431142775,0.08135367222430726
63fZliPWFoU,916,not_humor,31,0.3958440363527306,0.3479496587909037,0.2562063004701368,0.013205888292906176,0.11364349034650537,0.10733740659282287,0.024495364118915713,0.0006294064057123426,0.1939044033830625,0.118017831678322,0.0897535322226524,0.045433053704572,0.1462506772987845,0.4622357445468585,0.06004162454947589,0.07826752875811391
686PL7rt654,917,not_humor,31,0.09289804725126634,0.41703787031433276,0.4900640936628465,0.0007827050923820465,0.018107132712518046,0.0354241569889822,0.00180276281072668,0.00031459283139068453,0.08213847661916647,0.07015639038816575,0.07640319442256324,0.04274193054035066,0.07385977338849296,0.593683959735978,0.034605914463980064,0.1085488237891226
68hTieVyP30,918,not_humor,31,0.6537102328673485,0.2863467553209874,0.05994302674286788,0.0021746024914694228,0.018285872040113674,0.008099505777804992,0.0003365285771114061,0.0016466726233521777,0.13402885451514815,0.24255463425370474,0.12988181563184387,0.10650257338889904,0.026533210682006734,0.36985934147190663,0.034670128810009165,0.08999828476413724
6B3a5gTDeWc,919,not_humor,31,0.3662414004154984,0.4821597343731311,0.15159886065990694,0.0009146026620123114,0.016492519009437774,0.0373433246427486,0.0005714949786065958,0.0002502321205552547,0.08972156165362967,0.06049752904800698,0.06754768075564155,0.043987976291382146,0.03831588617345739,0.49514162749232304,0.19004371403265866,0.10446558140158173
6BZoZ5DeKd8,920,not_humor,31,0.3186570447869599,0.4382862513584475,0.24305669883746775,0.02252793557436821,0.02959920954092541,0.05626753603357957,0.010042036170723863,0.10386361433718834,0.21987487897915284,0.08239009360887951,0.047134806251814286,0.07453260701731779,0.0703373218082913,0.45273582625292963,0.08662220110906468,0.18624714351139002
6C1gMGz7z-s,921,regular_humor,31,0.37327047336786506,0.3775546753839139,0.24917485417738075,0.004003033364912675,0.03344810184846152,0.055025856085253066,0.0030149685196867665,0.0013002976188398597,0.15072428015992045,0.11973811680030438,0.10535343948961987,0.019608276137601462,0.05272355972744164,0.4582521930156696,0.07431011109973394,0.17001430431921635
6D_fI6v6AfM,922,not_humor,31,0.16259076617537968,0.4049776013820402,0.43243162937822843,0.0012624447610447064,0.008212924839162658,0.00952039802054529,0.00029928920529557454,0.0002842895778632092,0.057391121630526835,0.026683346022881808,0.044301753585797646,0.026182542876115128,0.18096400333207943,0.4977952189022495,0.10014384340554956,0.123929304727954
6H1DXz4uFdY,924,not_humor,31,0.21667666100866853,0.4496506351617075,0.3336726896945507,0.0004731283387950351,0.018048222323188617,0.03249525196283245,0.016023918179158617,0.0007013295779019714,0.041655806152360336,0.06811279207918673,0.07944074486036815,0.08275297821138895,0.12095740294429444,0.525864997578244,0.046259427202805396,0.07661165034158095
6M_O-kfXr7s,925,not_humor,31,0.23765438496165217,0.5058025597564636,0.2565430506402927,0.001597473681378629,0.03097150422634572,0.07737961714015147,0.002421324037347785,0.0004565016877736085,0.15070354263110447,0.12169601280813015,0.05100769306262655,0.013384587550160264,0.17876797822499346,0.5332190585773318,0.05479719450757388,0.04712747899635184
6Sw1_943VCg,926,not_humor,31,0.33504355739381525,0.4182464580742582,0.24670997406205825,0.00538067027903913,0.0416492765000458,0.06516520757624324,0.005250867583409643,0.0009379444473456862,0.11522812742717384,0.11912600654778221,0.10975747441895486,0.0467170896947444,0.1018281442285966,0.35986839096632695,0.06576547877217133,0.1969374173410958
6UbKHmRlXSM,927,not_humor,31,0.45167985279113054,0.44735663720676977,0.10096350668238536,0.0008204080109980198,0.026955778309662316,0.035024974643977566,0.0015993474357415952,0.0004962454390366592,0.12541338494009968,0.1146865438523462,0.07598973273660146,0.28409784792682097,0.03694761220568551,0.3434539373378239,0.021708631061858708,0.12311569196472485
6UufLRMFd_Y,928,not_humor,31,0.28207562667047303,0.43059065445296224,0.2873337214151698,0.003048637946185115,0.04158411151588699,0.048553329128246274,0.006907852399895238,0.0137606221711218,0.1432985825325182,0.13143558014604834,0.1082658174207374,0.05129351878478643,0.0608292598983333,0.4418801257326718,0.05401664485614146,0.15227907848724676
6Xgc37GuSs8,929,regular_humor,31,0.25517250094262345,0.5591439684071848,0.18568351561383856,0.014185825313512807,0.023526018186877933,0.019035478164310445,0.0008063745239445368,0.00031347198138621845,0.07794917364334387,0.06826873635873199,0.0769324962335128,0.012090417815582646,0.05798277305063581,0.5688382504327644,0.04219760348825084,0.17368971565437893
6_rCbgnPVOw,930,regular_humor,31,0.2875014170628762,0.22422664306096493,0.48827194973766325,0.000494182177428757,0.0021167908088236508,0.004499725896992811,0.0002126254562866844,0.0003436329061514698,0.06860918708280811,0.135885571895708,0.13174148805950198,0.029176432297625128,0.12356002584490325,0.43466326077618905,0.02732407322694217,0.11764915100479077
6a1lXeTtEac,931,regular_humor,31,0.06037263968028128,0.3893601329276158,0.5502672366076901,0.0006264023132614732,0.0022514945613370547,0.004058024855405693,0.00020406027291638537,0.00026977670143335877,0.042770208032321066,0.06389823883411384,0.03816472373211816,0.09399926122615955,0.08965199931164182,0.5605656515145975,0.06401842629777328,0.08970169106408232
6dw7D4RqqNw,932,regular_humor,31,0.30636343652863174,0.4390791973039027,0.2545573673841934,0.0003553602559071395,0.0013381538691089277,0.0009208156608961403,0.00012604112177336168,0.00022242426090205328,0.02759397602001686,0.07851953840544147,0.08093748468860623,0.06276230866299762,0.07311143054281391,0.5252892827735313,0.09268124590087082,0.08669872583460904
6gEY_uV5TF4,933,not_humor,31,0.24433879461890506,0.24383412848316854,0.5118270722638455,0.0028147359097924745,0.03189751050376799,0.10771401878774932,0.008586710732009622,0.0007565093952918335,0.1691206765620248,0.07734511209081017,0.08961295117173464,0.03035248785782906,0.23620482127092057,0.33074837272626256,0.04388879571530607,0.19184746452036402
6ivEhus9sI4,935,regular_humor,27,0.41139383150126646,0.3726141192018986,0.21599204810681166,0.04648184384805737,0.04225337936238955,0.01752048581019389,0.0021439620621903385,0.003287199320901116,0.1496400987315509,0.20245410143225281,0.10714198703256746,0.007242101063537929,0.0767620590739642,0.3330491079164117,0.08721925952489039,0.18613137647561315
6mIX3L4chyY,936,not_humor,31,0.19225641233365862,0.5345234261645425,0.2732201707098753,0.008853604524647967,0.017461103039339274,0.028972010591983673,0.003005626885550878,0.024222411660077575,0.1325877323697862,0.12832739198159787,0.07489154623040269,0.0963970888819125,0.04510230464473998,0.5438675638400919,0.059505497004025645,0.05190862291642735
6oh86Y-9FVs,937,dark_humor,31,0.2793743663257168,0.32111338357771596,0.39951225496347875,0.0006955662162997009,0.021312223407984412,0.14327108455144033,0.005659113677768713,0.0005859705986128369,0.1782070296354622,0.1471164071662051,0.051239777949728796,0.016282828121010454,0.16457779697638245,0.43805905526894473,0.030024207692833677,0.15269992867815158
6qMNcuyTIrU,938,not_humor,3,0.5237398042033116,0.11581931511561076,0.3604408542936047,0.0007376431215864917,0.002436582372562649,0.0016066931663469102,0.00015498331534521034,0.00021890903735766187,0.05656179457825298,0.22948119804883996,0.0401985760157307,0.0517996430862695,0.2512439381486426,0.10034614677230518,0.3069716712149481,0.01995881274342537
6rKnwRYP0_4,939,dark_humor,31,0.30979249818671134,0.4264015182852745,0.2638059903476988,0.0008298636267652675,0.01595176857963745,0.06498862976854246,0.005109496277122338,0.0005347608816772399,0.1377261690438665,0.13176967454473337,0.07905524611593254,0.08005737800211195,0.04015639920779053,0.30474785583153846,0.046914841581676754,0.31729861721396446
6ut7Fs9usY4,940,not_humor,31,0.20282361877240962,0.5375436226867379,0.2596327597575803,0.010183696376888322,0.031368109151146434,0.0618669157054448,0.006075202862942411,0.000623413328984527,0.09419792408176188,0.03894323749738114,0.11589196882390927,0.01528691244687164,0.14138087539017322,0.5074591976740668,0.05147053510130894,0.12956726576592173
6utveh-Dde8,941,regular_humor,31,0.2794747517684535,0.4151177818496381,0.3054074603283117,0.03790733835335085,0.041525496913011245,0.06956442421529398,0.00757623538154275,0.0008851873402994486,0.18491147638245997,0.07907125832242591,0.10376993110102992,0.10940382761069603,0.1590981068344967,0.4825475518141062,0.023850858256581328,0.042258477589536096
6vR062DjfEA,942,not_humor,31,0.15374733422762685,0.49393786748330437,0.35231477929459465,0.012078582883282986,0.0049828317081142635,0.003295941520087992,0.00045010497236827146,0.0006351928156706685,0.05751153950451783,0.1125320123072954,0.053200032644634764,0.08261646884080444,0.11483154521368805,0.5256844494611986,0.06610555611100168,0.04502993461585814
6vj9geF-AJU,943,not_humor,31,0.17077927345470076,0.5378386120522215,0.291382119299904,0.00019756412685608432,0.0006934412123237346,0.007027772278243285,0.0001832419755725911,0.00018201975763076916,0.026276973759635322,0.027243190369899233,0.041538313911822174,0.00809746629167949,0.1205945374827171,0.5512528914597726,0.13171812492392718,0.1195554765722444
6wMf9WixbeQ,944,not_humor,31,0.062853790188749,0.3265436808428457,0.6106025172818091,0.0005167313957504268,0.0011548599309941393,0.0023962154894346193,0.0001806060245144181,0.0003098725020179465,0.045665130499870546,0.04688649510423983,0.06989119938319369,0.08217843364353382,0.10308927444801215,0.5934325447005611,0.06561300881026734,0.03890903571230029
6wPMxY1hx8A,945,not_humor,31,0.3084212486301699,0.2745383601155012,0.41704038571145746,0.0002910988780880167,0.0006453035255676255,0.0013394633931438288,0.00013736960470616338,0.00019199694502129852,0.020027178752746795,0.0843224162573836,0.04125787340848136,0.11351541147357033,0.13947250881803133,0.4799259112426831,0.11400180083188799,0.027504083940819386
6xEWm8IjwXA,946,regular_humor,31,0.16803064459424105,0.5568423650918468,0.27512699870332596,0.0008147599324846881,0.011663623666296894,0.0069765050242084166,0.00031377170037763616,0.0003734722723170454,0.08664046074151091,0.10639123653151816,0.02293779915236237,0.015721345772861592,0.1475599849795652,0.45690835862150114,0.04282545691896831,0.20765582496871152
6xThZX0GEL0,947,regular_humor,31,0.18374294625414955,0.47768618292625875,0.3385708674247707,0.014572131156455725,0.02193224242786997,0.010863824258840101,0.001011743500355571,0.00028232571053048297,0.03742838151294798,0.06360452033339008,0.06429810887352834,0.01104178899268229,0.07685198142163215,0.6686185123699326,0.019803038663080624,0.09578207249362622
6xYjxQ3Y_go,948,regular_humor,31,0.15626480289915157,0.2653127110473091,0.5784224975974329,0.0011863107966717272,0.004761813633282849,0.031021337038950034,0.002729468111224818,0.0004404532143868686,0.07332406836306496,0.10631216440590159,0.07373969320343027,0.03811561340285886,0.2167491663262368,0.4314456654772643,0.06255221135929347,0.07108548519411875
6zUmJMsEcIQ,950,not_humor,31,0.2158326530198176,0.4552335345576848,0.3289337956436699,0.0015501183346890274,0.0156704907055809,0.04257579292724615,0.001901058385556098,0.01812861150815039,0.16681823337773583,0.09857763353014184,0.04253803103441192,0.045452035282881206,0.16052223828380868,0.40045977956164747,0.06970252227338572,0.18274776065992493
7-7FGjxS4uo,951,dark_humor,31,0.30458121511694647,0.42460524416979284,0.27081354181732864,0.0003402027265814644,0.007707741226993441,0.013097604071522401,0.0003152302078594784,0.0004936580197893143,0.07340256329024991,0.07069789020029167,0.05273485732369966,0.06741709378547966,0.10086206438004851,0.46930554012707887,0.06780595697778007,0.17117660770553253
72Eea9FwBQE,952,dark_humor,31,0.24365589549134095,0.4485774927682454,0.3077666206405528,0.008651367849632796,0.00221236692056165,0.002575339871503773,0.0003123488983668898,0.00031555643621569257,0.03839932566869163,0.08722125201846563,0.03586170100606978,0.012668645621517734,0.086787921631889,0.5613030865488033,0.06730396271074912,0.1488534309450657
74Weif-TpM0,953,not_humor,31,0.3115453016193163,0.4531969323513969,0.2352577757631098,0.016759237915281236,0.007234507546884068,0.02159354396046124,0.0007401715840622332,0.0003342396591887659,0.06243834940288516,0.05140744190618035,0.05237811477479314,0.05046093020017349,0.15317896528605132,0.48065081028448,0.05720546982070852,0.15471828227201778
76gHyKm1ygY,954,dark_humor,31,0.17477945317213814,0.24268297947222187,0.5825375679339613,0.0006341179987723608,0.009864945477250243,0.03485684332507287,0.0005134061533270494,0.0014703028798741739,0.07844919160819583,0.0713093425672982,0.06575528309763139,0.031892220865214066,0.28367120003507984,0.40510799492438954,0.04560492751038363,0.09665903437792533
7AoQQxEabYc,955,regular_humor,31,0.37810163377153294,0.42821734867268996,0.19368101989910488,0.002139922056812793,0.03875388579552002,0.05278249499115777,0.0020220358095567434,0.00037176349090464836,0.1503226614684888,0.11726779366783317,0.11817480831767523,0.011698478755856594,0.07390405413048763,0.3969526261451744,0.02897131884650838,0.25303093081099853
7CsJTcP36jY,956,dark_humor,31,0.411430497503569,0.374064308501059,0.21450519569278245,0.023604730341298084,0.05018631950811288,0.08077231053152166,0.004297516958632191,0.0008461419713585788,0.16562314180191606,0.18356460910440692,0.06692053779448953,0.010203077125498243,0.11587634534319682,0.4539151064931385,0.07258509878339546,0.09693522215069782
7DRYE_Z41fE,957,dark_humor,31,0.20811380095209084,0.4369425687698587,0.3549436345666407,0.013833880308553606,0.017606297514923368,0.02179285227565185,0.0008977490170734875,0.002256056134243526,0.11904528746644276,0.08987594220126348,0.03976132197966499,0.022573153353146008,0.19702059278760345,0.4350296908749207,0.05597589470656408,0.15976338885018543
7D_2gzRNwtw,958,not_humor,31,0.20361228171555745,0.5309364084274538,0.26545130945141276,0.0011947696959044064,0.012838950635106754,0.03236689994857091,0.002548215167001716,0.03254135897018826,0.10348510697686804,0.0939714861958618,0.03993458261022404,0.01756319000513383,0.09261505757533614,0.5672386694819697,0.09713082245340751,0.09154619723408212
7DvMvgyMqlY,959,regular_humor,31,0.14456880356620758,0.37266218367843856,0.4827690135927931,0.001170838971325617,0.013300462434868208,0.0023556580014091224,0.0002486612110289805,0.0003684769366255721,0.09254685905198717,0.05857171978981745,0.051667396809094615,0.050802564409921966,0.19555387899069296,0.4150482173708658,0.04797073934347399,0.18038548057478282
7FtZA-8foT8,960,regular_humor,31,0.11566524079159624,0.22664153437700965,0.6576932383280608,0.00019092005611802903,0.00035449932657948306,0.0003942402596998539,0.00010774757139452342,0.00012899152681066265,0.006427285593799165,0.07854191691336793,0.0683250225847587,0.06348178374220527,0.22104832763791143,0.37904977278723834,0.10444690696444482,0.08510625983903845
7H5tlVXRw9I,961,regular_humor,31,0.6166774107804222,0.3054913068490644,0.0778312750250822,0.04527609062337903,0.09892035453747432,0.062085081045346845,0.0058926047570440135,0.0017272291525225756,0.3614017968760773,0.122563096026199,0.2147596560591351,0.038733865603834634,0.05274443550132996,0.4654125380480001,0.023865375269745148,0.08192102987724807
7HVBPgcUtiQ,962,not_humor,29,0.3586382949885366,0.42787900098182,0.21348270476827846,0.0010120084655776236,0.0019011578391153559,0.02167068169440207,0.00035625391244358413,0.00028709781502678607,0.04965411853406514,0.20217453028428659,0.037388321110609406,0.06864592982837449,0.06884781795288918,0.2776698649876976,0.09630783512417612,0.24896569604230723
7IIQ-i5K1Kc,963,regular_humor,31,0.0728865267047959,0.7596289467427039,0.16748452499028174,0.00015110560859959093,0.0002092322477349831,0.00023316413365049107,0.00010948950559043536,0.00012879346726432203,0.0019725196611797137,0.05416191877016137,0.027525806799530983,0.07609942693623804,0.06197106700781132,0.5485897585749626,0.1720011334625944,0.059650901825197285
7K-yxGWYsnk,964,not_humor,31,0.21076995196692164,0.4639853737767666,0.3252446622617783,0.00032928771144079586,0.0011796360523740371,0.0012706715304727455,0.00014750202958126583,0.00021154360447619711,0.019318749724451693,0.05959698551657399,0.029782038343499503,0.0704667059509384,0.05909253882184144,0.5750159003711757,0.09040607926585982,0.11563974190803786
7LueL7VFHIg,965,dark_humor,31,0.2899009810174785,0.3953622449790278,0.31473676480292795,0.0064391578484754705,0.024386684436091943,0.03553727528994768,0.0009523262621857407,0.0014297261464713711,0.09818712867526037,0.10413588784755237,0.08232076759375032,0.01861332478602567,0.09648322279099375,0.5154590204718613,0.0795664809223625,0.10342129576019943
7PelbDEjBzY,966,not_humor,31,0.3158164314865585,0.35965029474708343,0.32453327406678467,0.0025869728471603123,0.046767484877848126,0.05361232678584319,0.0024039724352581788,0.00036646037657309566,0.11000531040988262,0.09339603425694569,0.09296416127002768,0.028606560528128138,0.09401912784444229,0.4710513940381427,0.08534901574884932,0.13461371239334827
7S-klCzqTyU,967,regular_humor,31,0.30916170730826353,0.32838402090654256,0.36245427232596183,0.005241805451899587,0.012160940994245691,0.03354425509760697,0.0019226576393609116,0.0014852742268328344,0.11175848636588442,0.09976643881189727,0.14205621870895546,0.015608366274635398,0.13662183675126383,0.3951414923048428,0.04622049272180565,0.16458516966010775
7T13spEROV0,968,regular_humor,31,0.43115846135263003,0.2729691951385429,0.2958723449358536,0.033373215633835045,0.031026346645610887,0.01825190740524821,0.0013208844576447813,0.0012859361564962104,0.1451930558354023,0.09610908834879557,0.15619693081375333,0.05122394665640088,0.07145886058588663,0.45333949161032516,0.08190418678456016,0.0897674874868244
7U0sA99SqkE,969,not_humor,31,0.409917374171557,0.32503276573674333,0.2650498616539182,0.0013956720452575433,0.031474017591643776,0.038863647054606716,0.0008182805289717151,0.000247361114757481,0.08824154712642814,0.1234137478524879,0.14094407269505843,0.040635131900348974,0.0643521931713387,0.4723789769435121,0.07151220560133938,0.0867636549632035
7ZwknBCsCWk,970,not_humor,31,0.20623661505599175,0.5094348463800645,0.28432853601031727,0.0003389009864129607,0.01378997012638607,0.002524913449193381,0.00015113141430887363,0.00016613011722520536,0.04022120384897496,0.07469149438604232,0.05121129321595354,0.013289278305526222,0.08511078303995272,0.4845831835822713,0.035889784512560696,0.25522418083593007
7c23jdr-gCs,971,dark_humor,31,0.44619866911201705,0.34396969166494185,0.2098316426779474,0.04012617672232145,0.08183019537518116,0.04726022508158724,0.0020284964719453017,0.0017084056406372016,0.23030850813994486,0.17847612782591774,0.13064559340108967,0.05015628942618928,0.019677346932791894,0.4611493048047827,0.03810271144198674,0.12179263300382562
7e7ofbDjHjQ,972,dark_humor,31,0.3625463332845679,0.16922715913143851,0.46822650736618426,0.0024940333645527943,0.08246657544946027,0.0919458872142,0.010824927295729023,0.0008115369958930739,0.24702941044045973,0.1715331879113951,0.13566600199368212,0.01734744776190529,0.18231964664300904,0.2913395694396909,0.07105355513762802,0.1307406114027535
7eLlRKaKNBM,973,not_humor,31,0.3629823854388369,0.5051292166294109,0.13188839415388723,0.042916732931776246,0.08459424369709356,0.11056369825899075,0.006905352830560127,0.001128552850962977,0.21029603899261284,0.06968272902492073,0.10948936873108088,0.031102834759475364,0.0456377777736634,0.5022902566819422,0.06989881727514008,0.17189822510455646
7eth383xNX8,974,regular_humor,31,0.5798671874067476,0.33794427711156105,0.08218854599662366,0.00921557449375189,0.025161207718831007,0.03771208089704986,0.0018067939879162418,0.000565878689925622,0.1397795041294528,0.14915344407481532,0.2013331362245334,0.06568172900757242,0.030386965834505616,0.41314868495288876,0.05963910183298492,0.08065693791309793
7gnRr3o3AcI,975,regular_humor,31,0.5966018520055278,0.34300810531262427,0.06039003363900607,0.024932824001993023,0.12271135216090648,0.09366826356187719,0.00709610680214903,0.0007087884387733686,0.22872809918537254,0.1691760113162379,0.26287986830838267,0.023161545042849837,0.02137715062088964,0.3369664496652061,0.09955926929720707,0.08687969915298445
7iXl5jNaE3k,976,not_humor,31,0.3851621909284844,0.2914274772629142,0.3234103205163152,0.02739673888643137,0.038510750368004665,0.0631422220889832,0.008726458221762216,0.0013581429192263091,0.1795162200033965,0.2002191199440389,0.1345005151665499,0.025941730682520318,0.13547051446549896,0.2624600901148252,0.06805142987849971,0.17335659345131246
7lStOCq-svI,977,not_humor,31,0.15154604097798227,0.3049172010392912,0.5435367520718325,0.0004655875734076084,0.002091369345679038,0.0011545786110218614,0.00014551822189992714,0.00027788955119303275,0.041795142539476436,0.10148484521590534,0.02952851315269307,0.08006010854413974,0.12740576345353358,0.4262195807400971,0.1599024281191129,0.0753987560033678
7m9Vv68ABM8,978,regular_humor,31,0.15798701801066917,0.235751056472861,0.6062619293168667,0.0002124977425762242,0.0005074645286508565,0.0006813931348358071,0.00014456425983113268,0.00044871359028958625,0.01719265762198296,0.07596342258846327,0.04150898663905419,0.01735779518475606,0.2225906097240025,0.4264428496000267,0.06446168461303797,0.15167463904306774
7mrbyLb2wXI,979,dark_humor,23,0.5488508878194768,0.30753317572500394,0.14361593511927387,0.008206827093406742,0.1813767547940623,0.15224860328548265,0.010414370234091462,0.0005639376316179076,0.2657066197843169,0.20237345880140428,0.14490365348857545,0.09117538653030667,0.06327416890543765,0.380696228340916,0.05908838183740559,0.05848871230188271
7nQ164xxrD0,980,not_humor,31,0.12311364032868896,0.13757570547562453,0.739310675450871,0.0012623611011452253,0.004902563438067333,0.0006648561961370551,0.00014375182851630774,0.00014127614216000262,0.027034648496943016,0.039879655773420966,0.050708724290973714,0.11664382209851136,0.06408671214575729,0.5575151219025194,0.13482093348378135,0.03634500705201419
7nwIbAdWOis,981,not_humor,31,0.37135185660313696,0.35135381341341043,0.27729433160575645,0.0011333638202256312,0.043238754011033435,0.09726237269557803,0.013225217212757637,0.0008542537959123541,0.20374734747982134,0.07472648146945322,0.08022728044776276,0.11492456689161519,0.12237449268615173,0.3984223061406444,0.07040078731464042,0.13892407062268186
7oFIBh8ksw0,982,dark_humor,31,0.44319698385774126,0.3580461061229148,0.19875690240352864,0.007552549302119822,0.08611488811654835,0.09656801664565254,0.04132945619212772,0.05164985113139752,0.1882032895978961,0.2136185491521422,0.10534899874830679,0.06812526539884388,0.056665504710831406,0.4010077153723086,0.08719883265814954,0.06803514157617165
7o_-d2wadQw,983,regular_humor,31,0.29190375737004703,0.440145370340155,0.26795087539921364,0.000941539314695664,0.01880861442928548,0.037383794352213194,0.0006428198558428596,0.0005143340470479621,0.08816494546537738,0.08877982017433932,0.0466859508869088,0.0622307994504339,0.09230643540297845,0.4543894898529435,0.07405263960226288,0.18155486752549488
7rAtBwxe7XQ,984,not_humor,31,0.4739817826888494,0.21916287713834354,0.306855330979752,0.03817614501449204,0.11657438787721819,0.04971537321069909,0.002907016531671322,0.0024646354938722063,0.2613793460393114,0.15940285670841414,0.16713786063595645,0.13060640928620892,0.104381937612479,0.31549636259554853,0.033213880277358956,0.08976069651919627
7sZEHM0Re9I,985,regular_humor,31,0.4851527007356767,0.39306153957882234,0.12178575722200255,0.0032479303274979636,0.043633277183905576,0.1009386156924114,0.00517367163105988,0.0006467921252366186,0.1416931137397525,0.21112403243164263,0.06897112725663089,0.05310639552302628,0.0696830925449068,0.3591573841329063,0.08434707114112473,0.1536108845011181
7ucT7pFTxBw,986,dark_humor,31,0.20506037941442862,0.39353208517235133,0.4014075343166628,0.0002609841307745345,0.001978087781143615,0.004394144667575376,0.0001580088278241155,0.00015654754655946407,0.03651169950382844,0.06705067432185094,0.0813265169009326,0.012935833710681407,0.20421960395610622,0.4743802004583901,0.03896861851605917,0.12111855854069994
7xEESQeXP38,987,regular_humor,31,0.1296844989617145,0.2740092917285379,0.5963062095425783,0.005463316729160837,0.06458829785462454,0.07738197920937842,0.002406452633881746,0.0004162355668790218,0.11376616942147995,0.04737652209962929,0.05691922264644921,0.007731182012526739,0.21843066013177798,0.42580024795907156,0.10511858317054688,0.13862357013708643
7y-UPeVeR_0,988,regular_humor,31,0.28376651394571506,0.4209999417165114,0.2952335384193688,0.00478204045230673,0.01607351188243727,0.018421415133953786,0.0006452347377255078,0.0022315214441585986,0.10678435462121401,0.07206721666959985,0.13316623728737356,0.02766975998923543,0.09262823701025016,0.43877147838112807,0.0830587332452377,0.1526383346156968
7zPlsAKw7qA,989,not_humor,31,0.4342092907416724,0.44401867507446197,0.1217720391409051,0.00717226401555367,0.017358791570821326,0.009868445592151293,0.0004409257615465791,0.00042120299364004527,0.09794367389047458,0.06928677220017679,0.12954654398884985,0.013973218433919453,0.04510677482316931,0.5679224065595097,0.03428415760713359,0.1398801216029472
7zTdXoPoPqY,990,not_humor,31,0.47824594105083135,0.4300003533642138,0.09175370932526646,0.0018055691701104684,0.04543908265270969,0.061298395508915304,0.0025038553977802004,0.00036870526556383756,0.14249638001051462,0.0914316976465465,0.12337289248863535,0.10188390109162297,0.02203388085153194,0.43340129562233004,0.04091508600169853,0.18696126460863818
7zpwXUc-wLQ,991,not_humor,31,0.04773314635930283,0.37802068041937964,0.5742461693383032,0.0001706694137312532,0.0003405934774256762,0.0003730019614581139,0.00010212818432914754,0.00013189935153575555,0.007059262055272777,0.03084936360978792,0.020507520072222236,0.008102797957572846,0.14713785663667706,0.5896898753220036,0.03111991787239188,0.17259266517395455
8182USCFRYs,992,dark_humor,31,0.3319288154373006,0.5453559839196743,0.1227151986151453,0.0008076808148724658,0.03354132163944849,0.08428085532138921,0.005605865876855058,0.001068013776309653,0.11299694673113164,0.09607258921999845,0.08748844570776958,0.02671926517430092,0.08388903962763687,0.4642528599398511,0.04090789970641415,0.2006699038489211
86PBguP7lZI,993,not_humor,31,0.3553433063995814,0.43476557347082323,0.20989112608555344,0.00023403152590617537,0.0005706485920405436,0.0008384678963451616,0.00011766913901796684,0.0001826121043714304,0.013330791857198722,0.06674370429508629,0.08251681315032916,0.09642971813633677,0.050302380012468464,0.4160209673216506,0.1796981209828969,0.10828829517648104
88UTOLwzxq4,994,not_humor,31,0.07968721701012503,0.3116408050991595,0.6086719675410178,0.0006088667338894259,0.0038962272543182235,0.023849051016206373,0.0006124718434406414,0.0003172093568155692,0.08829783508929634,0.0857569727363185,0.043281073841611825,0.04523918636128186,0.19139782916529163,0.4932510918832474,0.05554648617943449,0.08552736054444986
88f3EJphx2c,995,dark_humor,31,0.14664499831175612,0.6304166307372432,0.22293838017409848,0.0046982372230324415,0.027209729153377514,0.02289758198340649,0.0008592742876405077,0.0007751832200747524,0.18355403629492126,0.16894311785337426,0.049186058462627476,0.06615489048342552,0.09597767569545296,0.5255417869456352,0.03701831254687521,0.05717814614575717
897UUgPuXt4,996,dark_humor,31,0.19971332089945434,0.2540769205699044,0.5462097666196285,0.0009157670367952256,0.038994825270492584,0.031063246202745264,0.0005870092847485907,0.0002905115289914031,0.10758945072490361,0.08211003117744,0.05655452159548839,0.11869015959992764,0.18438769219022605,0.3960036797328822,0.039962616463702534,0.1222912925896385
89p3u7xOOPw,997,not_humor,31,0.1608156716270793,0.5202210928583818,0.318963234883643,0.0025794605589321545,0.011652783740447053,0.027909165060508154,0.0005368898109149848,0.0002856387056395291,0.06397978408307198,0.06265897722914815,0.06523944374414221,0.019938028541453663,0.12273776465125623,0.607672682933269,0.03819061089457283,0.08356247957976114
8AKfoXFcMWk,998,not_humor,31,0.17863685706810606,0.477915407729245,0.3434477369751661,0.000832296182183669,0.018918424323219957,0.07742647201925021,0.0021375801959713442,0.0003784124754958846,0.12185062788569578,0.13104480511749222,0.05307854684595499,0.06872067354796003,0.07762443195397575,0.43674448803968485,0.07515036951630347,0.15763668553723442
8D1KrY1m9gU,999,not_humor,31,0.4123398566228007,0.4068765613220392,0.18078358578045042,0.025705523769682905,0.053188104714330796,0.05930329927369096,0.004754588747492826,0.014745167308466344,0.1364121202458327,0.11812777327553879,0.13096126010866777,0.023181141387941615,0.06389643360612794,0.39274620049963554,0.09583375961219351,0.17525342787285486
8E2CR-aStN0,1000,regular_humor,31,0.047204929509110025,0.5920508732238123,0.36074420665541,0.0005346255117817031,0.001136777587347634,0.0030408869760351316,0.00018773122029679438,0.0003225251960928642,0.044503143755719066,0.06667897731606517,0.10737839653607338,0.04636404778237545,0.06882304568294316,0.6179423387492856,0.04140956259723152,0.05140362908282588
8J4Po7kAZhA,1001,regular_humor,31,0.18909213665662514,0.27342172201362347,0.5374861269468262,0.0015637632956983702,0.029981266462146456,0.011049488883732157,0.0005268269937181274,0.001087966876859296,0.060215898581044446,0.07844359934660455,0.03286109759186905,0.08450859077011925,0.17220746245115034,0.41503873797914675,0.10975849442559504,0.10718201934510181
8OA-1XGz8uU,1002,not_humor,31,0.15252555420081462,0.4351851419215241,0.4122893122295218,0.0006474210996173262,0.0047918350981255515,0.004552923826380602,0.00020915228660376141,0.0002808095558711718,0.05502178550757948,0.029537872899503957,0.03493366888611608,0.02979029917098101,0.14513603826203653,0.5366797389823103,0.11608851780634254,0.1078338515494139
8Ql-xttU8u0,1004,dark_humor,31,0.4544704481058063,0.30973313610640263,0.2357964132191433,0.004310042518491466,0.050708548862941474,0.09983396779834068,0.01313779944077044,0.012723213839983087,0.2276209383478178,0.14215265044702158,0.14503814784374328,0.0682454022500033,0.0981592305357598,0.35239183017232967,0.06263689853761706,0.1313758308533579
8Qr2BZnDe6w,1005,regular_humor,31,0.12463794863452354,0.26795104716814333,0.6074109987746323,0.0005203878010375306,0.0026491612389368275,0.02529150531570908,0.0005820226797368377,0.0003861964388277322,0.07136683579489228,0.05005858286899785,0.07384886795790085,0.013231828850093148,0.3260096596073239,0.3100306470127356,0.043605668552880804,0.18321473219041381
8T-qyPNaFic,1006,regular_humor,31,0.28530171244675595,0.4641953338418276,0.2505029727284226,0.013298654096997193,0.023203929757601733,0.0327168719781067,0.004156942504895626,0.00045715173144990036,0.06841490580512571,0.10961298661066159,0.04499364939082654,0.03159038886623157,0.1476389287948428,0.48418392894429063,0.06417565001174808,0.11780446314913852
8UQ5CEn7k1g,1007,dark_humor,31,0.33742189315718507,0.23397995618682715,0.4285981492439826,0.01318506826787451,0.17585728100534798,0.23269078998512874,0.020574838703689768,0.0015662336295316627,0.35197451650052364,0.1756722489822536,0.10609263861213901,0.010837263257745955,0.22753869501813764,0.23438661961605953,0.06522024310975065,0.18025229191557773
8V0Rg8J4jpo,1008,not_humor,31,0.15751923576387908,0.408211073958345,0.4342696907509479,0.0005350880519179027,0.0010090998158932875,0.0019314349938799897,0.000172539102242163,0.00024406539746597708,0.033511311204488116,0.06272716833759219,0.06412757183575342,0.02636387850713706,0.1166222206741241,0.5989773094413742,0.028586821818363764,0.10259500934907625
8_RxN--2So0,1009,regular_humor,31,0.14726142193220795,0.3886955658634824,0.4640430261891696,0.0002664040897094134,0.0017595114867060234,0.00495114472165193,0.00017935586830360756,0.0001817339965078469,0.042335582311235125,0.04795270994485867,0.11993040094873117,0.012602808432758695,0.18943801831318846,0.47160401519748474,0.036441155934646245,0.1220308885639233
8ag9kQTa9Ys,1010,not_humor,31,0.25212564137614063,0.5019402792376857,0.24593408877450612,0.00274339436145965,0.03212001299177627,0.022180464222460176,0.003984609497908217,0.04741536584192692,0.13582763474457146,0.16468509740286297,0.04497163894683904,0.10794504550886491,0.044159292521315716,0.4285901158469759,0.05489502966238727,0.1547537530366812
8atqmMYnO3g,1011,not_humor,9,0.05356482002470228,0.72418655289544,0.22224863577220175,0.00047464416032501805,0.000771473999419767,0.0009993973378894022,0.00014637217504463883,0.000264698508544825,0.022786002269842558,0.036115868327518307,0.07804998884805375,0.05754272159861608,0.044311426786912814,0.6894918431320952,0.02998850799890028,0.06449964213081533
8cM2EAaJW6I,1012,dark_humor,31,0.33349802855762745,0.3557123295181701,0.31078964940482573,0.0019259051407589727,0.018969464060407313,0.0739757605342968,0.0025720808203444786,0.02619835875990365,0.1891787102288236,0.13427953340954357,0.07435281420006387,0.10190090099950472,0.08111901641372711,0.45676957172972543,0.062433029953089934,0.08914514080501132
8crHCexyc7M,1013,dark_humor,31,0.32498323861809986,0.39519641842813263,0.27982033768128,0.015716685336590142,0.08645982072207957,0.059838979910109044,0.004345923530514307,0.0006207611422137086,0.1937804814585815,0.1423056618716087,0.09291241277805379,0.021125463536009192,0.09360656574098093,0.4956998200636477,0.06374978525714288,0.09060027868667196
8dtpcOXCZwU,1014,not_humor,31,0.4722968029278901,0.31884115898320753,0.20886202940657253,0.007640171292868834,0.028340411840960564,0.01814488583758864,0.0006429344683701563,0.0016254729552817862,0.14346721402422014,0.13375374137033377,0.13935484597459435,0.048907938405811306,0.039217131095938385,0.4715839964638074,0.05239004149071632,0.11479230781814324
8eSNjA5rngA,1015,regular_humor,31,0.19965642391358532,0.40132791191459666,0.39901566715730774,0.0011758339129418374,0.04453200468091264,0.06026380926355599,0.0035090705141849485,0.00027885242889169604,0.10606237074300166,0.06752845178538512,0.055806132598644906,0.007796051106490795,0.1997278639370756,0.44212585571973073,0.04913562391283772,0.17788003383564852
8emNe2tDQh4,1016,not_humor,31,0.2906812540210423,0.41100691775641135,0.2983118243395321,0.0021909307035985555,0.03492761259680734,0.01260900536820578,0.00038432554156902517,0.0002936674530745574,0.1275264825071058,0.0736412453885761,0.07603124686096224,0.03830102179199457,0.03306527335699948,0.5311078226133701,0.15024789168889965,0.09760549883808821
8fq3i3lbHaw,1017,regular_humor,31,0.2194298352415283,0.23321133299219993,0.5473588439185293,0.003968950804142702,0.05011233146820638,0.04263199119774189,0.013790371681323214,0.039153608727041676,0.17684154618426315,0.062065464155297845,0.09514239872805774,0.05785069074068639,0.25127748393213317,0.3590068339460319,0.0823335654905907,0.09232355124174407
8ggrFiGRA9M,1018,not_humor,31,0.24029997874411843,0.47989682684982976,0.27980320008411524,0.038909680089413846,0.03301088918974968,0.060027401269537456,0.0027001161013744893,0.0007741382148871649,0.185739602195099,0.10932182351637992,0.1381512360606012,0.03538292463898899,0.09189390382849641,0.47692027012066496,0.07485868998112218,0.07347115483735839
8k2MZr1KTcI,1019,dark_humor,31,0.26651430845771346,0.4480272199838392,0.28545846606815056,0.0012512141158015678,0.0340719590078093,0.11280094139229116,0.004737658356222504,0.0024879363650876667,0.1895482713289018,0.11934048457882337,0.126599783382018,0.04795947643898187,0.09777980205422689,0.33545641287139827,0.03144541038801112,0.24141862398133643
8u2AJauvVjA,1021,dark_humor,31,0.28898852005330544,0.5274621445325113,0.18354932894749987,0.0003896886759790622,0.005179008047449433,0.003227880149478874,0.00020657092611673438,0.0010596639563558593,0.04973998414390089,0.06864275006697543,0.06418778330478217,0.04079837720811127,0.08771375946009592,0.42323616498540484,0.12837817802304222,0.18704298074026743
8w_SFxtb-FU,1022,not_humor,31,0.2745745646421828,0.4842318502525168,0.24119358566860039,0.02227678801254144,0.013207546645595182,0.011270762310408416,0.0011172919112141244,0.0005518661855603568,0.10143685193108995,0.0470632680526544,0.07442736605955888,0.01311193944721092,0.09250596809696647,0.49022572104548734,0.0640500485296211,0.21861569945430082
8wsViRMR3Ko,1023,dark_humor,31,0.28995615763649824,0.2958154072684626,0.41422843605640436,0.0019074450214130565,0.09243408908397184,0.11115476731098287,0.0028598877031453733,0.0003104753521901946,0.17462132143179676,0.10932128269961404,0.15764705702332,0.04324086050356498,0.19113160226486564,0.28587937789157997,0.02612041135979516,0.18665941465540878
8yoMi0FVQ5Y,1024,not_humor,31,0.6368409717575677,0.22219763648125432,0.14096138357455212,0.005745716489224334,0.0715094324175058,0.0703005977481934,0.008373234594229518,0.0006850272822644442,0.17284160249325778,0.14898355768602942,0.17404493848387634,0.1280708687038221,0.0693151617963468,0.27021840602279673,0.10302490880712867,0.10634214658996151
8zBJCToatas,1025,dark_humor,31,0.16653331903169952,0.4523880368158702,0.38107865156545756,0.00023335441637168367,0.0011720261226723632,0.004483171735398261,0.00015904394310763887,0.00016635036210514484,0.030863799496493753,0.05551219177282145,0.042957961622197484,0.015917808993817156,0.22668504589162167,0.47208782632444657,0.0987506718975642,0.08808848791335139
8zj70p1OPt0,1026,regular_humor,2,0.02627387037500739,0.27516356855630875,0.6985625922679901,0.0002806446354952641,0.0011880911406478845,0.0023180832649813965,0.0001729030627757311,0.0003127429881715216,0.05297770106699318,0.06938190758228302,0.02187041100114584,0.016796928830444813,0.04005097411572933,0.42825501784682274,0.02894637268036604,0.3946983627974987
90J6UNgmWS4,1027,dark_humor,3,0.7292830844720205,0.12545705835024515,0.14525980750719705,0.2735195883239309,0.21836660554011664,0.14962508591512838,0.014015458058565855,0.005130824050866067,0.78141188621521,0.1498408243060112,0.32995259513457614,0.02589335044225057,0.22629011804626012,0.19633281417191029,0.018259627123673756,0.053430686821229756
90zyUrJ9vMw,1028,dark_humor,15,0.35554976826533674,0.3830819342285395,0.2613683036218087,0.0004915555939078331,0.0024373744148761035,0.005199077268480323,0.00027108900491536284,0.0021270434886294727,0.07796925941947848,0.12689531136614582,0.04604983731017758,0.07094363539945334,0.07093216028685372,0.5026448744038741,0.05790673627828558,0.12462744225437443
92Zj-5qLaxg,1029,not_humor,31,0.34633059485725337,0.3660029831432527,0.28766642243511253,0.0044399571145937265,0.025758169810174994,0.05876262995908262,0.0014028708371164789,0.0010831346601574501,0.1552520996098587,0.10835860381954379,0.10534607674626092,0.009389533911035546,0.11462155358505345,0.4362535781918033,0.04981402360323456,0.17621665007074275
93L7bVAYeLw,1030,not_humor,31,0.15145658160890302,0.478645094700398,0.3698983258537708,0.0002047636357489072,0.0003820703277597204,0.0004884248661373051,0.0001100386643590736,0.00013126478405601735,0.007447150952723478,0.02298982337027067,0.015416552483539788,0.021966528168113363,0.11628587691924505,0.6459276020046203,0.04233695834033912,0.13507666466982976
94ROZMbL0ZM,1031,regular_humor,31,0.10379841081768033,0.3265447086324134,0.569656870057506,0.0002572921023989517,0.00536185520843813,0.002172172799492405,0.00014625878083602254,0.0001393137947982928,0.029437713407640977,0.10946400872161312,0.033235312674209594,0.045778427280545715,0.08926184960610924,0.556417440995574,0.040538383215936204,0.1253045826226533
96hH-VAo_Pk,1033,regular_humor,31,0.5403537583507357,0.3167052247351216,0.14294101246782848,0.020152281538861234,0.09392663404709779,0.0657732652673017,0.00644880456938183,0.0008126430130364644,0.23906489946849405,0.10491692595514318,0.20114819880484813,0.022542943851271223,0.09019756277895442,0.3818966948066748,0.11561646024065633,0.08368121172984942
99c-EhxYYZI,1034,not_humor,31,0.34598784679697164,0.35765600949525833,0.2963561450521792,0.0030508080066459615,0.1169504662327874,0.08133739105945889,0.002111791979733689,0.00034340021961871834,0.20928910966857425,0.14287149335347837,0.07253883866172645,0.020701019405086916,0.10220793782237676,0.3792610712229244,0.12139170778344475,0.16102792302356853
9CfUQ4JMO7k,1035,not_humor,31,0.43817759111463545,0.27869869480209963,0.2831237244630052,0.004827473316841098,0.0767840990550711,0.06481573534397138,0.0043773205285223445,0.000945321868658216,0.2593002609322749,0.28886110781722013,0.1484717825228619,0.014777416647824969,0.09634078177247918,0.3413630601379179,0.025984260554034865,0.08420158561033707
9LtCPZi0GPw,1036,not_humor,14,0.09631836632200118,0.23453950842044183,0.6691421239769885,0.0012076785517690172,0.011289775763413803,0.07376437802096396,0.0010308984170218796,0.000714152024946608,0.10806356377932909,0.06987616206918444,0.04862372622509221,0.024871198023902252,0.21836135925592057,0.5036433155515364,0.04152005006160055,0.09310419970591154
9MpScv2l9bk,1038,not_humor,31,0.29207379054728777,0.45246598235661944,0.25546023541039997,0.00039059554476426135,0.0023056804578030303,0.0031958703790047776,0.00017705912943065708,0.0002616848024415724,0.05637837465356795,0.10453928077232934,0.06078554602009394,0.04557660611481556,0.07472267374771857,0.5625251519583887,0.04153987283127442,0.11031086594166775
9NkqeKu3AN0,1039,regular_humor,10,0.42511349730193615,0.43482340276241305,0.14006310645490885,0.0005642511518090032,0.012834834528621285,0.08019149378233123,0.0012462099657568615,0.0006451964538428002,0.19474933687597512,0.1978143084794283,0.12043683556839824,0.024222509888932108,0.02230267187114805,0.5136449202895165,0.07662585624493659,0.044952892186120155
9P2tfdVGQyE,1040,dark_humor,31,0.2718823016696279,0.32482088540470405,0.40329680546757674,0.000761510908036613,0.006064964558332107,0.033788407659402206,0.0008665641303636103,0.0004327113971568554,0.0632882878924119,0.09415884499978874,0.1812341322318741,0.01509928643504428,0.15079487457631097,0.4031333872117102,0.03954980003407165,0.11602968307993104
9S4EIcxYIvY,1041,not_humor,31,0.15383983397435758,0.5583209225066728,0.2878392369396264,0.0002561240337766527,0.0014288798852395567,0.013950931132703478,0.0002523223353613679,0.0002003455691362521,0.04080586455905089,0.04447292245834345,0.03773081106238908,0.029218269853792604,0.13786553123950837,0.43198878245968975,0.06145925432323448,0.25726444277191357
9Xeepzg1B8I,1043,not_humor,31,0.11860714206892636,0.4919135726747974,0.3894792833635884,0.0005629143913299026,0.023814326140000636,0.003628562289973601,0.0003687485767577234,0.0006067020829857117,0.04911671751253908,0.033577245817850196,0.05086963033048256,0.04380212478234523,0.08437863844747265,0.5673128854964049,0.05042216080361076,0.16963732214043697
9Z-Vow_uTgc,1044,not_humor,31,0.4703002277040674,0.39369776376312776,0.13600201970867573,0.007549142374867393,0.05037254091181357,0.027976410316994355,0.0011852659041441285,0.0004368652969846622,0.13872889190116117,0.06021953481549938,0.1790708810196168,0.014675395319148177,0.038157763295701794,0.46185137720913777,0.05510376571797796,0.19092127807990408
9Z0EGv_VKUo,1045,not_humor,31,0.36644162581632694,0.4065200575296917,0.22703831883207445,0.0005892983388020507,0.006005975121121493,0.005887415881114712,0.000291582117150087,0.0005097513689355354,0.09041889799165449,0.17979783308692276,0.09313058160102716,0.052968439814116385,0.09365729362733903,0.283206166759614,0.08532750589262333,0.21191218464575226
9ZxGgKQWJt4,1046,regular_humor,3,0.4700909163802862,0.18736723562081656,0.3425418709715207,0.0005555673803125197,0.0012061377686526005,0.000843587753479369,0.00021216371775760004,0.0019551249885504753,0.05023802851792425,0.04052611440420151,0.18081661810477576,0.02755034000923236,0.008284246005738774,0.6034832298755646,0.017125614918768406,0.12221385631710291
9b7rML3uLMI,1047,not_humor,31,0.3108535779549951,0.4379056704741332,0.25124075547641805,0.0005926424351092728,0.010066332047215602,0.07962571181105299,0.004826499196379671,0.0015225661266031825,0.12399936202470394,0.10411007637007823,0.028806281508877873,0.07955798877012585,0.04527290496269181,0.4436466104215792,0.07592297316859326,0.22268316081740083
9d-WX8zeIOQ,1048,regular_humor,31,0.3998865089529464,0.41720571891675073,0.1829077780937716,0.016277472017757266,0.018487582120747727,0.026555428157031026,0.002460587861752438,0.0013463580581892824,0.0878470229367996,0.09356385904867502,0.08159992056748559,0.01060669414038139,0.038110915898165156,0.4724960949256896,0.129033807184427,0.17458871986168706
9dGOHLwawWA,1049,regular_humor,31,0.2345947574283327,0.298589636241236,0.466815598849808,0.0007523866046422852,0.005220239982478351,0.016933344996012296,0.0003826283948822698,0.0030727152146526704,0.07371015490535947,0.10700864559640327,0.06731630917338113,0.025127325017350696,0.17793536036004942,0.48756409208140067,0.04812654571968221,0.08692172784433369
9eFPRYWW7lo,1050,regular_humor,31,0.6159022488826585,0.286136265678872,0.0979614944587792,0.010112871821019649,0.08649382640930614,0.06948890640999325,0.004544661355471509,0.00833977592335413,0.21150597250802564,0.22401566732855094,0.22836656238688458,0.05527870639437629,0.03401276969065469,0.24894850610965683,0.10153913260587762,0.10783863586613969
9eXz4hAKQsY,1051,dark_humor,31,0.17267430261258157,0.46652642413673384,0.3607992702614396,0.0007538409915850348,0.006106138056155385,0.03186263670936422,0.004750373524251289,0.0005531329476188177,0.05017885588477516,0.11524356049936145,0.05891708376434361,0.016772653896271462,0.09729622263881949,0.5402663514739082,0.029249100975932613,0.14225502620120684
9ecpEEr2S4Q,1052,dark_humor,31,0.3686040582345618,0.3946807629038249,0.23671518982718548,0.0006845753809865264,0.015078230902755393,0.004886959949808736,0.0002367412272442673,0.0002954533223190435,0.07652106418296875,0.12481466989453521,0.07060416291595527,0.10445080993456705,0.17597209315206255,0.3211407590086662,0.07788595747983744,0.1251315318494885
9lIX4lXt6Us,1053,regular_humor,31,0.4373214285700552,0.3836520369495115,0.1790265395276008,0.0005034327623434365,0.004274052357481372,0.040408659204859435,0.00045883346742372057,0.00028002781008610564,0.09334110830827887,0.13424567819663114,0.10058497785470419,0.04296669692942692,0.0248802512839076,0.46119620026119296,0.07570292308716284,0.16042326655869762
9oSXy1wVPmE,1054,not_humor,31,0.17557999795122492,0.4524782627760883,0.37194175195069085,0.0006096159552051235,0.012006944917131125,0.004742029037574426,0.0002169294401086987,0.0002904145001065767,0.08108266013404054,0.05694172547138747,0.0552199529897001,0.03228590312609149,0.11688553437124938,0.49403419718146324,0.09390531207675175,0.15072737483968657
9ob1kD5XtPk,1055,regular_humor,31,0.21610727796571388,0.4365831888130596,0.3473095413778097,0.00018900836678972888,0.0005171706349844294,0.0007878946649256132,0.00012251774375815125,0.0001396993665689332,0.0180255210199844,0.08058500435623911,0.051760119513698646,0.015090494931134726,0.09816583516752167,0.5382083736720585,0.07871021761468822,0.13747995425646584
9okmiyH2HWQ,1056,regular_humor,31,0.21272264377424313,0.22728711180388927,0.5599902491836298,0.005017632979997283,0.058251123209277375,0.04151956917626047,0.001382635286004628,0.00031716017908747156,0.11739043163646373,0.09975129894296368,0.061623732548116913,0.03512834732969021,0.2283593551405976,0.38383544717104207,0.06445036051163991,0.12685146456914803
9qVIpklCJA8,1057,not_humor,31,0.22576506332223933,0.34850725486514067,0.4257276765100898,0.020670160823952285,0.011457680206325266,0.03852078484440778,0.0012594983303232208,0.001513917376043185,0.08564786330774246,0.08629217694303201,0.09951979978640954,0.05493411513405942,0.1852459000393508,0.3736031636475555,0.05431723238659963,0.14608761278777233
9rTF-NaPkQ4,1058,regular_humor,7,0.13734822933162963,0.3825236963374274,0.48012807007346836,0.0003660455050911488,0.026685337047508386,0.12532561439106107,0.0033121296052870874,0.00027020352094301155,0.13957609174706573,0.1347826113924384,0.03488557426525014,0.024964311442870115,0.04176496834095035,0.6957814012254987,0.026381216144987514,0.041439872567674944
9rpA_3ELsxI,1059,not_humor,31,0.2285258693905968,0.414029473168475,0.35744466055785457,0.0030527344436362207,0.03377628785881003,0.0831614774384258,0.002640631511777399,0.00038037108677071367,0.15336045367087447,0.10974289497150289,0.08012533975922834,0.04386760813612191,0.11682903664299257,0.4905523878912772,0.042851880598332615,0.11603086305061175
9tQVhTHA95M,1060,regular_humor,31,0.23436286156215974,0.35958370103711085,0.40605344025478246,0.000417055937202437,0.003958999090114488,0.0028908490527218447,0.00024719811922442467,0.00042323929242669576,0.045705001647283715,0.12142587081348945,0.03664610448533729,0.024493744739541603,0.09790091187272582,0.5702439168648373,0.05029978362783309,0.0989896813707967
A2Z6aeEQmgE,1061,not_humor,31,0.2296097939984212,0.4752119240621405,0.2951782868814565,0.0009467217323911046,0.0007478778580045928,0.0007019102415670791,0.0001377224480459136,0.00020175799351906585,0.024165454329997903,0.11724455427799013,0.1104285221531867,0.010149917167220865,0.11992920570135597,0.41738579427492956,0.0436425540791524,0.18121945946252033
A4kQRIS3Bqk,1063,regular_humor,31,0.1653524649765102,0.33837171247409237,0.4962758262521557,0.0012479019506211062,0.014668912595821424,0.0022380199314342934,0.00019484233076406282,0.00021454125160216204,0.07554705200656768,0.04372506399616419,0.07120690372633567,0.05766753705439999,0.17535154655155155,0.3919212383127982,0.11226326547142479,0.1478644368283811
A5MVRtRWWgc,1064,not_humor,31,0.3907480202465048,0.33297508291058964,0.2762768922013141,0.0006925998783234747,0.0036863445322171994,0.010890988346223058,0.00022344191294846935,0.0002615612219444536,0.04773929697318723,0.13389371088781063,0.12131877168881587,0.039160181710969716,0.07202567748214689,0.4605976938900928,0.04577098191235094,0.12723295890065212
A7xMAeq1cBw,1065,dark_humor,31,0.42299631808794314,0.37303662258050135,0.20396706831431197,0.05093998081217926,0.09654431999379379,0.08160455445543066,0.00756253144537632,0.006758152297416311,0.22373609537363895,0.257725095305021,0.1540013283393496,0.012385632384628538,0.127505270796152,0.35556251174139397,0.0232581406861784,0.0695620106322871
A84joIRQEqk,1066,regular_humor,31,0.06986477538462608,0.14676472992305795,0.7833704899756178,0.009987197533313695,0.019862915023094823,0.028220325482599888,0.0009198398380953398,0.000372024780635031,0.061126644550372033,0.043816256855103757,0.07283354123430927,0.04026168257734107,0.18531141359539283,0.3999911892197786,0.05731378123164177,0.2004721417963024
ABAgUXSm_LM,1067,not_humor,31,0.3186789340069217,0.48160302831280616,0.19971804975742294,0.0036670411659982956,0.017858459852211506,0.031170062132596578,0.0007157019349359607,0.00036114028109530467,0.10240854662955709,0.09002668575774278,0.04466393773421465,0.05454184131832012,0.050904078668193714,0.43499956520334365,0.06449749700785164,0.26036639881109996
ACVJOoN8tDk,1068,not_humor,31,0.41957540728241927,0.4239386084579652,0.15648598694092325,0.0035970534921826555,0.019893280716308755,0.05368584242457854,0.0012095107559880784,0.0007320171916357902,0.10977494614499231,0.05914684084259094,0.05547211817916362,0.022644175928191193,0.05191590981520412,0.5019921342271471,0.06724515953852285,0.2415836733886071
AFiticsV1bs,1069,not_humor,31,0.5053381640914707,0.29623154568816384,0.19843029292420514,0.04051517749546967,0.10673170422453568,0.11221660694554297,0.009640475809236148,0.006312428563579752,0.23619830206922826,0.17450063088307938,0.18010363661714138,0.08213281287856761,0.02768921458552922,0.386279835245542,0.06470359949725529,0.08459026865931528
AKQZuiX_6YA,1070,not_humor,31,0.24235699346829806,0.384466439125038,0.37317656344103234,0.0024823845704949853,0.0047657213233892,0.0033848416323082582,0.00036222356298352563,0.0022359894799357733,0.07112629325391966,0.053341657619908334,0.04523828186774476,0.06190506697936554,0.2267544639424511,0.31919941129801316,0.032541888232733455,0.26101921088693125
APnAgXB_oFw,1071,not_humor,31,0.5214567280885193,0.3595727646062451,0.11897051193180584,0.0477563787937998,0.056598274628706875,0.054595479798491955,0.005861986804971351,0.024570193529906383,0.1796727897524233,0.14003274313384487,0.19510639815463596,0.045575492114069,0.026313602687760947,0.31738683782638083,0.0888490652507772,0.18673585348897764
AQxgMjeHZeg,1072,not_humor,31,0.45174871682519874,0.33792934822098863,0.21032193373708474,0.014298246854225235,0.08032171318078443,0.0751393769924987,0.0016845889303142266,0.000771621091952247,0.25187282430030583,0.1389039207490221,0.12211843283336249,0.035988959596462304,0.07981297086300929,0.3147200447837672,0.14728171851546054,0.16117396418215527
AaeTQ11tslI,1074,not_humor,31,0.22455166848827032,0.35714270396819037,0.41830561849318687,0.00047851843438336564,0.017195773504828402,0.03489851779135455,0.0023427807510973163,0.00028818767027734147,0.0968369431718583,0.06824236659843835,0.0709544047469183,0.02108887433179564,0.11875704585409333,0.5679104142491856,0.10565062937506985,0.04739626286731612
Ac9YmTIah4o,1075,not_humor,31,0.6393260433068199,0.2712840720290138,0.08938988059338543,0.0021299413046724494,0.07653263977760705,0.11508603251047222,0.01383417727512067,0.0006007933552609757,0.2368987584186177,0.17366918578984275,0.22900144636420713,0.02636380859879747,0.04095051218868203,0.31368448294609064,0.08172923605513549,0.13460130978097778
AeID0iYpXPU,1076,not_humor,31,0.11273472750889918,0.33663535337414474,0.5506299312617029,0.00035857260950104966,0.0022809755328419288,0.0011140296419691895,0.00013910589815725784,0.00029525430305042276,0.04416576094715105,0.042556920884958195,0.08173687917540871,0.061241845816238635,0.05178778261254211,0.6288758645795526,0.03737672127693171,0.09642399024338491
Aguqb9ZMSBs,1078,regular_humor,31,0.2523759950793559,0.6046833081110832,0.14294069386537997,0.0005145422760359643,0.0020155345621113213,0.0034530160849117826,0.00019934332287389664,0.00030289010981270564,0.06732801994639298,0.06768223478068267,0.05374791331949734,0.02402402174418732,0.021214951483172276,0.6613462911017479,0.10660203136954337,0.06538255117653359
AjneMXFq7xw,1079,not_humor,31,0.3650160659585268,0.4264377289481701,0.20854619848391703,0.0014841579888466626,0.005223202336985137,0.03345040330896154,0.0009000464546730772,0.0013008390484291368,0.13306515725449689,0.11638530669733882,0.12013206090928326,0.050588094884709965,0.10151676460725045,0.38414748014521694,0.10612692119884154,0.12110337091519707
AmI2s0cI4IQ,1080,not_humor,31,0.414227141307727,0.3693642681164126,0.21640858441711433,0.13684793313000082,0.03703104920831749,0.034916097156970104,0.003754139993097558,0.00215533560502433,0.2749415027210489,0.10012726825211317,0.1692748088389635,0.02348431197723614,0.11717564829309741,0.390932206394932,0.04895256928378536,0.1500531910062437
AoDN_rBL3MY,1081,not_humor,31,0.6391804394192032,0.2371366061270237,0.12368295816404204,0.00906904115700238,0.11545366774577903,0.18949479966672259,0.013647564699978477,0.0010151221905553324,0.328351991487697,0.08660158161975202,0.350722034029933,0.03469750132306569,0.04583369609862266,0.2643038226111281,0.08480930307339277,0.13303206690527017
AonON_Nr5J8,1082,regular_humor,31,0.27042476781043073,0.3164342800756135,0.41314095577165005,0.0009633463177446936,0.04615590974102698,0.0578794590870647,0.002791773106793933,0.0003384015062399539,0.10093712579504016,0.10228998275593884,0.04889020463451743,0.014896334265358746,0.20046795505820023,0.4824084979031355,0.03236905075309257,0.11867797903476222
Apr74GfUVjw,1083,regular_humor,31,0.6041321151799732,0.32957396980735565,0.06629390998052494,0.003748332362456788,0.058869442505378934,0.12774367414878665,0.004171111964575586,0.0005494446893628206,0.2235196148225617,0.2905610494706179,0.12104870286026609,0.026223083116835164,0.022062463034319902,0.3147823475451479,0.06976461973071339,0.15555773813637994
Aq-xFgApLSQ,1084,not_humor,31,0.26725729629998246,0.5677323907072986,0.1650103203531715,0.001080662579155497,0.05089634968739589,0.09926048961126306,0.0015371020614815456,0.0002770040094131424,0.14985010483595093,0.07546746651191384,0.06562249627595226,0.012472001445149221,0.06250549736808264,0.5707793976931322,0.036132497908247095,0.1770206628247134
ArLfxGVv9gA,1085,not_humor,31,0.23204465913436106,0.32701923523939425,0.4409360986563467,0.0009695665644211394,0.008902092227212815,0.00355317646068626,0.0006543217769508521,0.01429616442704085,0.0840641163897911,0.07364322675857693,0.0263894489110117,0.018738565709246622,0.2284913356153054,0.42743362309110744,0.0811367884218212,0.14416700992132386
Av9jdCXU6No,1086,regular_humor,7,0.42146059232098715,0.456636941326516,0.12190246914646455,0.0011694899918178894,0.005573895641386376,0.009975596570127112,0.0003196976737984057,0.0005527148813208831,0.10244394062153463,0.08103541364627224,0.18353228875535674,0.04013091410576765,0.03388910035469702,0.2814867458572345,0.30888797116598915,0.07103755285165139
Ax-6RRr8rXw,1087,not_humor,31,0.3629789685515026,0.3320404365959187,0.3049806100015919,0.007173674284375363,0.04125831433245161,0.018700213766292547,0.0006454641801199966,0.002111786027530944,0.11480977077735588,0.12366626726373309,0.0924330978699389,0.03984697602291201,0.07260150877728817,0.4743634557892238,0.07760023909260429,0.11948845057087319
B32QXwh4sR0,1088,dark_humor,31,0.3365366562089372,0.4041239602130748,0.25933938043852967,0.004273391582706432,0.0030286956588820284,0.003658430111939989,0.0009790291519640314,0.01662837363138322,0.06800794012228688,0.09620809546040912,0.060041451391073,0.026771163549123993,0.0677650511647845,0.4738998914197568,0.12137247055708882,0.15394187310049612
BASFqf-nA34,1090,not_humor,31,0.2688281190461449,0.5627008394127891,0.16847105029850237,0.019716198097505126,0.0061782411329688565,0.0031551916481769313,0.0007787790217985128,0.0004423816799610523,0.04205724956174832,0.051774757335923856,0.03140296985117358,0.07328747651885234,0.05685187927766463,0.45518815903473764,0.0942305057354632,0.23726424536359828
BDk7Xesvn3A,1091,not_humor,31,0.3785826425188251,0.2568695291035598,0.3645478312767321,0.00408667090514134,0.08028453422546943,0.03371676951299436,0.001088622268129726,0.00037474656827755334,0.17732679387629632,0.2104880745229762,0.14075838009293581,0.027729756381895933,0.1942413446020275,0.29661413702002215,0.05466846384919218,0.0754998445045203
BHZTWYM4gWg,1092,not_humor,2,0.02427674876525998,0.42942823050543666,0.5462950691580772,0.00015060776786413044,0.00020056803623447195,0.00020657340792240575,0.00010577812645351514,0.00012852168583776802,0.0014381591463461518,0.010900333523750305,0.011422874173149467,0.002871970646083355,0.44051067531108856,0.46902554109692574,0.021133242174983025,0.04413539031520486
BKCvkgBCTv0,1093,regular_humor,31,0.28288836598456385,0.42705342894600284,0.29005820199006027,0.0014263013853774136,0.03271434082689079,0.05846932888849669,0.0020730006168202136,0.020600156203023114,0.13013341943658288,0.12843876393632062,0.10053258261553222,0.04120302713671399,0.05453196294312816,0.5716757377789866,0.04297499950494497,0.06064291514696613
BNWMxqVE8g4,1094,regular_humor,17,0.23478657242787235,0.41951841751442237,0.34569501350907716,0.0008785182726569474,0.015202620873905663,0.05809007514857084,0.001986083653772606,0.0011198762765750015,0.16100541703567348,0.13240215856143656,0.10360660894280847,0.022540307343553972,0.07746459964169737,0.5115433122743579,0.03435314909609802,0.11808989139492898
BO12BnFJyqE,1095,regular_humor,31,0.12710310627646262,0.5475043591953093,0.3253925395829062,0.011480274062881607,0.007014940439764741,0.009038286292061751,0.0007064769928429967,0.0005630196718547884,0.07299927861482326,0.06634642197299868,0.029361888233031475,0.026254097240105752,0.16237662562860117,0.6225361992274562,0.046991905122394526,0.0461328656773173
BOwFJLEaDbs,1098,not_humor,31,0.341046865714053,0.4590913522988558,0.19986178120598197,0.0089601879055056,0.07072749760963264,0.07774732088446693,0.005430011826730708,0.0004631138020364057,0.17559560040582814,0.06460839927557015,0.08938108989405597,0.024649934542755925,0.07309389402038388,0.5835406329602965,0.044930210254425486,0.11979584117990828
BSkDJ7eCpb8,1099,not_humor,31,0.5990592376479218,0.2972041928780175,0.10373656945903936,0.005077000944443318,0.04093433758703947,0.022236392680732082,0.0009535252663021486,0.0008342800410314192,0.15932444431781467,0.15841222132345842,0.22566242484496005,0.14102353702389425,0.02226650073275631,0.36123827373939416,0.029417428578580578,0.06197959758837016
BYlxblDMM2w,1100,regular_humor,31,0.2277666053344165,0.36533082751256807,0.4069025643890904,0.00025880783927747077,0.0016204448690968415,0.001702112346632226,0.00014240913949305973,0.00016103360018948274,0.0346914837625058,0.15709459687763405,0.07565527920791458,0.009981321862846192,0.18348486957726098,0.3850934192568304,0.06660454033783847,0.12208597419873601
BfKI_TQnQvo,1103,not_humor,31,0.08593688035503991,0.3254156994423078,0.5886474287798328,0.0009040289334089105,0.0022608279208314696,0.006743243156139919,0.00036481580454781053,0.0041915947820657055,0.07351180399587799,0.04461068680299626,0.02357154022977357,0.05930906843258849,0.11919423386514667,0.626029854430066,0.02719555709571127,0.10008905683043262
Bihq7BS9iEM,1106,regular_humor,31,0.23514994810665807,0.4750526391210095,0.2897974094676395,0.009958128420910197,0.0035107090877699513,0.009978944166270536,0.0004871604936441497,0.0008574442937031328,0.060944195350466836,0.06999462809894354,0.04014113072996899,0.021830186781082905,0.09794519123275794,0.5381455046515311,0.10802134319448904,0.12392199784141755
BnW-9ZVgn_0,1109,not_humor,10,0.06890407908940688,0.5159628147259354,0.4151331052184105,0.00016048334946390242,0.0002824832292390056,0.0003431243385421112,0.00010515099129406735,0.00010762663296191022,0.0036377251148223878,0.05086369451601058,0.03725891035282984,0.026069644920062272,0.20247790906578303,0.5880951296538115,0.033191883470863104,0.06204284327104688
BoQqRFM8r6A,1110,dark_humor,31,0.14526065128044255,0.2868826252017771,0.5678567154813678,0.0007288984577885017,0.0028001382100140497,0.004039507987815136,0.0002806698748533944,0.004211176692126995,0.06547402947833161,0.05687424735797028,0.06721975913481607,0.020012006388917085,0.2147116867014237,0.5264320256368767,0.03715686069711322,0.07759341696697858
BobN_rf8Yk8,1111,not_humor,31,0.0964212546110033,0.48749569587169156,0.41608305539815654,0.0028086251512567904,0.013564904632550034,0.01070167088267138,0.0004325987827014028,0.0002778871118695655,0.0524396451730882,0.024424057431338776,0.05445796316264257,0.05266623079003165,0.11224199080794689,0.682241141615856,0.04327376128264492,0.030694865052693435
Bv1ETnuMRbM,1113,regular_humor,31,0.27469987279525204,0.39715658924392155,0.32814354673328416,0.015403931938400943,0.014342340034237433,0.02375838078648573,0.0007587855502459852,0.0004723207058569026,0.11603939388090023,0.10505549088420887,0.15918927677276154,0.01976388941458877,0.13262956907630957,0.4994679186418052,0.06001341188206307,0.023880449191276586
BvhsKu88TGM,1114,not_humor,31,0.34933877294702875,0.3471855788882221,0.3034756418858324,0.001425614571593131,0.04709999844752958,0.01710034385623951,0.000415355414706057,0.00021145958476887655,0.09665272539977225,0.09711182750611295,0.1299435584618139,0.010948524636689634,0.1308307311377458,0.36200154897186065,0.0702558669201549,0.1989079449596184
Bzy0GNXBICI,1115,dark_humor,31,0.45687470986177364,0.3365842478890573,0.20654105306452802,0.001983867585940677,0.03367329825649053,0.1021598834950935,0.008475317155487926,0.022317076768470747,0.20010523353102466,0.10224876169776244,0.08898926737733305,0.019532147252316317,0.18413814303705528,0.3962753162749352,0.0681436936626391,0.14067267475559586
C2wmSHfF0FA,1116,not_humor,31,0.3746621364487275,0.4011225557074912,0.22421530243610183,0.00022284570619493963,0.0005977605089297398,0.0005690997979047918,0.00011568609484276104,0.00017410996247969207,0.014641972778800635,0.04092496554667671,0.02383542120843495,0.04227211838682002,0.1185473600747965,0.3932868987209194,0.23573595583589085,0.14539726322231394
C8YkFzaM-Wo,1117,regular_humor,31,0.15375729052410012,0.39967476246097394,0.44656795485606116,0.00030759134190908125,0.001461742243507967,0.0032221002348383227,0.00017597037531818534,0.00024504413346632293,0.0482128317103601,0.045395274650335556,0.06179903046558461,0.05157438723836094,0.15083990614831208,0.4764449638314545,0.04005387213246356,0.17389256890202243
CD4i2vo9aqM,1118,not_humor,31,0.14133962601303093,0.37723027262836695,0.48143009480930143,0.001160913125908513,0.01829089538284367,0.005884819226095362,0.0004928978718629467,0.007256602039213307,0.10553023538124116,0.06507254154571603,0.057524786026577554,0.04737205981772633,0.1605591639170363,0.48634587222289655,0.08206587415488978,0.10105969305450638
CHv0TGnwrxw,1119,regular_humor,31,0.14670365713837166,0.33067621458922664,0.5226201325534813,0.0062600579192569,0.01088291161173519,0.057181312364616224,0.0012574042127873268,0.00038475329370891314,0.14368363167534792,0.07154906829518656,0.03332954426596482,0.04552346983579018,0.15615134912302658,0.4773737714445639,0.03743500900154392,0.17863778920934326
CJUhNjsa46Q,1120,not_humor,31,0.18400511901915795,0.24164781683394987,0.5743470583111048,0.009751126766317494,0.040622786749736406,0.05723156147559489,0.001578867178684431,0.0006190972407855424,0.1812018709043191,0.11785214948618124,0.10392645127121208,0.05548341536796802,0.2913497116589438,0.391721309170187,0.021558892289777438,0.018108068079116843
CQQpr6QI83w,1121,not_humor,23,0.3651486546530024,0.3454718316054862,0.28937950596699247,0.005427446757296465,0.11455301959864775,0.1671736835705815,0.022616707802112418,0.04218665436201263,0.27724596439435595,0.1426925136120585,0.12530736977730514,0.022298139337774203,0.04469114583005886,0.4590911959986324,0.04224229030027662,0.1636773485224694
CRvr8bJb-z4,1123,not_humor,31,0.2081205036280857,0.4582818941844086,0.3335975938206238,0.002173862571644056,0.0641026245631961,0.09453715627680667,0.02115548878106394,0.0010224231413186288,0.12836310502156736,0.13816956184323756,0.06111400693114246,0.06424765946013072,0.1411108616608075,0.40238869613817624,0.041198266069254565,0.151770951185045
CXBn38Qkyz8,1124,not_humor,31,0.4061439752413501,0.39458439913728544,0.19927162893356815,0.0021492748858309503,0.09430075262207538,0.15127029127512698,0.014056239304819985,0.000727374829312471,0.25641314642909435,0.17994691938116786,0.15071365428476355,0.026140531404845176,0.05587972902069469,0.36061167218083995,0.06682811225313813,0.15987938961705134
CX_FwumHHWQ,1125,not_humor,31,0.18111424343360047,0.3732986569765114,0.44558709922937617,0.0006612038071785543,0.015276791633955473,0.018523940532994006,0.00032415298201451676,0.0008628709657650982,0.061582817312990944,0.0937630295708415,0.060762459708888446,0.03630298057912789,0.21725146771003043,0.4022653618557078,0.0461511094754021,0.14350357450424664
CZ8eDPJ9q7Q,1127,regular_humor,31,0.1853151681322244,0.22087760518995986,0.5938072265125811,0.003043642436574784,0.047165689462300146,0.06034285362271006,0.0038545507676674114,0.0004514298693280697,0.11493562648613606,0.06233718706625364,0.12471518341091371,0.05516335814008339,0.27493779497942133,0.3258093782670556,0.09328369723422633,0.06375339951726698
CaL6Hqc6X-o,1129,not_humor,31,0.11154761177397543,0.3608693027147843,0.5275830835584672,0.0006749727063804805,0.012169524359295235,0.027273442099084926,0.0005340450250866613,0.0002200844448394022,0.07506593747342366,0.03263210795909887,0.0897283281824897,0.02565193631040353,0.2262823904729298,0.3687991460244502,0.04159749964732797,0.21530859974107794
CaavAUUoRVE,1130,not_humor,12,0.4512290875427425,0.401851873844862,0.14691902161575854,0.004157701424749878,0.010859873684239574,0.02140039871058737,0.002791079750143884,0.057924612635057805,0.2110052626230754,0.04370143008418381,0.0777068778455335,0.02775453341503938,0.028138570526304345,0.5882808932025606,0.11804757224551092,0.11637011597243448
CpUUEqQFcME,1133,regular_humor,31,0.48553796811029315,0.24925287404368002,0.26520915365507525,0.05533838316454597,0.14462369044720677,0.11334537001628985,0.0222805647485544,0.0014986811875132844,0.23413535476204067,0.15193013152888707,0.16945542626443408,0.02338138758955944,0.18747115249730525,0.37320871990654736,0.031419209970702085,0.06313396789388911
CqZ7hhJAv48,1134,dark_humor,31,0.1572500413524047,0.33528311950184647,0.5074668391457489,0.002083738865856562,0.0016988240231219079,0.0015233805362743537,0.0003439984880500443,0.004364623769839865,0.05931693525616861,0.06095075541957011,0.06414587724195313,0.017353467237684998,0.30177878951203196,0.40881069776632134,0.029651172776451153,0.11730923442049854
CrV4Lm-mjPE,1135,dark_humor,31,0.22836223988222978,0.5692746752812978,0.2023630853922617,0.011234388532982613,0.005793902635266404,0.007053272368671793,0.00043485693271166735,0.0003542447164128985,0.06843848511080948,0.04206118319604185,0.07469685027946628,0.050024473239787884,0.09184636652559763,0.5191388476880328,0.047873521719368234,0.17435874256695952
CtmNsaUzxDc,1136,not_humor,31,0.2745471016744212,0.29867598080947516,0.42677692206756723,0.00029060563528835175,0.0006951275009346465,0.0010920975778830207,0.00013701610418314475,0.00021498796699996738,0.019775845546035037,0.06716431975139366,0.06864911526434063,0.17711470223918196,0.12590582831011665,0.4507819130291952,0.03189123309247436,0.07849287780024292
D-_LU29MVvU,1138,not_humor,31,0.30691172600152994,0.45475633514504277,0.2383319361195449,0.003199523800679843,0.009169296542700801,0.03785656942401998,0.0006793580734313676,0.0005813302357696116,0.14455448570398374,0.12050990866977841,0.05728313330966499,0.03362201951489213,0.05813289251959612,0.4890455481325907,0.03279846218684988,0.20860801909058804
D2E3XfkVd18,1140,not_humor,31,0.4766452659762675,0.41350563495389875,0.10984910528866514,0.01000274391938752,0.05216725475404547,0.09249336918911731,0.002707121679474855,0.004162579303327573,0.1967138213728885,0.08087307852392475,0.1920118905348523,0.08104749140329659,0.02216430120695863,0.4403107258220834,0.10191922195466055,0.08167327593471255
D9N9KoxXTpI,1142,regular_humor,31,0.30811334493750286,0.4030268535979332,0.2888598124226255,0.009707298310991798,0.020868390803732307,0.0631132100261898,0.004955970808242133,0.0020421284707188006,0.1365923986210668,0.10150798821761724,0.10092282431545638,0.026196849269552097,0.08968618299226247,0.42454859968875686,0.053943240369159366,0.20319433369854045
D9T3YcgBIVA,1143,not_humor,31,0.4288981261573011,0.2468743796250032,0.32422749169411197,0.009182649776301977,0.036892161808810345,0.051298740030747025,0.0014196088605169807,0.0012692463945225632,0.17081088766703503,0.2635861214911265,0.12157954710616445,0.0310961666531981,0.12141653355736766,0.3306276646983479,0.06236510779408197,0.06932886654601222
DCQfX6Vr4JU,1144,not_humor,31,0.3854466895272414,0.32651290093218127,0.2880403948196721,0.0018036049995346056,0.016078002205411453,0.03929970383028229,0.0007449411068885256,0.00037101501478783544,0.10769131180319574,0.14108894588876394,0.10457430706329403,0.028086497782609396,0.13707522983707848,0.44273721652045367,0.07268348579565363,0.07375431873820602
DEeEjZ1_bO4,1145,dark_humor,31,0.19305301471162709,0.436439550091182,0.3705074331092258,0.0022226240168580964,0.0512845278083865,0.005391102383239946,0.0003250091592030179,0.0003355701264808886,0.14392339873067553,0.050864977364037785,0.09588587792935752,0.009996935250162478,0.0979466883300413,0.5574034821061838,0.037014735028928804,0.15088732635241844
DErNFGhRf0I,1146,regular_humor,31,0.36375168504403727,0.31591236453142857,0.32033596097701983,0.023565870090087336,0.04560413164595487,0.06984558299506805,0.00690298403694009,0.0074299036036057755,0.1845746204884152,0.14257221923570237,0.17007126445100912,0.013905442143309741,0.15026518064945366,0.3845450876040324,0.04148904797470858,0.09715175983916607
DGWiJMBjyq4,1147,regular_humor,31,0.28791587688629666,0.43398592044268886,0.278098190834205,0.024918262033268898,0.06394266741981189,0.09055428745857845,0.005108920497502455,0.009039385258567505,0.21186670840665278,0.09863424613591164,0.1037953045264247,0.05169823590756183,0.061309203347792066,0.5537503367109645,0.032519109066455595,0.09829356889390657
DHtlxRBTa10,1148,not_humor,6,0.4470372631525,0.1498887992153565,0.4030739216444393,0.049720301440781135,0.012525378098265113,0.004858354096844171,0.0011272697423313123,0.0012722118941989418,0.12793729574574778,0.11909120454220101,0.1853485651469479,0.10284223275569578,0.3111567332913789,0.0563283070611457,0.027899065520614386,0.19733390528320646
DIkkpwTydvA,1149,not_humor,31,0.2645290581013767,0.311236297891986,0.42423465229090185,0.0007936433112556715,0.039379016198630955,0.10809002735139427,0.0033297146789752125,0.0027941045754555343,0.14014001148039354,0.051320480535768216,0.13260889431131223,0.01743639960524536,0.08976673343849759,0.46199579039708744,0.14321582124478394,0.10365587961860001
DKDeo4QiIQs,1150,regular_humor,31,0.37212552129471255,0.30565336499843865,0.3222211299223765,0.0025081076103472904,0.021714840570629966,0.05465470078436943,0.0038240567427560417,0.0005994043503080555,0.09668455202124952,0.11361177250247208,0.05009580282081339,0.009895113680789607,0.1839803633422801,0.35723883720235,0.08897950934366353,0.19619860192911037
DNkkaAu2MMo,1151,dark_humor,31,0.4591746039898886,0.26497238399761336,0.2758530126584153,0.0036515786228964345,0.08164119256065122,0.06074973667742715,0.008646698818577738,0.00042075164251840645,0.1405387572219385,0.1324171498492961,0.15698301526267203,0.05768531167526699,0.14391195643768315,0.3980917312925862,0.056059572365014784,0.054851256468663775
DOFofQSK2zU,1152,dark_humor,31,0.261628873473514,0.3299884322069345,0.40838268351170326,0.001089933659269234,0.012612570176227769,0.047948082019443505,0.0013410458064285076,0.0005509268953427372,0.08170976472883335,0.053317535773760846,0.15130545848402224,0.013990302226551237,0.23963964978728683,0.3706751817446803,0.08734638728351603,0.08372550254928009
DPDPx5xOOcA,1154,dark_humor,31,0.3593982510839499,0.3994736087718798,0.241128149908036,0.0011747139449712009,0.03076475582201965,0.01684398616095179,0.00040787977336402683,0.00031878648681618696,0.1557603443056465,0.07018265278349,0.19493838932905946,0.03259541854006989,0.09214935962095737,0.4348452016110382,0.04525979982328511,0.1300291768462968
DQsCZlOOX3o,1155,not_humor,31,0.25207662493771604,0.544343008930164,0.2035803640741975,0.005038056493503973,0.0021751364387924813,0.0007210910388816808,0.0001889471135537831,0.0002667919780510748,0.03556983548239054,0.06493236757664671,0.08290803451241265,0.010296549507221508,0.07532229406511291,0.4838029877583106,0.07864227664146212,0.2040954975997128
DUohsv7Sfz0,1156,not_humor,31,0.24927744029029722,0.5797001258019479,0.1710224420793595,0.0005337417077821409,0.00391909031285679,0.005782574194581097,0.00028934202066832973,0.00044072742128909955,0.10919884414667444,0.13954975531106034,0.09966035858697948,0.03182656283400232,0.06791173068491081,0.5634489946307675,0.03665420402502341,0.06094839133983178
DVKr8xNs9Q8,1157,regular_humor,31,0.2800287681766936,0.3180282105421347,0.4019430198466345,0.0034286436796631486,0.018168826532107028,0.04266771626228752,0.0010853507929207426,0.0007632464105207023,0.08402888140558536,0.04512606578458461,0.07763603799826195,0.048041118645004086,0.14804655939693592,0.5069415250252332,0.04424372437079587,0.12996497250071937
DVoYk2Zc7Og,1158,not_humor,31,0.4570478999446477,0.32686947123898613,0.2160826232584734,0.0006665873858559456,0.005127392302740425,0.01293024760079495,0.00031505035228967187,0.0004707666934512916,0.05252335232404631,0.08013462218936653,0.05378825258418557,0.04694746405772504,0.07358723052687222,0.3179933525351507,0.33014414756889304,0.09740494077484455
DXcXvz_cKgo,1159,not_humor,1,0.46559906005859375,0.4327954947948456,0.10160543769598007,0.00020850778673775494,0.0004856560262851417,0.0006926803034730256,0.00010703106090659276,0.00014511025801766664,0.011746000498533249,0.026140457019209862,0.01524035632610321,0.009595336392521858,0.04837756231427193,0.6419181227684021,0.06818770617246628,0.19054041802883148
DXjyG3UQHlg,1160,dark_humor,31,0.3723140195192349,0.20985852824824472,0.4178274535393763,0.0021559214613760913,0.10163194627591199,0.1294765778110295,0.015270175761777922,0.0005357158360927696,0.2176709776244787,0.11832574149218178,0.17569035425924906,0.03503823669762501,0.15422688858797623,0.365316548722706,0.0352156471476079,0.11618657296921517
DZ7N_383hc4,1161,dark_humor,31,0.18799531275797035,0.2526362961638839,0.5593683952615867,0.011275523314496593,0.0043460497404486246,0.004426619240773782,0.00036818522142223833,0.0005719678970748528,0.07133398017275237,0.10069384512251182,0.08107996878548406,0.010880826644772183,0.29624347475117013,0.3209447742499892,0.03032731070303388,0.15982980275857112
D_V1PAevglY,1162,regular_humor,14,0.29946403444877695,0.5368978402444294,0.16363810947430985,0.006586844943480433,0.09129828060083257,0.07610387181921396,0.017875862233008126,0.0005586292032343668,0.14112385447203582,0.08652087174622076,0.0408881622341661,0.060306893628356714,0.04836683271319738,0.4594986387528479,0.12953994416498713,0.17487865490173654
DhwN1Jnu_eU,1165,dark_humor,31,0.41064257059066045,0.3620921152854158,0.22726530422486604,0.0012281802496985502,0.009691273182867124,0.030419938962891576,0.0009022189387319339,0.00048685869138177123,0.11313672312310026,0.09445226384747413,0.11807514520572318,0.06863823753120678,0.09839089309436179,0.43309182858455086,0.08761011263460762,0.0997415226959293
DivfIbRT5hI,1166,not_humor,31,0.7423695143192045,0.21336514827224515,0.044265319397973436,0.019856832217849462,0.045725670911657114,0.04818969160025459,0.010072095197110978,0.016155104956030095,0.2608278454487933,0.17059756907063625,0.32795216321885107,0.041062553011391674,0.005661476614712287,0.2832575813762002,0.07957611011055808,0.0918925509022008
Dn-TmIOgDQY,1167,not_humor,31,0.5997560654105919,0.20481033316783367,0.19543360960820028,0.022576173576864325,0.09485832107067484,0.022464417391963632,0.0011048299767876856,0.001339182612765956,0.26994757598731667,0.2144327733004766,0.11370750242513755,0.06471849284735659,0.08669797713763171,0.3541644603284376,0.08289200376584044,0.0833867929214912
DoyI9aCXiJY,1169,not_humor,3,0.12181382502118747,0.6540796558062235,0.22410651544729868,0.000320481257707191,0.0007107812610532468,0.0005315817640318224,0.00012002818645366158,0.00011098262378557895,0.013678392861038446,0.025902035025258858,0.020398760835329693,0.008267146379997333,0.06853543842832248,0.6455056468645731,0.0961271623770396,0.13526382048924765
Dpiy7DPK6s8,1171,not_humor,31,0.13223153935565102,0.6180004405398523,0.24976802758511998,0.0006764672472209279,0.006444024885798084,0.02379454844612478,0.0003923825981121721,0.0006166140982156409,0.09861588798042747,0.10119088570917806,0.07382482201078787,0.0362916941709456,0.0642318987163655,0.44667105818347586,0.035885375856812445,0.24190428767413383
DvsfI2AXOrQ,1172,not_humor,31,0.1899048299603765,0.4601253840711809,0.34996978831928105,0.0006727473709390559,0.011986536643704429,0.04414509382848102,0.0006660083334633871,0.00023702903197244591,0.0782708098169326,0.09297127918069882,0.08151442814813627,0.02188249646625932,0.09904851384025308,0.5183633308136656,0.05294011021783996,0.1332798467558478
Dxn_6ziHwSY,1174,not_humor,2,0.006191768683493137,0.04462296515703201,0.9491852521896362,0.00017145067977253348,0.0002816012129187584,0.00037949252873659134,0.00010386233043391258,0.00011249703675275669,0.00523069454357028,0.051954610273242,0.041371891275048256,0.1297265887260437,0.06786760874092579,0.6315959990024567,0.061638159677386284,0.01584511622786522
E0acA3aJfJ4,1175,not_humor,31,0.4895738755472966,0.38275286663443814,0.12767325745775335,0.004902701534804017,0.03536711239317928,0.06885967101815398,0.0034223538025417517,0.00745987779913365,0.18863666973887913,0.12922940026938676,0.16594116306383042,0.052259531822205794,0.057496967327390465,0.3836098500497399,0.127546168758624,0.08391691208441532
E0vsoyiX9bw,1176,not_humor,3,0.09476322929064433,0.6558029254277548,0.2494338055451711,0.00025446349172852933,0.0007709143198250482,0.001303872360343424,0.00014219795654450232,0.00020177152327960357,0.027937057505672176,0.027588826914628346,0.06657637034853299,0.01162156214316686,0.057762798853218555,0.6069821914037069,0.07612505865593751,0.15334318081537882
E2ErW3yzOHA,1177,not_humor,31,0.3102947421702406,0.5029845360906855,0.18672072363176173,0.0018051019649118966,0.07808747550194722,0.13222456514795927,0.02127394837894357,0.014263987413752118,0.1901572026357415,0.23162397030260293,0.03213042312211568,0.01992861647158861,0.0651624551523597,0.5100104475258699,0.03939746641704152,0.10174660718879633
E2nbh4cVdVI,1178,not_humor,31,0.36899770448555147,0.3931635642844823,0.23783872841346648,0.016317277357654435,0.059470551658324114,0.18335558343659936,0.011947848445185715,0.0010651949356073483,0.30141093469818214,0.1404566452913587,0.21814981022579294,0.010907901730763937,0.11254665213862373,0.3786924365427225,0.03937675339740611,0.09986979631526817
E7UDtAoVrXQ,1179,not_humor,31,0.4683970403857529,0.35937502030884066,0.17222794026677166,0.007369243711206851,0.06896863170503263,0.0499886933839955,0.002182492132452617,0.000983120792361367,0.2193945050971853,0.11210642067805654,0.1789055170788009,0.0435890385640725,0.05429307664293916,0.3714116207293926,0.08741122000520268,0.1522830932235886
EIIt9KzDD0I,1180,not_humor,2,0.654544860124588,0.2476402446627617,0.09781496040523052,0.0004901523643638939,0.004743313271319494,0.00494860828621313,0.0002189020269725006,0.00015733968029962853,0.03918021044228226,0.011235930025577545,0.015018969192169607,0.028587736655026674,0.01053303387016058,0.778948962688446,0.031102662906050682,0.12457269616425037
EIKQwFE5wV4,1181,not_humor,31,0.2553828579388679,0.40981141195422216,0.33480573631823063,0.0014328210940396774,0.007180228540223212,0.01982942242748029,0.00035472686689782645,0.00032441160921382927,0.0601180609984083,0.04844980379716764,0.09333385529011608,0.021845309799837488,0.1388355152073106,0.489103140309453,0.09069846900961091,0.11773390191487007
ELlT4GJIR7k,1182,not_humor,31,0.37424637658912085,0.4342972908709799,0.19145633631776418,0.0011001048922245841,0.021301088042579772,0.0066825456423459636,0.00036931518256859555,0.0010680253009570974,0.1049509507419932,0.10724099657888855,0.10321321323769347,0.08280761523788134,0.017184865574592784,0.44490714865406195,0.036800843227895036,0.2078453213081605
ENWDG7vG47A,1183,not_humor,31,0.617921102671854,0.31296170082303787,0.06911721200712266,0.07555414617132966,0.09202286047154977,0.22452443763200614,0.020953511156192456,0.0029966450188845966,0.3120937122692985,0.24030261358336336,0.09708819862440109,0.03495248992581882,0.022912428885202615,0.4147139031218455,0.05810692557884801,0.13192343534789078
EPTdwRLwWR8,1185,not_humor,31,0.19369662188053613,0.46032684047015443,0.3459765396171039,0.0003988789427357035,0.008151104426360689,0.041622855453169905,0.002348795194261437,0.00025752604931532857,0.06294512068815229,0.06635104387157387,0.06131764260240861,0.027096065857838237,0.12544741594953643,0.46156599808243975,0.07727290056045016,0.18094892598568432
EWPyFu_9DYk,1187,regular_humor,31,0.26643870511813267,0.43509422410880366,0.2984670701046144,0.0060116498413751085,0.03799030180098564,0.0362930383670309,0.007139657183753086,0.0005301147680109998,0.12393372187075476,0.10911667032257444,0.15700340860207834,0.04763211436276775,0.06668743659411708,0.4136766989475056,0.03430937706763225,0.1715742925317177
EXlvjyC0hzo,1188,dark_humor,31,0.32700335883325143,0.39108949226717793,0.2819071514682183,0.024509756267258535,0.03250357384451725,0.047603064640087164,0.00450397989029185,0.02612823261076682,0.15984489018803522,0.112653574087627,0.16408141962094833,0.025391859899935944,0.15564830603280796,0.4664992191227934,0.03642419674583981,0.039301425642934776
Ec8GxMhFjlM,1189,not_humor,31,0.17910949224155517,0.4347251786159412,0.38616533140321413,0.0018739253334182826,0.030692931022889343,0.0339103336751108,0.00920496118792911,0.0004739196639650712,0.06730514224205587,0.08989875529321932,0.04389932227411097,0.07348786926107301,0.09851589905578763,0.5933223244163298,0.05268851250049568,0.048187314577761195
EcUhw7ZWwjA,1190,regular_humor,31,0.42722263851112896,0.48512127707081454,0.0876560901411839,0.011386169537511323,0.008915633227462099,0.02978595898058566,0.0008654099477890638,0.00034308184882731087,0.05922621806647869,0.06742981653059682,0.09875403944357869,0.07297625821534424,0.022305546170701424,0.29201335577113974,0.09808950539257738,0.3484314663200489
EgR0PMCAmWc,1191,not_humor,31,0.5689727996265695,0.3307856677039977,0.10024153459216317,0.003637335037403259,0.0244209536556868,0.032077578997667576,0.0009288870750160347,0.0005411329463728884,0.149301856729923,0.2389721083154361,0.14262907163450314,0.05420909934647141,0.036418364516594595,0.34472675997793917,0.05344932410310233,0.1295952880755067
EgVBfOUWN_g,1192,dark_humor,31,0.3806609434466208,0.40355331612931145,0.21578573726958805,0.011712810763950279,0.027904539829544394,0.08197214053295958,0.005639571148241239,0.006241869941849502,0.19380073424338573,0.13577736052684486,0.11160003269211419,0.07133009146914006,0.09418377875080032,0.4320268579007637,0.07289477523356196,0.08218711736281553
EhfWXBxsQVU,1193,dark_humor,31,0.23263681948845905,0.4176586800284924,0.34970451299581795,0.0006468669946057602,0.0022428512024963575,0.015058509782501195,0.0002435355448640973,0.00032011145113727016,0.03756952675006863,0.11444992234089202,0.05119153538778905,0.017891463647115854,0.059355728658697295,0.6673487678410546,0.05773085717772765,0.032031721495572596
EjAHseZEJwI,1197,not_humor,31,0.3701879193615769,0.34968915825048763,0.2801229369736487,0.0028349010343287863,0.008649845009072564,0.0033233896120368773,0.0009245577293181521,0.019123847563018753,0.10387819445872258,0.15078643350035795,0.055644224570583434,0.08667347614086353,0.13097277942541685,0.36803156473944265,0.06784273769646403,0.1400487855369706
EkOhgBd7Hwo,1198,regular_humor,31,0.24043500591670314,0.4739555608961851,0.2856094226120941,0.008073090808935493,0.05064014481632189,0.11305811417743473,0.00647749360570977,0.0006303996870560842,0.1601919783654833,0.1255364585818062,0.08979559750596602,0.028940564201724146,0.1008198095575696,0.38703501678162044,0.07650619985595826,0.1913663528168634
EnWfPubDyZ0,1199,dark_humor,31,0.3118321986403316,0.3501479667461207,0.3380198434536015,0.0006824387284371281,0.0228638012448491,0.10034728775339787,0.004344221970607196,0.0005094905005065694,0.142655206380427,0.08195011558822327,0.14363402943126857,0.08758079363859349,0.14423244656063616,0.34952094336791384,0.03428903362533498,0.1587926375514437
EpoBcTsOLh8,1200,dark_humor,31,0.31045001787283727,0.43976571458962654,0.24978427853315108,0.0505836359943421,0.09808345313039384,0.1389741467691267,0.01988493177815408,0.010092716623001896,0.23884484216931365,0.11544724208332839,0.06234950111097386,0.027075195281330736,0.11996318217396977,0.44175024150360015,0.0507791654822687,0.1826354734404313
EvqtfK_RaRg,1203,not_humor,31,0.04923259829651685,0.4033380439504981,0.5474293700629665,0.00024486964544086085,0.0006670999582932,0.0012223303356515844,0.00013028956469028226,0.00017922603893243979,0.020721488348734114,0.04596125041585295,0.04521738643562721,0.09173776968682726,0.09278284137948387,0.6107494900784185,0.05441085850038836,0.059140396619876544
ExbmtW6StMI,1204,not_humor,31,0.3012438319293001,0.34595611466154935,0.35280005007441484,0.0011649815982485551,0.018738147064258585,0.026708426352049553,0.0005374387028202745,0.0012361807786228677,0.09373856553499918,0.047071079216567016,0.04408848436921084,0.11913742027583442,0.11829249725316561,0.47933397337140876,0.07602267104741786,0.11605385260941882
F3erOFiAeTI,1205,regular_humor,31,0.14581246016877553,0.3127552170847212,0.541432312749807,0.00035082549936393456,0.0038133837163425804,0.0024017163363638364,0.00015048560523991323,0.00013250571975086426,0.021881157945420955,0.07480584543138262,0.03811129544966764,0.02365048877395419,0.26036973461328494,0.44774791694456534,0.06589718672987674,0.08941752661860758
F9-5vNH7ryk,1207,regular_humor,31,0.26893370834389524,0.4924392294018499,0.23862705956543645,0.026915650400276776,0.012726468683761214,0.008679593047183458,0.0009442371545798867,0.0005815376357678624,0.10399326566802038,0.07435405280651344,0.08001381241821594,0.022006268890935085,0.07005426579815967,0.5414901131223286,0.05634920075235347,0.15573230497313723
FGmeHLd8xDI,1211,dark_humor,31,0.407526747473786,0.36432100640189263,0.22815224884318247,0.028562309646663526,0.05079092514267446,0.09241429266412818,0.006181955063619816,0.0010298478662133998,0.23914455361251208,0.09309185212177615,0.1255479766761944,0.03932750629140965,0.07212918495473962,0.4570551753164299,0.09058597975320393,0.12226232764641604
FGmuE2KIOas,1212,regular_humor,31,0.36723041806309936,0.15165836871751853,0.48111121380521404,0.0014642907805072383,0.031045201516169452,0.012077231274639827,0.0003366040090763671,0.00031311036206804397,0.14228941716306331,0.08458596992216283,0.05547028914424441,0.049945108213221595,0.1969621586613357,0.44359608883819274,0.028345218191163674,0.14109516417938134
FMGuGoGEnhs,1214,dark_humor,31,0.2676642657738299,0.28238091885202354,0.4499548243719243,0.0024552243863112263,0.03698061704175592,0.1103459223081553,0.0029752054519297916,0.000412701255211892,0.16725048080327048,0.08532116112990244,0.08508381870905718,0.040688290064516026,0.25985914185988684,0.3981652346349532,0.03521976140778391,0.09566260114192002
FP7wLFIJ3z4,1215,regular_humor,31,0.2929784762522867,0.3837124147722798,0.3233090942545283,0.05278694512549743,0.04729252654003851,0.10739879320129647,0.009894416474356061,0.011598543244725723,0.20753284667115357,0.15785624343346083,0.07639388587220662,0.04091408674327296,0.049352538122254756,0.49330615280796924,0.10246174261274357,0.07971536193133122
FSqRoyH6clk,1216,regular_humor,31,0.09347577031791932,0.2504997343245533,0.656024488530332,0.0026778205543861633,0.029631356009744078,0.012119688802481359,0.00045004251179277835,0.00023681375610214026,0.07292355199517202,0.04059487260172084,0.041738233994692564,0.022933344784823638,0.39939823292285925,0.36998869749086516,0.020128254057659258,0.10521835887864713
FVSW8nt4vIo,1217,dark_humor,31,0.15994512826024043,0.5944312971025225,0.24562357348059455,0.05301685522699113,0.04564181963712232,0.07200792701464266,0.007025223187097694,0.0012847384399895917,0.12896682393564393,0.04499586748199597,0.04667130629381826,0.045764830218808304,0.05752328569219718,0.5461476095501454,0.054109497097200684,0.20478759090145748
FVhgCYyyAG8,1218,dark_humor,31,0.333632210277081,0.4309887138886317,0.23537907064441713,0.008039705335601954,0.06707008988145859,0.0698351303994235,0.00767697501883489,0.0013227715619817196,0.15035980419188197,0.11248997019063081,0.1368288672529161,0.022197195240521744,0.09920414949151417,0.4354313398681341,0.054353777612108856,0.13949469341746262
FWGCs0EY_mo,1219,not_humor,31,0.2849568649375391,0.40556473561352296,0.3094784042407428,0.0020983833096726166,0.030380681545319668,0.09174336804942633,0.0027931160314643246,0.0005506868657257949,0.14382821147427743,0.06890314157992121,0.1364109666826534,0.024283211385350553,0.04623576023450662,0.5776378093437562,0.02295238807076408,0.1235767315168144
FXSlSLG9yBg,1220,dark_humor,31,0.3553551498785495,0.3713757136476136,0.27326912764880446,0.01789428421433249,0.02212221663954082,0.007128552030002127,0.0006016497791279107,0.0004911756458891285,0.09054539793343734,0.04249974962083563,0.1406780611798768,0.010102687406376185,0.172907459475438,0.3896483413033908,0.1375979641602645,0.1065657346531929
G-Kno17qVns,1224,not_humor,31,0.5349784960309344,0.3141191211198607,0.1509023948061851,0.03062080446210119,0.09266141772968695,0.1330984718637586,0.012868616545259306,0.0033282356917850612,0.2714740979342511,0.25227601914816805,0.1646051158670396,0.03887231245208832,0.09496685145272603,0.35134055819963256,0.031116847414523363,0.06682228672903992
G6au9Y0iP1M,1228,dark_humor,31,0.5826420007694152,0.29405585724499916,0.12330212139133964,0.061302667324555166,0.08761364882182886,0.0924066778454524,0.00702039405493246,0.0018119365605901207,0.25771998503478244,0.14858948957595614,0.20833330428708466,0.016253862270875084,0.07188398282854788,0.402730442132921,0.028456001519976605,0.12375292543607254
GHxdXw_TmVk,1231,regular_humor,31,0.367239820710834,0.3325034381160813,0.30025674359151916,0.0019799757987305883,0.08207887945454492,0.03834245792606981,0.001349071065863339,0.011855026765730262,0.191830305761898,0.04444409025863053,0.13201964929260523,0.11603414935938593,0.14662925698118465,0.22537239918188612,0.1834873363841325,0.1520131179431994
GJiozbQNLX4,1232,dark_humor,31,0.480208916965151,0.39711012991686023,0.12268095078968233,0.001336608781017393,0.018434298368858085,0.08607460291175577,0.0018637775558031976,0.0005012596464498088,0.1320097446742077,0.15798671011843027,0.1530112798115419,0.05140005888777875,0.03295393850308873,0.5012963917707244,0.05426595415619592,0.04908566544913957
GMHex2iYtzo,1234,regular_humor,31,0.3314285493726211,0.4594476367196729,0.20912382262007845,0.0010780851279700836,0.00960811191649672,0.005246512418154687,0.00021714577287052487,0.0002246893453693408,0.05230801566616602,0.16044486809762254,0.1543037573236131,0.02436522637388759,0.04257687805746231,0.49047778606895476,0.051004762791337505,0.07682670957048333
GXJYROVq_6Q,1237,not_humor,31,0.24536135647776386,0.5586491334101846,0.1959895058384826,0.0004064124387373487,0.0014693867809499703,0.001034336585660405,0.00017154707729200562,0.0014350239338631172,0.02834346242654588,0.08778638000630083,0.1051742100126801,0.05549863478799741,0.07095429264835172,0.4540265799319792,0.04042776872313792,0.18613213514007867
GYBnREzqMKc,1238,regular_humor,13,0.2085295683489396,0.30542573203834206,0.4860446923770584,0.013810179280251479,0.00781136915499631,0.003927435864730237,0.0004390949252410792,0.0002968602650351106,0.07690932945563243,0.024340001615480736,0.06598680223732327,0.008342196797737135,0.26788770788922334,0.49224049601560604,0.017291138333698306,0.12391165242745326
GbAKxirBTIE,1241,regular_humor,22,0.25320609112862835,0.510872854089195,0.23592105939645658,0.0007402529842114415,0.004859016671120612,0.04869911106321855,0.0013447913985477169,0.002301334212957458,0.12067122147841887,0.1160052291366314,0.05286151584004983,0.15407133343185045,0.10801483894730071,0.40640510645673866,0.07435651207131079,0.08828548195941205
Geb9RVtWOF0,1244,not_humor,4,0.33198531344532967,0.19026263151317835,0.47775204037316144,0.00022139548309496604,0.00023657832207391039,0.0002508810575818643,0.0001084757168428041,0.00013450316328089684,0.0027522302843863145,0.04175469325855374,0.007450150791555643,0.014971033611800522,0.04504185589030385,0.6692852079868317,0.08815594692714512,0.13334109541028738
GhdR_mcMFQs,1246,not_humor,31,0.2618751165066515,0.5333265161682521,0.20479837983786578,0.00020353362713414696,0.0009486520106175674,0.006724056508016562,0.00015432539446684983,0.00014496376153997956,0.02342867414324334,0.08171907696692694,0.05597926591402821,0.02157069750190262,0.023234508698806167,0.5609643104816636,0.05544724678921123,0.201084888795571
GlNe6J5ddMc,1248,regular_humor,31,0.2325930193427109,0.30662914963379023,0.4607778131180713,0.006893439492071799,0.038697565868665885,0.045756192047960095,0.002420933489056845,0.017607905875211733,0.1276149288807515,0.09939010457826718,0.10360564567118642,0.020137735041639498,0.17934548412637424,0.5108824239578098,0.033796463897752184,0.05284214185010041
Gmb7ntcNMwM,1250,dark_humor,31,0.2427060296608796,0.46863852786801513,0.2886554326020902,0.0006710205667449402,0.02870196879009581,0.05393843497891324,0.0015278654677639415,0.0002734960909301956,0.11726362279037975,0.09015812068396518,0.059736709275673476,0.016374127190154526,0.22352731103948767,0.3962965186895622,0.11074372018206745,0.10316350274238616
GnvKfk8lNOk,1251,dark_humor,31,0.34576899834698244,0.5405312745321181,0.11369973595344252,0.0006438019486414569,0.007146053021349344,0.04544705244000896,0.0008093954015602057,0.0004847382524824371,0.0772684098168787,0.1678689158176102,0.0685235740215097,0.09101320393083076,0.017496273432287476,0.4219457537551681,0.039176437290265195,0.19397583914800517
H-PgO2Lkfmg,1256,dark_humor,31,0.2630373141503022,0.31781949436352136,0.4191432095793707,0.004098947225664291,0.06596177790291427,0.1353442410773207,0.013675436953734231,0.0005274146798558743,0.19870733536006283,0.19868181766040863,0.11892781942151487,0.05432926798276903,0.12806211268311488,0.30485808993539504,0.03373666753571841,0.16140421908799438
H2YcJkuAK8g,1257,regular_humor,31,0.3812537986574875,0.30642676317403394,0.3123194369817934,0.0013647325521883285,0.04140584810680124,0.08325851800139888,0.011114857136084127,0.0033452839845502296,0.12724729666801832,0.12727278060910682,0.08724912430249876,0.00811222423574016,0.21997622342690104,0.3610725571070948,0.04736450765161745,0.14895258136394043
H9hZl5kB1Xs,1260,dark_humor,31,0.41729178748303847,0.3575926497879048,0.22511556271403546,0.00912251726737351,0.010349609785348988,0.00975529815825153,0.00047515609466861335,0.0006868687792560987,0.12066247297127941,0.18026698658603332,0.10658586052370318,0.03509838154798584,0.07856340550126568,0.3835720957609855,0.12684409838214877,0.08906916106465243
HAf-6wGvcIQ,1261,not_humor,2,0.0087675373069942,0.04280258249491453,0.9484298527240753,0.00014733511488884687,0.0001860946067608893,0.0002027967493631877,0.00010814337292686105,0.00011693363194353878,0.001306016813032329,0.016055657994002104,0.004724788945168257,0.0034328223555348814,0.6342734694480896,0.2895636335015297,0.011935307644307613,0.04001433588564396
HGDpzVBYxK8,1264,regular_humor,31,0.14453545550725633,0.4462023504799412,0.4092621924656053,0.0004262163180805322,0.002716798607575437,0.0016338005539916095,0.00014995416507102368,0.00019793676173937837,0.031829100286197516,0.07097121578971705,0.06557835537504646,0.023827798818538505,0.15745807109370588,0.5765567805708176,0.029161649463217584,0.07644612132571638
HIyjQOc0uNM,1265,regular_humor,13,0.4169416921213269,0.3795329650434164,0.2035253502500172,0.0013701005395537673,0.029102301572073393,0.020570019660786223,0.0005598487533951321,0.00036114281717275915,0.1363867835741705,0.053527408494399145,0.13900517442156202,0.01331941943275384,0.13190509928748584,0.5694834800580373,0.042398381834993,0.05036103094999607
HLhLIRYTqnA,1266,not_humor,31,0.42633370809527416,0.3391349566799979,0.23453132462717832,0.006297274712837421,0.09669432076278157,0.03895114189118988,0.004926012665119713,0.0237861769581345,0.18504256982499012,0.14057149395586982,0.14153747337930386,0.011292551018883504,0.0977299534997362,0.46474114258683497,0.04049818817481038,0.10362920419485759
HTk6bKKukfY,1269,dark_humor,31,0.3212103471385255,0.3200200259264919,0.35876962575580806,0.015547270166514922,0.027605802729545582,0.03434632592008359,0.0020130201594457183,0.001494995851845165,0.08854292685939599,0.10574232421499948,0.05571247985297363,0.024767872584503022,0.27511393825613684,0.35068316931926435,0.11100902802671396,0.07697119925081009
HZOvwRr4QR0,1270,dark_humor,31,0.6115995617583394,0.2635532566196015,0.12484717230883337,0.0620212888245606,0.1454299665506809,0.15836524859027593,0.012632939579141807,0.0024410489767756043,0.3056931984854952,0.17076757018859948,0.19945852506545284,0.01654025478543894,0.07885755850903449,0.3195766018132769,0.10308111053065307,0.11171837232916826
Hc0J8PIBW2g,1271,not_humor,31,0.6782266325767963,0.26562463468120945,0.05614874632127823,0.04365581245539004,0.11105365570749141,0.06762863563058237,0.016152989337100618,0.0020259282386940604,0.23892475045548991,0.20064913194566483,0.1570262277814289,0.11158135380866306,0.011739641865490065,0.3121417835655232,0.06444610221942346,0.14241576720697566
Hcz20y9_iyM,1272,dark_humor,31,0.19908789313218045,0.28479668446966716,0.5161154168027062,0.002538497867663541,0.0007475508069957516,0.0006067212994938957,0.00017235958770353107,0.0002748424895182853,0.021765148238984927,0.09316942303801977,0.04944115788150098,0.04458710305663126,0.21380153597302495,0.43800988108400374,0.03254212412021814,0.12844876791050117
He2bxa1nrUA,1274,dark_humor,31,0.26655999772370825,0.3103942792381971,0.4230457258020197,0.0007101850670522019,0.02361586353893677,0.05762270834830199,0.008364463188861977,0.002211956665456866,0.11636498439944379,0.08989928557627624,0.058551341567503946,0.023927260021258508,0.15321959982693736,0.37101570594935646,0.09044935036781093,0.21293744682184151
Hgf5AC0SmrI,1276,not_humor,31,0.25511301699424943,0.48624073233335247,0.2586462558547576,0.0355815070140506,0.08568216879869014,0.12367837433937952,0.008419684085604404,0.0012925205702495372,0.1780282268225546,0.0934883214893841,0.11991974512573271,0.024080578128867332,0.06128886762645937,0.5542418607360413,0.04529746135907067,0.10168317053467035
Hj7QZw8x0O4,1280,not_humor,31,0.5278889563295149,0.3176126767310404,0.15449836139657325,0.004339537783732427,0.06688064106105406,0.09865024028253937,0.0026512431828567998,0.01594008296148874,0.2544800028948474,0.1748587775584911,0.09741507297111375,0.03531700616792565,0.10530700942411297,0.44124391754608483,0.04673056784761889,0.09912765365950163
HtYlORZr1Dw,1283,not_humor,31,0.2790922031272203,0.3049185867871969,0.41598921055875476,0.0002398796463122351,0.001240139692409655,0.01571594058271242,0.00025824499161606056,0.00020266754783674953,0.029402793336269117,0.08923813503896517,0.06205905057610043,0.026289287580913232,0.21603059125763754,0.35953737844923334,0.14462022104811284,0.10222533538997654
I1uOF3Uhh5Q,1286,dark_humor,16,0.26559464997262694,0.47633606602903455,0.25806926656514406,0.0003447543622314697,0.0010553067422733875,0.0010354427413403755,0.00012561917765196995,0.00020046006784468773,0.023172083179815672,0.06802942244394217,0.03592556952935411,0.03201897857070435,0.12805323104839772,0.4605882514733821,0.07197957694006618,0.20340498446603306
I2-d7qek81E,1287,not_humor,31,0.6360420623734113,0.23413650379065545,0.12982142608492606,0.11553844463196583,0.12842222778201703,0.15094555801788961,0.04266716192773123,0.05761846751181198,0.39522102889379546,0.2178913287202557,0.12775411099221767,0.15875977169602148,0.024866834684695686,0.285059145937163,0.10382073219384878,0.08184806703995433
I5HnICNKexQ,1289,regular_humor,31,0.31156918864637134,0.3449800140675037,0.34345078468322754,0.01582974123471837,0.07619427806639578,0.08607946806155416,0.007528896973047766,0.0005559265456770757,0.13697739078798482,0.1412520635903122,0.07576848423829483,0.03598228634350122,0.09864742101936211,0.47613792614110056,0.06930708328652527,0.10290471909778012
I7Lv-1GY92M,1290,not_humor,31,0.21003910924698557,0.30896281979737744,0.48099806327973643,0.0003048478529014955,0.006466917785620617,0.032152365202613685,0.002516819615266286,0.00026338819377762717,0.0528905552365036,0.15946964012278664,0.04770814308956746,0.03128799144178629,0.07528570455859505,0.461057185631005,0.03424951081134139,0.19094182412335348
IAQ8AbZ2VOo,1293,not_humor,31,0.472839877677841,0.42715457445310967,0.10000555185721285,0.0026794679743620837,0.043501371458161534,0.0725713891780845,0.0036312555234725287,0.0013216019306714916,0.13218907813819486,0.1247052319963733,0.10984889503132793,0.11409620848679615,0.019200004783699348,0.4375209265779103,0.06933041932361741,0.1252983240279249
ID8qGu1WOdQ,1294,not_humor,31,0.4467105666596082,0.30699200916194147,0.24629741725361637,0.0016708811252160118,0.013157305765367534,0.001891904774369792,0.00018096749033335777,0.0001741107391294903,0.045706921386637636,0.04059845520063273,0.03850914325354801,0.026331564787993086,0.2172030709165659,0.4877484202715418,0.05502846236941555,0.13458088732835266
IFWUJ_trnp4,1297,not_humor,31,0.3580383090602775,0.3789316761878229,0.26303001928834185,0.0014211356174200773,0.0025728758210466513,0.01288353521968313,0.00047960609475511217,0.0067778725736594245,0.06396481704019431,0.05811754887503001,0.04609999837609188,0.04845788732035867,0.06666957948266738,0.5235099579177557,0.078934739343822,0.17821028543215606
IGcqOJ7gePI,1298,regular_humor,31,0.3362545271238853,0.3494382792362763,0.3143071912589573,0.0013594261010087306,0.019691069188411348,0.031467969671094546,0.0007271445823378951,0.0006257948815830112,0.09521406066919406,0.055540578544981054,0.12307555984795815,0.03184247334607907,0.14962557948104316,0.3493981138172169,0.05707338034746147,0.23344430543722644
ILeOo05_D6k,1299,dark_humor,22,0.23418101714923978,0.5074295430359516,0.2583894335072149,0.0002725446068904024,0.0025933516927497376,0.0011879742847998966,0.000131049603541297,0.0001643471874889325,0.03553110754000954,0.06571985496504401,0.041943779347506774,0.026581042128699748,0.04493041906442324,0.5212786157022823,0.0829401159955358,0.21660616947337985
IM7Vy4uiCos,1300,not_humor,31,0.16438883850200764,0.4545643557644179,0.3810468104277407,0.00018049698537065377,0.0014242007004682936,0.0009136514385200796,0.00011600051995276684,0.0001279986524511309,0.01334285539867837,0.027463883850648397,0.021748226335940642,0.015345391700975597,0.18762342383213823,0.49708585854199144,0.09859643848012051,0.15213677278088947
INWvHDCd87A,1302,not_humor,31,0.6172912635149495,0.31418858059952337,0.0685201496066105,0.05156773529034258,0.08756403885115194,0.1232785534347415,0.01700790378010659,0.035493952519778584,0.2847130617423494,0.21400709289516653,0.12357387920060466,0.08445724037160436,0.05971879917272036,0.3806257255735897,0.05986323387121722,0.07775403000789904
IPV_kSW534g,1303,dark_humor,15,0.5009217609961828,0.4075629934668541,0.09151525326694052,0.004498843034768166,0.048811807426197146,0.06589215239412928,0.011878710812986052,0.0005162572037079371,0.11803907353508597,0.03955472631690403,0.13094096096077312,0.1725163306420048,0.0781367865158245,0.3666443875059485,0.0678845544035236,0.14432226518789928
ISK-9jWZtmM,1304,not_humor,31,0.31123221705427334,0.27527447807933053,0.41349328665303126,0.01675512227455094,0.07647802124237417,0.04562818236656547,0.0018735569488677766,0.004376053672345851,0.2263397345912733,0.05559773168211142,0.1813094280303396,0.04277836085501833,0.23370975030833976,0.3329813111303074,0.05980410958985768,0.09381931815521731
ImHVPKzSJew,1309,not_humor,31,0.40680931866799874,0.3841212959659676,0.20906938722116813,0.022097159379852876,0.043492300932074054,0.08324220244615008,0.00363837299617796,0.005120709969853652,0.211969502623223,0.1745226003770386,0.12342217720804675,0.0649435867991058,0.046483259096050694,0.35512730691041194,0.12884126256610598,0.10665980108352678
ImKKi5I-C-s,1310,regular_humor,31,0.3899605256174841,0.5108493499217495,0.09919012348437982,0.0020480971664167762,0.02871336764139649,0.056414676744269296,0.001824883988686657,0.01290562373985942,0.1468219373585476,0.24270511589824192,0.09125553508619627,0.041044959993732553,0.04003176693579242,0.34954185304682583,0.04737981689733363,0.18804096521419142
ImPZAoWWBdY,1311,not_humor,31,0.3178602521337809,0.5970224387222721,0.08511731003020559,0.01781627735744546,0.017322307911648925,0.029421825219610436,0.0014880962703647392,0.001151831191354206,0.1487725335342299,0.13892132903058682,0.041308123772332984,0.0951201133880644,0.0985888848869851,0.46448028658426577,0.07723785092633578,0.08434342519350109
IpQRat30KZw,1312,regular_humor,31,0.1485402312490248,0.3322272758870836,0.5192324881471934,0.0010209637135455024,0.030886462103338883,0.0368027502812648,0.002529584150198066,0.001143412250976619,0.09066937201949317,0.07582855900569309,0.050564371757284406,0.008877545797018214,0.23978143815897526,0.40075649445756306,0.05368332823948754,0.17050826991157186
IvpBmw31xJM,1314,dark_humor,31,0.15025609390689962,0.4518081935483121,0.39793571195895633,0.02857167686799526,0.025849957552347935,0.08397793644689955,0.005434686086852209,0.0018590045076580868,0.17871856385083387,0.07440596785125954,0.0906372529214188,0.04965014423378893,0.10050084172267347,0.526679792862025,0.04778731281628772,0.1103386961209077
IweiLBuHLW8,1316,not_humor,26,0.5344863406812342,0.29208416652937347,0.17342949508187863,0.03610450703070875,0.0904165539530088,0.06730509234442322,0.006917887502752889,0.011386347222399378,0.2676199673128744,0.14444795028808025,0.10900359368623377,0.1403397328747535,0.06127386966993352,0.3713122952422754,0.0698889927007258,0.10373356068829218
Ix1Ia3h1BRc,1317,not_humor,7,0.012155037173735244,0.1608457216726882,0.8269992428166526,0.000643462676505026,0.00043801491847261786,0.0004256032490437584,0.00017094637275606926,0.0007922402583062649,0.012156292421942843,0.07654917502908834,0.018710684929309145,0.0048240915473018375,0.3863184124763523,0.32212464937141966,0.04172800827239241,0.1497449619429452
IxfXAhHmpN8,1318,regular_humor,31,0.23585117321401353,0.3284595043308312,0.43568932484354705,0.0033878709819550896,0.03367997458553873,0.021796331343789315,0.0007275397832516671,0.0003246566291988617,0.08084914412334442,0.07845847538837622,0.09131537266488697,0.027662731555005114,0.1994549155858676,0.38760701643543377,0.14276338977769257,0.07273809889691972
J-k7MtbYYpU,1319,dark_humor,31,0.1813813335667815,0.5406034164010517,0.2780152371213321,0.0018473883251464295,0.05735981661306259,0.055658101905494056,0.0021558323574173564,0.0002885599404239216,0.11147456462757903,0.07192548426739391,0.05809947072092684,0.04645398685768727,0.1109798178640044,0.572582294443442,0.03881928948084674,0.10113964237332825
J0qfwBkSV4I,1320,not_humor,28,0.1546155707037542,0.5036805317005408,0.341703887413522,0.00024307199419126846,0.0007541986888099927,0.000697523132527879,0.00012531655270972157,0.00015384345533675514,0.013313981999609885,0.07840157202112355,0.04025812990896936,0.028897614338867634,0.09915254745283164,0.6028789451478848,0.03230609999237848,0.11810509925375559
J13NvtUmVCw,1321,not_humor,31,0.33600411932885405,0.33520158975114744,0.3287942899511226,0.003122071442644923,0.03361862008328429,0.07826047649723478,0.0023579268832221597,0.0005279289306922545,0.15687085448523924,0.08032447763628536,0.15516405259709684,0.033519336266533264,0.18228849144502274,0.372282812552106,0.05498645677711935,0.1214343876683063
J4G4WcC-Uuw,1322,not_humor,31,0.27643440568053557,0.49340402488146096,0.23016157295675047,0.0031410783755540426,0.04260722480173553,0.08921139009180479,0.02898931460578986,0.03778234999739535,0.18129262777473476,0.08908502960337265,0.06941904432530846,0.07706763545490591,0.06976594313633658,0.41073466524962454,0.09628656960933679,0.18764111010598078
J5avFNtmsP8,1323,regular_humor,31,0.19569064024835825,0.5059498593571686,0.2983594989524253,0.00019986061764235097,0.0006283257863551919,0.008431054457868148,0.00016405264754974915,0.0001540711826002676,0.014565121508278553,0.09133333109334231,0.04774630187650121,0.01618187762740549,0.16150111792939564,0.4977920970338727,0.025703265752282836,0.1597420067015675
J6Sg1kE73wU,1324,not_humor,31,0.14245600005491607,0.3965097917544265,0.46103421093956115,0.0003260507463334849,0.012023194163057563,0.029618276661494747,0.0005986650700628336,0.00020003541031919962,0.057461702610336,0.041535749122680675,0.05882402713271609,0.029331199169504427,0.1652323068757992,0.5064826407469809,0.03465527428254005,0.16393881777091132
J8VhsN10amY,1325,not_humor,31,0.3880998460696109,0.3938603922724724,0.21803975883390633,0.0024774279694200585,0.02977685715849211,0.027426353280222224,0.0006645069741118218,0.00040678228810241807,0.12096311617830408,0.17146791789432866,0.12697104121287983,0.03694686200845266,0.03820298339856128,0.38613512409069844,0.10235684286923177,0.13791921239105925
JFwQrb3hIeE,1327,not_humor,31,0.06577172675620645,0.2664846159938362,0.667743654020371,0.0005585519205440857,0.0014631688259654648,0.004058360392528195,0.00020645121736789963,0.0002655133381091629,0.039669186083389624,0.04650941346546695,0.05053297803932501,0.047171699361980804,0.22301946080199653,0.5372442629248384,0.039487001493633274,0.05603517724140998
JFzskp7qaII,1328,dark_humor,31,0.26125666581004137,0.24413055369269945,0.4946127785369754,0.017253943046295805,0.017440536787034944,0.030332924761516493,0.0018383458772140945,0.0006920433175588598,0.09157299241351505,0.07233841820139318,0.09508793920113315,0.04124688445365116,0.16700778614387907,0.3513454036907323,0.06784304757151872,0.20513052003262866
JH6zzjeeQN0,1329,not_humor,31,0.148504130099149,0.4425030655017303,0.40899280062125576,0.0003724635495135801,0.010625319446966562,0.049651307640165364,0.0008285491661104795,0.00022276160433971052,0.0766235085207999,0.08406500398151336,0.028212770705126348,0.02454710925362193,0.12128872861484846,0.5165647324324856,0.06426273079048242,0.1610589131051975
JJPF-HdvLpg,1330,regular_humor,31,0.2821439075238642,0.39795788084607453,0.3198982027149008,0.0219121399460428,0.06008777730195077,0.0782779502366001,0.013227800807433068,0.0009234097191027456,0.1495470571943799,0.08701269513732122,0.1773032628210081,0.01467510474744373,0.1332742648242387,0.3627759087567909,0.03729070139478051,0.18766806548416254
JJSE_T4apwM,1331,not_humor,31,0.3094628429821422,0.5089055370058744,0.1816316351234432,0.0004558263345614016,0.004053651573955112,0.0017882766321323993,0.00016114867978631668,0.00020991659731671756,0.04905677185724339,0.058595372360169644,0.04782312590959332,0.010251189950072476,0.045612287594966834,0.7237639977566658,0.0618512946211042,0.052102730339092594
JKZVRxphLh0,1332,not_humor,31,0.2643771981219611,0.428882060752761,0.3067407378205849,0.008196030915696024,0.031104927272779956,0.06054945981727102,0.005870596212550863,0.0009045117849675608,0.1387411174364388,0.1295061205408626,0.11827328217951881,0.04287881830579511,0.11659263710551444,0.42057724501336774,0.05377054034221557,0.11840135809935388
JPTsavLeIHk,1697,regular_humor,31,0.07389857618498706,0.464622903374895,0.46147850972990834,0.000336123900319029,0.0006815684933943914,0.0008772811678711385,0.00013010025600857671,0.00022653577405200791,0.020644058627376873,0.05785448796626541,0.07188749303215093,0.030124871291205165,0.11716879064577722,0.48756446660826763,0.06903177363828066,0.16636810068702024
JRQ4jU9E4w0,1698,regular_humor,31,0.4685619979526006,0.3634853202609285,0.16795268358903065,0.014292976339704418,0.11128107499145347,0.060134470866027946,0.0033403889371378856,0.0008268382875793313,0.24007926364203974,0.1851290358651069,0.174902675057491,0.056885777567062645,0.06045462612734897,0.39289710153975793,0.03729281358931574,0.09243798519544784
JcB_bepJ7Lw,1334,dark_humor,31,0.23009357711059913,0.5141798938594518,0.25572653813287616,0.0020280879041585593,0.010771538393812315,0.08341170085740517,0.0036948676436534904,0.02192520520639523,0.13666382824791776,0.09306847787792644,0.06234870254693012,0.023894044067410213,0.054376724653036126,0.5761542143600602,0.039785290752807935,0.15037254175742068
JdX4O5sJj8w,1335,regular_humor,31,0.26076580606581223,0.5664817960031571,0.17275240158121433,0.0007208843134351135,0.028922227857683246,0.03357464546852204,0.006619821290153214,0.00027756448370412054,0.07378218230798901,0.0788760106830347,0.17840074223556346,0.026922507226587303,0.026215337785787038,0.5103938141687503,0.04105592694794459,0.13813566535546054
JfQZpXipC2Q,1336,not_humor,31,0.5340331910598662,0.3861749112125366,0.07979189365681622,0.011073803110423708,0.0921694181686748,0.05499746172966796,0.0019504462836794705,0.00045833756819540155,0.17572384112281725,0.21256972150877118,0.22256279986111388,0.03184491783688446,0.0177841373876999,0.3757398249881883,0.06627978857666735,0.07321880019885758
Jfad4_xXD-k,1337,not_humor,31,0.26157729913510624,0.3464280404751339,0.3919946675699565,0.011218828672539413,0.029099151307168687,0.021775759038827083,0.002088580721089872,0.007520784696445786,0.1351162724989286,0.0805057660045643,0.0762459221709099,0.030414613361860954,0.1557748540710177,0.33932358570276727,0.16801450220913056,0.14972076847428276
JgJrQnDIRgg,1338,not_humor,31,0.10564530215736839,0.48335978007244484,0.41099491859636,0.0002678057672681227,0.0004606327199707589,0.0007226251398078016,0.0001308451795804074,0.00024313123374726745,0.014280961939103661,0.07907772932441966,0.05124020448044663,0.045374473436705524,0.08507075784878144,0.6207393701038053,0.045514479369646116,0.07298298878595233
JizJxB4wTaI,1340,not_humor,31,0.10377680966179938,0.3972515346662652,0.49897164839410013,0.0008218070724979043,0.014179691453107572,0.0037238853847450246,0.00019989243188437314,0.0001876587632596643,0.039574423962603175,0.028105175550726634,0.06142280113530315,0.0475395489803275,0.20822531480958023,0.5295373039890922,0.0823231891563703,0.042846667437603875
Jj_uNq1EMw8,1341,dark_humor,31,0.22114528219906554,0.3424437510510606,0.436410972097468,0.0009142565860172674,0.013116652139879373,0.0441010509666446,0.0015741151512502843,0.004308146005167791,0.11496854556777004,0.08246778174033088,0.16823223709023646,0.03731148041439273,0.08187929606215368,0.4436696765103167,0.049079294143725305,0.13736024308168598
JjlMQfFaYjc,1342,dark_humor,31,0.4227479413872765,0.43014693620704836,0.1471051307875783,0.002298005259006224,0.0423665684699494,0.026224039993042337,0.001305505718788012,0.0007216924831511513,0.13881968112564796,0.0621105765983943,0.26006876190395783,0.02157988086823494,0.0469523437890119,0.3882119279550088,0.09212778787308883,0.12894871392880655
JlA-T-A0CKU,1343,regular_humor,8,0.2206241397652775,0.3604571908945218,0.41891865443903953,0.0005114717514516087,0.003988676795415813,0.0017238813288713573,0.0001526079431641847,0.0002332564145035576,0.07168732765421737,0.0255791824311018,0.0073917678819270805,0.12949488444428425,0.18670331427711062,0.5195704931393266,0.025554970125085674,0.1057053821568843
Jn05pXYYDrs,1344,regular_humor,31,0.3126931904604839,0.27682231808261526,0.410484493409674,0.0008346085378434509,0.013657099057567276,0.01835919267332722,0.000405410666820488,0.0003801793753800373,0.0728739659271894,0.09465974457787289,0.09783615746381392,0.05422496739230419,0.2698152053203704,0.3261514542654397,0.052803436519518014,0.10450902204930541
JoBOSC6EnOQ,1701,regular_humor,31,0.29790863771772674,0.3991200790530251,0.30297127606407287,0.0005951666643076967,0.027086425310229853,0.0070265961464517,0.0003558349720063439,0.0003692959153634166,0.05768850171044769,0.09406207226246836,0.047168309751507494,0.07446294366907809,0.1447362638709526,0.47235781011817557,0.04476256172863707,0.12245004766079928
Jw9yQvKDDU0,1704,not_humor,31,0.27747783743806426,0.537758020503867,0.18476413713107187,0.0028955554223484207,0.03797555330862862,0.04452555772666294,0.001415282598651585,0.0003253192856303236,0.1275209846433192,0.048167258846543486,0.11257355657571386,0.06057442923361856,0.039370872718732686,0.4540846230567343,0.06246177440569285,0.22276748738612137
JyQF5RlWFRo,1705,regular_humor,31,0.5064608237195399,0.3704346644301568,0.12310451282668979,0.0018235217411852172,0.03473916298319255,0.15753298225500922,0.005070437691756524,0.0005581133046953548,0.19824244560403448,0.20869853309235506,0.16067445075379744,0.10811446685974876,0.013005016628848088,0.35050612338067544,0.04669645154518225,0.11230494776335094
K8fAjL53dSE,1710,regular_humor,31,0.2525254251255143,0.2710476096479162,0.4764269696127984,0.0009838141807948328,0.03265585753908982,0.05555838662774242,0.0018917193977564062,0.0003054336024609755,0.09756369201181035,0.13933425658052007,0.13435819675590122,0.012369779610796081,0.11973346742771325,0.37491982946953467,0.09259279335158006,0.12669167569988676
K908TsWH9JI,1711,dark_humor,31,0.32292613197088,0.3798667536147179,0.2972071263788929,0.017140032334869066,0.016126892265146447,0.027368512186747525,0.0009769400053154377,0.006886301354942618,0.15574835539014348,0.14861260091645584,0.14819167372620395,0.04591227701354411,0.13544189390884112,0.4089857101921112,0.02191835481132711,0.09093750430451285
KGGh6ZSsXu4,1714,dark_humor,31,0.39505908062921896,0.4110534870095791,0.19388744319158216,0.07650578617974516,0.022614615808349975,0.02622484459941681,0.002805437303322833,0.0019904341226661456,0.15957404607005657,0.13102306229543062,0.08608971169263485,0.08486845073169999,0.06494268445643567,0.3972836608938392,0.09498980769046372,0.14080262657502787
KMxd5VdJIns,1717,not_humor,31,0.6082800190685497,0.29840653362653907,0.09331344808602045,0.025886937495200865,0.011187572010620046,0.012130993524953093,0.0011364938010604332,0.002090920219357471,0.10881594846197855,0.20111779557661183,0.13185083351638768,0.08255154878321674,0.04176156398945398,0.4178947541081617,0.07184952910568926,0.05297396877299874
KRjSt0cft3I,1719,dark_humor,31,0.2065504197511942,0.5139141607909433,0.279535407260541,0.0008261936393776728,0.003803912458674712,0.0031345584547154666,0.00018093970673714553,0.00018904658457857647,0.03734712344181213,0.0672956557133265,0.08775729366067436,0.01773444730074956,0.062365579723019995,0.48180250853540435,0.08383244122078101,0.19921206935278832
KS52a16JrdE,1720,dark_humor,4,0.8833564668893814,0.10889746155589819,0.00774604978505522,0.008143099305016221,0.04887463380146073,0.2354471998223744,0.008921389002352953,0.0009247110665455693,0.40372621454298496,0.10516388667747378,0.3634259795071557,0.006468061823397875,0.01896510540973395,0.25166494585573673,0.20524616446346045,0.04906584951095283
KTchqnNQf9M,1721,not_humor,31,0.6788428940419708,0.21339452867546388,0.10776257529974945,0.009629223572706142,0.07171820951466103,0.01977060097617082,0.0008799985652947198,0.0008524538493328427,0.24047500452950538,0.17938600096010393,0.1954360246215196,0.08761601402206466,0.057066797657171264,0.31622103256203477,0.07386509353114713,0.09040904184991133
KUS54RzwlM4,1722,dark_humor,31,0.5505350375728261,0.3206127444582601,0.1288522205976469,0.007699538276234131,0.04649565036543795,0.09948785073638353,0.0051183358830918044,0.03475401072289735,0.23185798914862737,0.16236447482069413,0.10364029100990944,0.030299096264981576,0.05673999744542544,0.4827601356852439,0.05762118069199665,0.10657481148072909
KVRZ8n0u39Y,1723,not_humor,31,0.30247751151722285,0.4510137682720538,0.24650871185886283,0.0005078204093508482,0.004916047902248289,0.06907768514816605,0.0020507861120295863,0.002036483904850038,0.13630739792490437,0.07961924956180155,0.034185816924418175,0.13405702774593187,0.021178812288018243,0.44891921822882946,0.06637726818406654,0.2156626112879284
KWnMDOWo00c,1724,regular_humor,31,0.07532190982132189,0.7310793967016281,0.1935986801981926,0.00014997572889701734,0.00019860164743036994,0.00020130057096286045,0.00011089958171660621,0.0001397347706745589,0.001227047022116641,0.06697319943698184,0.03193236120991529,0.10474331010012858,0.0654540174911099,0.5195340302682692,0.15667941093805335,0.05468367403673549
KYtgBQMWoiA,1725,not_humor,31,0.7347299217456772,0.23445751433891635,0.030812567415376826,0.04420524590879664,0.09940928875021787,0.11001517828938837,0.011704915859398523,0.010227374766996476,0.3276920792395099,0.21266756447843246,0.2036154477898362,0.09597130025917243,0.007672899349164518,0.29929155388831974,0.10409993548021321,0.07668129746959876
KbNAi0nTGHc,1726,not_humor,31,0.26117606262766546,0.4433662204011794,0.29545772126725606,0.0009960560644451048,0.007836898437686144,0.03094765575904955,0.0009930320769443266,0.00023866698005980242,0.05894424167514268,0.0999907333959615,0.04686591201161425,0.05965082786015926,0.06968779626092123,0.574257001160614,0.06189693509030246,0.08765079280842215
KdDn_ZXfZXA,1728,dark_humor,31,0.31743251667508193,0.38674517660852403,0.29582230063275466,0.0007197105151135474,0.015344053854219495,0.08723620032974248,0.0025234026878963286,0.00043467999691323885,0.14657019059016038,0.038471006747004724,0.12530072844369458,0.051335566433056465,0.11915753743209455,0.38601595667686556,0.08271745213818166,0.19700175014910318
KjhJyAXS__M,1729,dark_humor,31,0.18405573648370563,0.3011170902980431,0.5148271625831483,0.02110722433586019,0.01598021365662721,0.036053349202003086,0.005011567894994627,0.0007034248624075835,0.08305200725989116,0.11758304721180109,0.09578091350023545,0.008384387190040622,0.20812553409186582,0.4250122302797653,0.02561311652102778,0.1195007715854914
Km4n_QcF2K0,1731,not_humor,31,0.29264299283104556,0.45487622312840914,0.25248078010495634,0.0010432091249611168,0.03690351003446737,0.08177423940533997,0.008505917281699141,0.00048352470818621615,0.1562322297512794,0.07303039810710377,0.14891440434674283,0.053388597149845035,0.11237289106112815,0.4350111674697649,0.03613191064176781,0.14115065584454925
KniVD22s18o,1732,not_humor,31,0.15785385345694639,0.29236069339657983,0.5497854343735643,0.006230583474051298,0.02082989665429904,0.024103903368438383,0.001672231346028932,0.001161679227915292,0.054321002372871005,0.056941701123686204,0.04357010028099701,0.01344391320373923,0.17170794246598117,0.46435038683815827,0.18236669349003462,0.06761926988650474
KoMh_pdH8iU,1733,not_humor,31,0.5984076616624671,0.2934958782167204,0.10809645686118353,0.04117219759322207,0.12223679581356625,0.13019304163096804,0.034408196094098516,0.002603308285488897,0.30667786246293316,0.10620833823697702,0.23238121528523945,0.013701780785566135,0.08401531899899935,0.33364211453966075,0.08958403779674441,0.14046719766244473
KuF-L6n0O9o,1737,not_humor,31,0.1765478099320805,0.4126966797836846,0.4107555220534484,0.00046416748532905215,0.002000071442096434,0.0023453461894420006,0.00019970620609632123,0.0005883490727771254,0.0613430114669515,0.06967452537238357,0.03213884127176096,0.06479750661134359,0.08599071737919603,0.4712351854935649,0.10024386419043425,0.17591936994464166
KyWvUUPPgZM,1738,not_humor,31,0.6878909772983001,0.22373246269360667,0.08837656087933048,0.01531354543112684,0.10743635306425858,0.06367857258620431,0.0071718951646377515,0.03166538651167948,0.23311890114939982,0.17150752458180632,0.21895497202152206,0.06289430675021704,0.020376804697838043,0.3960010715790333,0.06383134866313588,0.06643397451168107
L06dg1E277o,1739,not_humor,31,0.4072836291931209,0.4044113054330791,0.18830506782978773,0.000892235113086269,0.031428881261343765,0.03698212327060079,0.007939364525466976,0.0017696323510233102,0.07324312496442167,0.09335964965078258,0.04465872839078187,0.2698512158784715,0.05251259565345883,0.3765652218473054,0.047502351725744386,0.11555024906016526
L2_6TOCbtZE,1741,not_humor,31,0.3546646065979956,0.27183691913922947,0.37349846379290663,0.02246867608975604,0.08542124384773835,0.07187039778059003,0.015438891107483105,0.0031437019382381903,0.22091499710973772,0.10613046256795285,0.11771183139118817,0.13739572059092742,0.22233304574582424,0.305917673143408,0.03505383639956915,0.07545740926082456
L3-FSLnFA4A,1742,not_humor,1,0.23568905889987946,0.6833525896072388,0.08095834404230118,0.0005548520712181926,0.005855320952832699,0.02327829971909523,0.00046241225209087133,0.0002529628691263497,0.15315712988376617,0.004083812702447176,0.004054697696119547,0.002468240913003683,0.017221670597791672,0.8771387934684753,0.027106180787086487,0.0679265633225441
L5ihmu87xTE,1744,not_humor,31,0.11641733124551754,0.47669783192536525,0.4068848406295142,0.00020853757544706065,0.0013772520272346633,0.0004784781349665155,0.00011516758968355134,0.000144268118967903,0.019818564354922744,0.03879399436541022,0.042199556497977145,0.03508005437681511,0.1138174719883189,0.6019984496937644,0.02639371774069244,0.14171675962185667
L7mN6FSRgig,1747,not_humor,31,0.5542786623982172,0.28310278610837075,0.1626185530706519,0.003701482037638104,0.053371940563891024,0.05510614446604684,0.003748111930983742,0.0006488900987953398,0.18803924342970393,0.1359288329727978,0.2002407144755125,0.04787223051948052,0.018941357437025515,0.4120485594105576,0.11851530299792366,0.06645301842663978
LFswK_KMtPA,1752,not_humor,31,0.21099575245452504,0.49101495579065335,0.29798929919038086,0.021684077750955287,0.00993776664601624,0.026406972348922864,0.0009519185621156207,0.0006510227059123046,0.09847983116877355,0.06396819945544965,0.10605081366825729,0.016031685253349883,0.19610826556210317,0.42681188499855416,0.04257875431569353,0.14845039636918134
LKzM7B_XrOU,1757,not_humor,31,0.7065067927788703,0.17738778126095572,0.11610542697411391,0.008590235190856601,0.17161182654437593,0.18154427301628712,0.008444440574572993,0.0012918697271567408,0.3065014367757906,0.2722411859900721,0.1124510359424617,0.021128205026710225,0.013771177064852728,0.34611891729817273,0.09209829143759224,0.1421911891609911
LMigAiry9b0,1760,dark_humor,31,0.29859137336813635,0.4989536500746204,0.20245498674170626,0.011595256606421073,0.0210079760112304,0.055666428072013774,0.0030295353015742056,0.00048198020404895706,0.14362338952337123,0.11503406840887281,0.09619997869125538,0.026092894249520594,0.044220343472496156,0.5451184392816597,0.0774515333675569,0.09588274356698798
LOFm0Dy9U0k,1761,not_humor,31,0.22411589141214086,0.38634689503739916,0.3895372086535058,0.0004156280065804059,0.0016858539940233553,0.002081513269654205,0.00028517682080893145,0.0016248241769179941,0.04106883331006693,0.14459825245543353,0.08048678556036565,0.027423347338973995,0.05626677738450047,0.4695050389535965,0.03450707795338765,0.187212715135707
LQXocddiTzc,1763,regular_humor,31,0.18865317878343404,0.597807066334832,0.2135397540104966,0.0003264864733923347,0.005292838700341001,0.022031927185091792,0.0003344235003403869,0.00016287896564350494,0.04441724367244469,0.06929342283476744,0.029443783219903708,0.07615636451725638,0.07609904386598858,0.5689603007969356,0.03149159768626334,0.14855549496508413
LQmUCe6EOCI,1764,not_humor,29,0.4991856113011981,0.3297263380011608,0.17108804567171068,0.019473946037108142,0.06968467796506392,0.07056374297575656,0.003697494797836106,0.0020610780271015064,0.2165948183994323,0.26841881741159435,0.09713304431402478,0.03681254581596445,0.07872710141337252,0.39546235856311074,0.06612807894446726,0.05731806285872028
LUe-ElvZLQw,1767,regular_humor,31,0.48497962128491173,0.4396099106919381,0.07541047526343216,0.00495929544370982,0.06473713467552912,0.1584210756442307,0.0129107986600326,0.0006905361897811565,0.21824518050960895,0.16210412816144526,0.1082796500056922,0.008579039123780545,0.04197120333781406,0.4527495202097681,0.02574704882628735,0.20056940696292347
LUi5LQ4IpaQ,1768,not_humor,31,0.43309842547281613,0.3025810892783826,0.26432048762217164,0.0024986297343744927,0.08061450666460704,0.13649263892476748,0.004221569279193758,0.0004815720359704668,0.2200726805885713,0.16681127308777743,0.21432769741682756,0.03843006840155971,0.08412099706249372,0.35715957815127986,0.04639549592449781,0.09275490717752086
LV6Sowom8bM,1769,dark_humor,31,0.1436282113615063,0.45093744088925664,0.4054343567019509,0.006579399105131386,0.002591721629517363,0.003804356012786288,0.0002485291434793673,0.0002963404291339459,0.04222649352009138,0.03788422264399067,0.05468570145838443,0.022762054160627865,0.1912544744780227,0.5311462054810216,0.03110801016220883,0.13115934013659436
LWfyBH1zTIg,1770,not_humor,31,0.2835011652430459,0.3256580323401478,0.39084080702835516,0.011951198347472405,0.018683576016149846,0.04953198491374121,0.0022665162914856938,0.0008122104808271322,0.12850838885529928,0.09023662080477562,0.10195910120044925,0.018180178390109852,0.1729770078804464,0.36787403780486316,0.0626074142618886,0.18616564269928682
LYXFagBFB1k,1771,not_humor,31,0.27465563390644326,0.5319005094708935,0.19344386557537702,0.0026263634401050605,0.07687563369061888,0.09120436243744823,0.0018230520487826829,0.0006171362997960269,0.192486172254693,0.16609642227300472,0.0579520839936806,0.06200427624336895,0.08712635056356029,0.4909538983878109,0.0421052225790317,0.09376175313316766
LaVVGCLgAmo,1772,not_humor,31,0.2610653968482849,0.4025883875006149,0.33634620995050474,0.00045970163492095324,0.011324316140211697,0.03555551230965648,0.0053360086716448644,0.0003374250422160502,0.057638430629947016,0.1047345009827686,0.07151911833376114,0.01626933950483949,0.15628823203470318,0.44255400860622046,0.04737397151127938,0.1612608245453767
LctzaMkiPnU,1774,regular_humor,31,0.20446750203958683,0.41093661147920835,0.3845958722034289,0.0011771448043873534,0.006439770425898924,0.04013237527913354,0.0011684161832935416,0.00041589211421876006,0.07101642506782926,0.06798340094035431,0.09263089215833574,0.06319433985082733,0.10269554742732115,0.5736405928769419,0.029958672701351104,0.06989656433448076
Lep9nksL0XY,1775,not_humor,31,0.24456450766733578,0.4739273033375221,0.2815081752356022,0.0015062919598177917,0.004546461157470701,0.013707883594531355,0.0012135949749086472,0.018956051374252346,0.0929723876179196,0.1766610331683149,0.11868151719963568,0.09256970221852703,0.14464367355310148,0.3404778418011002,0.03162445020561497,0.0953417748828689
LoZcji918Ng,1778,not_humor,31,0.33826435937906707,0.4416721217454441,0.22006351207833616,0.0002831365141431771,0.001147593411470523,0.0010034777355500527,0.00012673864459371073,0.0002287895566100375,0.02806714888767249,0.08450366307290332,0.07777518211608572,0.16506403879142337,0.05679962423539931,0.4896937465753346,0.01862906300342612,0.10753467459336764
LptRp34-gds,1779,regular_humor,31,0.17799952659275262,0.4504721504786322,0.37152831373556006,0.0006587367951719751,0.00890154633042027,0.005267531643884497,0.00020924233925348568,0.00023461466339687185,0.07003387306899493,0.0628606334944526,0.03723074584981547,0.04702923413283462,0.1698606830773755,0.5005436949319236,0.06347503465029501,0.11899997494108375
LwPbPPNOrK8,1783,not_humor,31,0.5874358018439624,0.32368609837947354,0.08887808912643982,0.005328002722366833,0.11415296586112104,0.1290917853977824,0.03132091065978579,0.0011798145196441892,0.24967002654786133,0.24584028026795074,0.10672218161409781,0.06238698786980803,0.08059353604837652,0.2941802518532401,0.056562342545798706,0.1537144184337869
M189_pr_V-Q,1786,not_humor,31,0.18109695545037188,0.6174581035250618,0.2014449292703742,0.00022760729329855813,0.0011651017055321004,0.00147998608665676,0.0001230826364330677,0.00013701048409265856,0.01792332085765778,0.04518934833862248,0.020390283113585844,0.03595576213950652,0.13592353575081834,0.5814929878519427,0.02374900170722075,0.1572990846790133
M4egvtiFkl8,1789,regular_humor,31,0.1996056877316967,0.38550121253055913,0.4148930943300647,0.0002587060767954456,0.0007166205299830424,0.0005336674437257311,0.0001113269355564919,0.00015363019713643758,0.013936256364573754,0.05032796790492871,0.06390746989505246,0.03520607962010188,0.11476348250383331,0.44885815408891966,0.0496585737282951,0.23727827548469987
M5GKPUtvvFo,1790,not_humor,31,0.6993978718115438,0.2504809789599911,0.050121151106131655,0.01840603083368361,0.2038963652852427,0.18562943767192924,0.01887917963740033,0.0008240744998235436,0.37673591642129806,0.253981581303261,0.25953899822648496,0.034694792650219415,0.00997990167008773,0.19466613398324098,0.0363152148126955,0.21082336431924975
M5kGN4e9_zE,1791,regular_humor,31,0.18004548921430064,0.3778353538364172,0.442119148499783,0.016314765450642293,0.03188222333096013,0.02718944313622365,0.0016157870064020126,0.00038427149270465897,0.06395692186760565,0.053369025436920986,0.062196007009685764,0.00853787458712055,0.21672691358628893,0.40660783256434146,0.06820330161586284,0.18435903927010874
MDV9030bLEo,1795,not_humor,31,0.6343448130534061,0.21076249535525998,0.15489269277801918,0.004152192496187654,0.0833320834325634,0.03960024394872298,0.0009368130209153488,0.0005702322615111518,0.24486310071792575,0.2133869626559317,0.23028631055457216,0.054837065373337074,0.022666747133517937,0.35460611036227596,0.04824116054712044,0.07597564267475278
MEMHoLkSFq4,1797,regular_humor,31,0.5302012481937005,0.25760794424962613,0.21219080126273535,0.005469464034596909,0.10684350625829651,0.0954342485347297,0.003306221227009495,0.0006529476360752128,0.31787730592318,0.08456484055627257,0.22836911351600242,0.015595363573201241,0.14016856693741564,0.31742315330061943,0.08849587405641232,0.12538308678607968
MF_x41nKTuY,1798,not_humor,31,0.1292739863837919,0.6851994674051961,0.18552655107792346,0.00017437619164646152,0.00038941858445234117,0.0007508016044026121,0.00011538355418803891,0.00014171169295291145,0.0084408906085657,0.03038422338995001,0.012677228036937454,0.005723553150141191,0.024026985032363765,0.6181556916525287,0.11254274492121992,0.19648957381685894
MFpWEKN9c6Y,1799,not_humor,31,0.08833921625609359,0.38706469631964163,0.5245960819865426,0.0005909307529368709,0.01935874159361476,0.005817904212651023,0.00023586000175020025,0.00018995520452247752,0.03961742731682476,0.06488197786553253,0.05081458772615259,0.06986526663099686,0.05202163381862544,0.6434509419505635,0.03735381542074104,0.08161177508713256
MHlNo9zJRI0,1801,regular_humor,31,0.2631466658034873,0.39401763545409324,0.34283568722105795,0.04175531162998654,0.055360072340267984,0.08813887466009962,0.006226145160560977,0.001059523941582865,0.19890782703089738,0.06919900620836884,0.12922728362102662,0.015392944650469167,0.24495969394845288,0.41291053445198606,0.061849765156606035,0.06646076960098599
MNcDUDBQL5w,1804,not_humor,31,0.3940191305272521,0.3825646528313237,0.22341622358127947,0.020470998748468475,0.050421205813988984,0.03050123786529331,0.0015150507444500803,0.0008757857787948583,0.10426617274060845,0.12490683362909383,0.09951005940092728,0.03703209874971259,0.03184099910375211,0.5309527831512594,0.0506167879568473,0.1251404461180491
MTeNSQwWqWE,1806,regular_humor,31,0.32287886412063194,0.2646603335836722,0.4124608015220973,0.0010884340562399538,0.0063844230687884135,0.00758073013651395,0.00026876474341054656,0.0003759528659546988,0.09366952646110628,0.11786564708792514,0.09026366723100504,0.01772502988047387,0.19687834948361402,0.2880933681848429,0.12198155433420212,0.16719237470909232
MVZo1C2xL78,1809,not_humor,15,0.07679843832738698,0.3257318987821539,0.5974696626265844,0.000725266902979153,0.0027196607765896867,0.0007096010202076286,0.00014170067588565872,0.00019444790329240882,0.03234082252796119,0.045119372902748485,0.06734960646911835,0.010806938408253093,0.41168793885347743,0.34868023668726283,0.037275711602220936,0.07908018144468466
MYel6s7_geo,1810,not_humor,31,0.4551235170013482,0.4088183982718375,0.1360580897739818,0.023559573887107565,0.0619542584594925,0.11596877911295216,0.0048205982741144964,0.0006897456215454206,0.16042715351795778,0.11659748671245912,0.15607303266053,0.01991389595880924,0.08930580371299819,0.4072767753123997,0.024248327267536472,0.18658469805884506
MZGHQU75qlU,1811,not_humor,31,0.43757293117983687,0.3906482405239536,0.17177883532619284,0.03340142274382449,0.09830666521532205,0.03715086859864964,0.0033697264147884843,0.017910602214537757,0.20819160949829366,0.10222414736786196,0.12964865840941428,0.04957431981024603,0.012545064230629753,0.47375995551626526,0.08696836514037944,0.14527949902619566
M_WtFNtN1-Q,1812,regular_humor,31,0.2712192827415082,0.26474324142139766,0.4640374802233231,0.0031013919262125366,0.06266918702327061,0.12638230100058154,0.009493090255531453,0.0010755598676980534,0.19434954779740843,0.10812009193543945,0.10819574030521777,0.021944214719452806,0.2704948714611331,0.37527391104207886,0.028104200298267025,0.08786697537007351
MdpP_lymCyM,1814,regular_humor,31,0.26500246516849485,0.419253857626069,0.3157436799017652,0.0010062812211652917,0.025883558953102046,0.06360268939076172,0.017943394865846306,0.009651447529904544,0.1083121343624718,0.1350423558164508,0.09622357810111416,0.024802994677766917,0.16726229400111123,0.35785575502461964,0.055652511903204985,0.16316051996733633
MiWPHbsDYoA,1816,not_humor,31,0.1370800157986401,0.4093791837052953,0.4535407970449136,0.0012922921314677824,0.01061848933327823,0.033294911516526145,0.006075285698311598,0.021405920004209263,0.07762718874390327,0.06011163866552975,0.016353179405409573,0.024972890813519517,0.3277182615241937,0.4216724738118149,0.049212493152628024,0.09995905131161693
N0HqZ7lKuU0,1821,not_humor,25,0.2677450059913099,0.5443393610045314,0.1879156319797039,0.00032587469439022244,0.0007231544051319361,0.00039037975075189023,0.00011679440998705104,0.00012729572103125974,0.011295041528064757,0.026320125237107278,0.024866783586330713,0.008496650020824746,0.04903687996789813,0.6313156605884432,0.08983986346051097,0.1701240188162774
N2aNyzKufQo,1823,regular_humor,31,0.44469165306298003,0.2542828060085735,0.30102554563012335,0.0055790495126500665,0.19470153651209623,0.33145131502814984,0.01802558465527498,0.0009974815550395438,0.3870729320558659,0.25591382359515036,0.18474555623927905,0.04180464412521331,0.022406009506554372,0.2795915977706412,0.11940608425216089,0.09613229615628839
N34JXCEWtsE,1826,dark_humor,31,0.1984890469410006,0.47934597772696325,0.3221649725230471,0.0009023299545890862,0.034852682775723925,0.06980210196061601,0.0026110651299184667,0.0004817854139893766,0.17359566364827897,0.0752763290018324,0.054170377079337355,0.04462075249231871,0.08367623644129883,0.5520317350183764,0.05856941093600566,0.131655162440673
NFzwglXQITg,1830,not_humor,31,0.21706601824130742,0.4186248768481516,0.3643091003140134,0.0007705248041724365,0.00402495420853337,0.004512600753279854,0.0006719833597139034,0.011834045453842038,0.0670482984053031,0.08187313254682287,0.07909061160734704,0.03123932283544432,0.16641034332344368,0.46331035846754187,0.07023457470800608,0.10784163835248159
NLf3CvSxPSM,1833,not_humor,31,0.48736953661747034,0.31118885355611003,0.20144160422346286,0.036530858073796656,0.12493022332801634,0.07810462247664784,0.014781762573083172,0.004455349163524055,0.2527117030113004,0.10926659152122034,0.11287620262103906,0.056507898530276914,0.13135914622445502,0.40709240968909954,0.0792191888340899,0.10367854562918505
NLodEd3ciMA,1834,regular_humor,31,0.1864661589234827,0.569416098416813,0.2441177480223198,0.01344479939002814,0.010494942332321268,0.0039120234047708615,0.0004800939765822653,0.00030759027586393657,0.07680257363244891,0.08057458371284508,0.050809513143781994,0.02502964975898184,0.12395674888525278,0.44165571021937555,0.023934900730607972,0.2540388747283648
NOvHlc4h_w8,1835,not_humor,31,0.5859613480391882,0.25251722678301797,0.1615214115459352,0.007381331724313748,0.10579755555954762,0.08359534900932152,0.0034233311727744405,0.000916394728964435,0.26073083932691765,0.1729058339410732,0.18299621113786294,0.0559593363244447,0.047464395134386814,0.4029936554931825,0.02845775058132506,0.10922280414735959
NPdzwn5hqgw,1837,regular_humor,31,0.5072447025787926,0.3462362659554328,0.14651902972330008,0.02313020925043196,0.09613078535908097,0.1392232073562956,0.018173896705716727,0.014834710236989908,0.1785715845819082,0.18836180560456048,0.1624370725194533,0.008750638334951814,0.06774731534683416,0.3347825273240526,0.12703605386759004,0.11088457157940514
NQ2j1jKysBs,1838,dark_humor,31,0.23246964429234784,0.3920534415651233,0.3754769196553576,0.038866424037428994,0.033054534025723115,0.0559287789792213,0.009230916184136614,0.0279428111661541,0.1789798724799297,0.117747685834465,0.05884660686546516,0.05548913111992841,0.12680276938443702,0.4385384083274872,0.05403417623752067,0.14854122896588617
NWBt93duF0U,1841,not_humor,31,0.32153417258673617,0.4254575353115797,0.2530082833742903,0.00347449860653855,0.054871516644902106,0.0668070387511116,0.009457883758108026,0.015283705458944408,0.1561992479480743,0.07650967917945836,0.11806310736574233,0.015108617788721477,0.07912638400410933,0.49446254463926437,0.08997355875438981,0.12675610083275504
NZPBC6-hkCE,1842,dark_humor,31,0.27907238615256164,0.48297086802701794,0.23795675498343283,0.0007420458348332754,0.013235655930099798,0.010662870289149484,0.00031292930619993936,0.00100109065345849,0.10082374272807952,0.08319708581022438,0.10287432990322311,0.03909468150607521,0.10256894172034076,0.49449083172986585,0.020970843251674406,0.15680328284900996
NZvRgyJY0IU,1843,regular_humor,31,0.3459812940338687,0.2870192279017741,0.3669994724163365,0.0028748650215528605,0.031324633592439276,0.00642930906812375,0.0008651017497252342,0.013048881633186548,0.1141910188842655,0.12007120085669862,0.04852287110782439,0.013082799522371421,0.14606853877194226,0.4527427185206644,0.05405272671862716,0.16545914167598372
NgkjaE2RFbI,1844,regular_humor,16,0.22166697267675772,0.3257828744244762,0.4525501565076411,0.03973439074434282,0.017565225383805227,0.008092939715425018,0.0016668315979586623,0.0010463951648489456,0.08851832873551757,0.10228498582728207,0.03985714403097518,0.01229936329764314,0.12852760357782245,0.4204731193603948,0.1155677192582516,0.18099006419652142
NjlP2_l1Wr0,1846,not_humor,31,0.11107800276799788,0.31188374192964646,0.5770382624600203,0.00024511944690358735,0.0013365553215055938,0.014185197810049078,0.0002111765723149743,0.00017481076675692514,0.02536753501232353,0.04975287028918824,0.04647390329609475,0.09449869582069016,0.060100183747107946,0.60567341240183,0.0739149539280803,0.06958596303217834
NkbZ7fwr-1E,1847,not_humor,31,0.3382713354282802,0.3802634777140714,0.2814651932266931,0.0016496000941016622,0.048596028763812124,0.08383244430531762,0.0016709139745216817,0.0006915078516730348,0.15341124186224694,0.0945904059973996,0.10822973514892041,0.03896512373748626,0.09320066503677217,0.44187299901198956,0.060892567752049334,0.1622485107471866
NqibhBQ-nCw,1849,not_humor,31,0.3891526576086518,0.2367979206385151,0.37404942387835155,0.0021232931274778,0.02734735211584672,0.03294044794212471,0.0015155440278542829,0.0004073937708463129,0.13023798265156425,0.18907830954319046,0.13069485388545982,0.018965318085505598,0.14247780464140833,0.34551187816466533,0.05033549656265325,0.12293634107411508
O1YpPrK47fM,1852,regular_humor,31,0.24247223171856133,0.44877590984106064,0.3087518628566496,0.005312234881022314,0.008602967741148125,0.03097766546970008,0.0004982313067528359,0.00026421726567693235,0.06383163677040307,0.11382199618064108,0.08664319144501802,0.009662207929537661,0.11865242843275829,0.4114095299174228,0.04980195048565586,0.21000868131616904
OAfBGCyT5Lo,1854,not_humor,31,0.13603494406467484,0.5169173144404927,0.3470477324219481,0.0002950305375458312,0.0009540471106564867,0.0013664279057035943,0.00015968966650806607,0.0005888714722166169,0.02734338369355687,0.03083704083767389,0.04703823421075339,0.02569177986926309,0.11938806746395365,0.5276486135778888,0.04822189856560961,0.20117436287804477
OGaztz4JUnk,1855,regular_humor,31,0.241124608779266,0.3198088914336216,0.4390665030767841,0.0005086154654441822,0.009386068264927504,0.017749429158415767,0.00032231335940342696,0.0007138876218607859,0.03625177086007992,0.03450485798079641,0.15174497984116897,0.032322377848979685,0.24995385312415178,0.3504109446620268,0.033951409784476125,0.1471115730612749
OIK9K2tadp8,1856,not_humor,31,0.12295606831509259,0.3355621132518976,0.5414818277762782,0.0006510426305354603,0.0019873294236716784,0.009640298778146145,0.00036947432489532436,0.0003111724114616311,0.045075344590229854,0.05196875294355015,0.05790570328733133,0.01951178794655378,0.21960923892460885,0.4831629257739311,0.05732379770357041,0.11051780287356626
OLrC_L3mmsA,1858,regular_humor,31,0.208836741249768,0.4160119603357969,0.37515130918473005,0.0029361286607097773,0.038863595154027514,0.022750457063891866,0.0008791447563130679,0.00040856618861359877,0.10732703586108983,0.05907358921643707,0.10439506937344108,0.021480321660712964,0.1771665160401514,0.34289550371167643,0.0747356648827272,0.22025332389204133
OMoYymsDfXI,1859,regular_humor,31,0.21745518634035702,0.2687610423252467,0.513783770282903,0.0009588340434411,0.0029137196284981684,0.011751338960171016,0.0002577023401353208,0.0004612784593313512,0.06492489373176208,0.03109409724692664,0.16291300448468857,0.045486000017262995,0.19260739007656794,0.42206501125568346,0.04966100890399708,0.09617350257429925
OOEDj6Pp1Mg,1862,dark_humor,31,0.34061042944930736,0.27444890351785767,0.38494066521525383,0.0011885122047744752,0.05290567769759124,0.0938958398990273,0.01591227817980032,0.0071698108978096335,0.18121099311880948,0.1252760756009769,0.07328721104685458,0.05662502851825388,0.15276472169470282,0.3967541056655107,0.07863249558760153,0.11666035907523285
OPOWZq7guOI,1863,not_humor,30,0.4569769668082396,0.3414926239599784,0.2015304202834765,0.001195890433640064,0.033039733023906594,0.010670509257761297,0.00034142891308874823,0.0006896282580176679,0.15656278325865666,0.20072200829163195,0.17879484673418725,0.042737091231780745,0.09339267851319163,0.32539580853966377,0.05077152820304036,0.10818604125330845
OXEP0HiZ4pE,1865,not_humor,31,0.2917155622159161,0.37977694632906106,0.32850748715141126,0.0019017914455616847,0.0186447802679463,0.046267041883472686,0.0010903648090466195,0.0004660906533019677,0.11880607243754991,0.1715295776394346,0.08823929084540014,0.013994731303800138,0.17593280394043354,0.3759051402730326,0.04156057677051473,0.13283788729759474
Ob_DAW6LSMU,1866,not_humor,31,0.5433207597027743,0.2238513955305661,0.23282784532995954,0.01122325491826726,0.04980092904166198,0.05533662474256069,0.007912205774177452,0.005789660202290472,0.16981583968886443,0.2732722274208021,0.12746949731222085,0.05509219631072013,0.07636615368462499,0.37440551764842483,0.06281269668421198,0.03058170694519856
OgopfeJ0wQA,1870,dark_humor,31,0.20046801363388378,0.3548226855214565,0.44470930877592296,0.0018558319918097808,0.0014437773051829408,0.002348580138547526,0.0004462088280331133,0.0073234466242044416,0.03766614039270808,0.0681010648803485,0.04592551318027319,0.02369500016568289,0.22556041300507082,0.49950443694908775,0.03725647740817118,0.09995708826388564
Oiyk2dnEHNk,1871,regular_humor,31,0.38510239359381937,0.34274667955093807,0.2721509169036102,0.0006481820572873637,0.004559725215527109,0.030239034059172075,0.0004768825352995566,0.0005104881415571717,0.08244627382561204,0.10821184824641433,0.08621332216106596,0.06716592228340526,0.0698855924964582,0.4834918717162744,0.10448906402434072,0.08054235420610395
Onwuzbe6Plg,1873,dark_humor,6,0.7145835955937704,0.24340966964761415,0.04200674950455626,0.0052224479635090875,0.26194520871164667,0.19789651803390976,0.010742982839777445,0.0010949694284742388,0.5677633582187506,0.17719469716151556,0.149812253502508,0.03153967275284231,0.04635844364141425,0.39349373802542686,0.11240372791265447,0.08919747732579708
Ow-pQxA2s4w,1875,regular_humor,31,0.1623247256277189,0.30716400425280294,0.5305112632171761,0.0014866399907341769,0.04496120608922455,0.07247779381859507,0.002454556236766474,0.0007008991038498109,0.11115836878419824,0.045183727367510716,0.05031125348872475,0.17177644131457312,0.16038471022470585,0.4072078409409451,0.026308826133308393,0.13882719267219787
P-FzYHOA04g,1877,not_humor,31,0.4717796486652186,0.34426223150184077,0.18395813386286458,0.004735319135849544,0.0512274884212304,0.03660815339084835,0.0011988617726244903,0.0011468806600708876,0.11569350531076893,0.06480759410788456,0.2178669938171703,0.03986302097403114,0.04114551685427526,0.449993934910444,0.052929136699305906,0.13339378629931278
P2krQTYuscY,1878,regular_humor,31,0.2870793031348336,0.4879917431502573,0.22492893869357725,0.03117916848362168,0.059916049593143283,0.09316158317350558,0.014833941317309866,0.004511680308731288,0.13745306462289825,0.12974961850071146,0.07092049739308535,0.056811256480643585,0.07339331242556293,0.49596884477162556,0.038988306547605225,0.13416814522427176
PMDnyQd3Fl4,1882,regular_humor,31,0.21031929620151077,0.5418184356343362,0.2478622617200017,0.012684584280284452,0.03571323653628614,0.040168091742558434,0.004399685347086615,0.00040574177358892837,0.11721008575724197,0.08082123308051978,0.06087450242240823,0.04384551215316019,0.0948493428257925,0.4898845080526606,0.037821414429814584,0.19190350163262337
PO9yyS367p4,1884,dark_humor,31,0.2880364253426031,0.482673610560596,0.22928997282419475,0.000871840387492651,0.014195738684652643,0.02332206884626254,0.0005395760198288988,0.0012767694654851971,0.06222578119899657,0.10456524280110194,0.09746462875703019,0.019465275649582187,0.04554903946418856,0.5256437356208241,0.07437621446086033,0.13293585204519331
PXevNM0awlI,1886,not_humor,31,0.07585507782266265,0.5416838287586166,0.3824611030398838,0.0002466272328033923,0.0006037078550904088,0.0006626253696947149,0.00011952820556959318,0.000161910560564138,0.015153695089412072,0.06412608892987331,0.046475201699649915,0.06030695785527989,0.05672937105484908,0.6054152448571497,0.049532641934591434,0.11741447925657755
PfKXhuOfpTE,1890,not_humor,31,0.3725766923143378,0.4482649348435863,0.1791583684182936,0.003851890196881047,0.06303024225053377,0.0942884495795419,0.002211748596539931,0.00046261110495130023,0.18502116184155906,0.12646110810624855,0.12352029842910386,0.039385069088424526,0.039176233240493366,0.4747112681601016,0.05814186109590434,0.13860415341144788
PkI6NHxmyz4,1892,regular_humor,31,0.37038479930150414,0.3996962716262187,0.22991893197139424,0.050250691005438115,0.08291316947725136,0.10398838887105681,0.02773592522346242,0.0019875984972684583,0.18030192457409877,0.08651422221033324,0.13123840836041997,0.015569011245163219,0.08401394422887073,0.46304828712656615,0.06349365953205814,0.15612244806552847
PlCNbr2M54k,1894,regular_humor,31,0.315769498919948,0.34846846930562486,0.3357620364685933,0.003167895150498577,0.009517307828871472,0.03306113303011854,0.0044537038711789665,0.0008164834244751312,0.08637684642247134,0.1306272038660433,0.09812959576130754,0.033137964470604915,0.13776802346711198,0.31389901670627296,0.1017909569162575,0.18464724186642636
PlNzR3BxvY8,1895,dark_humor,31,0.32205182966595935,0.3899277897191144,0.2880203766568053,0.0017917391749271642,0.04456871527814186,0.08796423290116381,0.004297356332948942,0.0005164733532095147,0.1498094337256325,0.06353278656024486,0.12421542961683665,0.01377720705556473,0.12971496832511958,0.30557397396994695,0.07386849894969454,0.289317132661029
PoqTeD3dZiU,1898,not_humor,31,0.336527741228741,0.21992383768121082,0.443548409313324,0.005242377984799414,0.01384641072429311,0.026685055925026385,0.0006891932928063456,0.00109591924692429,0.08571890476647945,0.11161704536437267,0.08321530606988217,0.05706590710155245,0.1579089695775521,0.37941694568331924,0.16304857885434984,0.04772724535676741
PqB5Hp8Ob9k,1899,regular_humor,18,0.1552442665884478,0.25566235929727554,0.5890933726396825,0.00034974654651402187,0.005139039091267882,0.05155550404500294,0.0024620372892564368,0.0005211967096935647,0.07287202854382081,0.11002002156520677,0.04941222091050198,0.03965301126784956,0.08575281826779246,0.44844373496663237,0.17205573023400372,0.09466244678737389
PsrpN8ZOVWs,1900,regular_humor,31,0.4525250866708736,0.39319529522570873,0.15427961110347702,0.007498979592421693,0.03238320900146068,0.04003736249550486,0.0011881509504277229,0.0004617559517951562,0.13532601819644052,0.13107382835662593,0.1575251218652533,0.03651443407345083,0.04209163578061928,0.33045478955271745,0.09857977369064165,0.2037604170505919
Pvm51xFwuJA,1901,not_humor,31,0.37047012312518013,0.27293669675747234,0.3565931890400187,0.026399989784207014,0.07690315787500192,0.11094132403377444,0.013742227451368836,0.0008601569101184366,0.17905949235653446,0.09918937763770021,0.14855159234045254,0.043185259413627546,0.15258079780558606,0.383307836506696,0.0739883332900072,0.09919678713495453
PxoBmf745bM,1903,dark_humor,31,0.3286676620088157,0.2608742806459627,0.4104580443893229,0.0024755610136180032,0.040509917287460166,0.0832368313652208,0.010889009469763315,0.028592685911843867,0.18646037484511674,0.11048317793756723,0.07858280349342574,0.036122302930321426,0.21358210141319903,0.41998872695670975,0.06134849268522474,0.07989240690104422
Q4PRRrx-lzU,1905,dark_humor,31,0.28646157935051425,0.3852249820446295,0.3283134467389074,0.0018323773354847704,0.06966681821758093,0.11563488328829408,0.014652180509837043,0.010857272982379542,0.22015690302190882,0.09961433170153008,0.0733978429474988,0.08405345987768904,0.10585151022795829,0.41237292650546276,0.026710666464491477,0.1979992736371294
Q7YTUdvGaT8,1906,not_humor,31,0.13688792784758394,0.40615253099390575,0.45695953828192526,0.00044099328337207194,0.0010818825586841653,0.0017117572940825935,0.00016814696385652848,0.00034775356283306234,0.03394241660134867,0.10975427085143183,0.0369545444104475,0.0354178553679958,0.2378392873835119,0.4358683286625291,0.038400770615666144,0.10576492427442703
QE2UtkmIGgo,1909,not_humor,31,0.333821237958487,0.5227680309645591,0.14341073218853242,0.0010149294056088453,0.006832454843172473,0.01639475109761641,0.0003583204447603484,0.0004007350371759986,0.04415634199939368,0.02910126721291172,0.12383046357952539,0.020569799896029216,0.01535859517377591,0.573639117902325,0.053489658564719704,0.18401108537199756
QEinMM8J5hc,1910,dark_humor,31,0.3435726259504595,0.4411538337026873,0.2152735437416742,0.0025102353697988174,0.026780305006879293,0.05864847325269253,0.0015090382031273967,0.009923819377417526,0.13822912008336355,0.1303344333484288,0.08414407021313484,0.017974402053251622,0.04709608939987037,0.5872327594627296,0.03292110797408367,0.10029715345421385
QFY_oqF1yOY,1911,not_humor,31,0.40045919243787087,0.3164440363405212,0.28309677382029835,0.02468827035655493,0.067678292522267,0.048547149347629576,0.0028526636247519373,0.009254822643866177,0.17156927583686588,0.13740996836924985,0.1314752539770017,0.029220255735825987,0.09279344037115093,0.37363827064813626,0.10153223852807235,0.13393056122661237
QHUSt-AiSlg,1913,regular_humor,31,0.276461606634961,0.4784593752194797,0.24507901326362644,0.017713916782785447,0.032930080562495745,0.09670787268119203,0.007767009254753395,0.0006461812032108766,0.16347831532719634,0.1375592259029227,0.07456331959955635,0.009103220384267549,0.09428890542157235,0.4638391528278589,0.06246806177941541,0.15817810440315835
QJCY9F-Jxrc,1915,regular_humor,31,0.20803139722275157,0.5519413434329533,0.24002724363198202,0.000259014735591688,0.0008777762409262059,0.0010063652964984818,0.00012362649947810438,0.0001550175239249403,0.017884425259375523,0.08430559211035049,0.04694977195392693,0.01301049270794817,0.10746699238886996,0.5513923546719935,0.028044834109624068,0.16882995133393355
QO3hbm16n4E,1917,not_humor,31,0.5517939017905343,0.3692602076597752,0.078945892066845,0.0038403921522155043,0.07382987798407539,0.1283286318831679,0.0262953521380569,0.0015836594212751446,0.19618112391101256,0.14968458962656797,0.0757249934061791,0.07071525522042066,0.025170767471389546,0.4782166751101613,0.07318137417126808,0.12730633936852456
QQ8ZN46Val4,1919,not_humor,31,0.353007395624093,0.25293120892057497,0.3940613973104665,0.002253454841387969,0.027222910636356252,0.07027118844346278,0.004237056784932652,0.028029499128845805,0.2077869061970212,0.13438021219635923,0.1839669704317085,0.029084965928397592,0.19648594047025508,0.2629784907124216,0.080160244811146,0.1129431665214079
QSjCAu-L98I,1920,not_humor,31,0.21914854005820328,0.5103047545398435,0.27054670077538295,0.0011289409890342804,0.03654397246869086,0.02204087394995675,0.0009548987429532703,0.0017258782681892626,0.08693184408231548,0.053387928438643296,0.05911212273678111,0.03120638663700271,0.11255424010807709,0.4353011644054805,0.13074908058549609,0.17768907334445225
QYfqZ01XNG0,1922,not_humor,31,0.21783001171875624,0.41334693031685965,0.36882305950407057,0.0036470664035145855,0.010794321511639282,0.02526870503366339,0.000662174157755104,0.000543157821436668,0.11226620987966476,0.07192860152046647,0.05009998068881912,0.05439686489145031,0.1679439876048315,0.45963591524970626,0.04946326515487125,0.1465313913330676
QcKNrNR7urM,1924,dark_humor,31,0.28282275247657973,0.4338281472183524,0.28334908914421836,0.000892459855212139,0.015785058135084146,0.055690797100279237,0.007197981120102228,0.00046765268874174407,0.1074259580646251,0.1341939225883013,0.056325964678469446,0.022427623216513422,0.14116321714414704,0.41259823159705244,0.040394877414068865,0.19289615651172015
QdAm1-H9HSc,1927,not_humor,31,0.34748175097329004,0.4504803312161276,0.20203792189638461,0.0015728827349976787,0.002503468286557754,0.0018584277324055533,0.00018842232666136096,0.0002471503328471895,0.030669309886082286,0.052198608105461446,0.14994643000705588,0.05718389512114828,0.05506172826919224,0.4674038867120661,0.02841640812074465,0.18978904506131525
QpHygFHoHAU,1931,not_humor,31,0.3942813850308378,0.3827790373695954,0.22293957937208395,0.028084353550859247,0.04466051530119242,0.06670378964542667,0.017883750473218593,0.001961701744162823,0.11878589228276283,0.08665144337987106,0.16223862366149983,0.033294433994489094,0.1491163300909853,0.285730900212882,0.1243742776568979,0.15859399543654534
Qq0ts6y6ga0,1933,not_humor,18,0.2602347848781695,0.4349385727610853,0.3048266501476367,0.000812495305985471,0.015253718427427683,0.06701894178210448,0.0010039360256794477,0.0008046524316240619,0.12585361846140586,0.05000246670614514,0.07271213980857283,0.06047056531274898,0.09866334592354381,0.44519255289600956,0.11061499412688944,0.1623439057212737
QqTVvMdlIqA,1934,not_humor,18,0.11230533658009437,0.3238901367617978,0.563804522725857,0.0005452412086823541,0.0024624053104263213,0.0007471205050630184,0.00013119534034760564,0.00018150509115205042,0.036249261190985434,0.0348182254884806,0.054355155220643304,0.01074629068090063,0.22953199605560964,0.467439866417812,0.010046546942450933,0.19306191908092135
Qqogdy436ig,1935,not_humor,31,0.38757684117844027,0.3152201813795874,0.29720297642052174,0.0768131907712931,0.06677951875955783,0.057603834717038775,0.006474454041087865,0.002597200787755766,0.21100947010563686,0.10789887563535763,0.1575878494974947,0.05483687809488225,0.13247216515047777,0.41945460821772296,0.04770962132381335,0.08003999470477743
QthxxJH6W7Q,1937,not_humor,31,0.17782569437047407,0.30975314953754984,0.5124211566402547,0.0007164225924850232,0.00410926470349002,0.0029388647850400076,0.00020763240548061026,0.0014049145623087702,0.047546134925552555,0.08378284456463711,0.06288873684506173,0.027622579203565575,0.23575291426612005,0.36469577964875965,0.053060019396305565,0.17219712312198093
QuaTu5_ZrHY,1938,not_humor,31,0.2144386311091723,0.33451820158910367,0.4510431711171423,0.007321957366413346,0.007867321183326684,0.027575777391546347,0.0032602945319658537,0.03140010301755073,0.09464610066460145,0.09081606117768153,0.03978968935177451,0.05244386139055414,0.18394180784572758,0.4513090400085334,0.030799108579935085,0.15090042552460106
R1TgTZcKNU8,1942,not_humor,31,0.5517546735974329,0.32335909311809846,0.1248862349818791,0.010247021074211526,0.13300488594048207,0.1306090834090531,0.004193942126866821,0.0022185708463263337,0.29931178010977627,0.11399624545517709,0.2355067688115542,0.04804620745727011,0.11101769794326936,0.26950491944913785,0.09827026020314905,0.12365789438087132
R4pqs3F4z-Y,1943,regular_humor,31,0.2951706595223157,0.37175414711236954,0.3330751933427828,0.005116722988708305,0.004454313330033103,0.027643506236809997,0.0007123610912165004,0.00047133592259694613,0.07685800624688366,0.06274225972893258,0.11025341871690246,0.029683314261004148,0.22041520659601496,0.33131552200704334,0.029578999533588366,0.21601128152331278
RDQDoNRog3I,1947,not_humor,31,0.2701616830703232,0.4330049545293854,0.2968333641427659,0.0006408827372774061,0.020319761959516684,0.07952867951075125,0.009269031718788264,0.000477349896813863,0.13777699721075834,0.08326893986292905,0.1145302017178056,0.04698373233493898,0.07421969500700792,0.4037005025367703,0.022233877826722398,0.25506303702751476
RDhoCbdC8p0,1948,dark_humor,31,0.32562431536855235,0.5558165164003449,0.11855917538125668,0.005548989734961651,0.0240227434541955,0.03150711667718321,0.002067379304677278,0.0015040206154451645,0.13115394115635765,0.08490764097340646,0.10337033765690942,0.018233987303721087,0.05803202308579198,0.5710069976987378,0.027579132106996352,0.13686988658962712
RGbKSfUL9BQ,1950,not_humor,31,0.45962731026473547,0.27402782211861304,0.26634486267463336,0.002887514838103896,0.03264134465585342,0.04289646468485796,0.0016192816575283124,0.00041684880336340997,0.14343537785105348,0.08472449881693107,0.1002995104448224,0.026207389347555655,0.10689085167870226,0.4253779387687363,0.09356163637412171,0.16293816654867824
RMGvMe5pRjA,1951,regular_humor,31,0.18117171154928305,0.4667726487161652,0.3520556303161767,0.012597503020867495,0.013699879973090344,0.03288731812555794,0.0021713408991232545,0.0011137985512182386,0.09096845502649704,0.13474403957145348,0.05037695098848593,0.03375609966761042,0.15942427953104338,0.4399162783257423,0.03433307738704307,0.1474492784454337
RMuyV4reItM,1952,regular_humor,31,0.4500730223127551,0.2657556830634994,0.28417129521708817,0.0012680429185087222,0.016564026205038142,0.026568013290788287,0.000570866079097839,0.0008920485739626231,0.1334368254981875,0.07865546932519082,0.2434086498030792,0.06251458053743737,0.1383580231678582,0.31385343433207563,0.05430977273311827,0.10890007768795194
ROctVNlolEI,1953,regular_humor,31,0.16652201424773422,0.39938532383812053,0.4340926647006023,0.04787775290699961,0.032737333998328164,0.03213323094232398,0.008742806338329589,0.001117546312490313,0.0973793748360608,0.08195837726816535,0.07717817757492734,0.014840049717965867,0.17267250266271614,0.49690047961719813,0.03368372934299611,0.12276669512803276
RQ2XfRTBW_o,1954,regular_humor,31,0.19586850140213727,0.49865382245831913,0.30547767354836386,0.0011099565576108534,0.03144066575060283,0.04343042272328955,0.0009745968751714475,0.00049687613523753,0.1244439516956317,0.10229452448566595,0.06007136426670777,0.03404915893465401,0.11837631966655833,0.4849020069044444,0.055761444592668165,0.1445451794011939
RU6zll_Gbvo,1956,regular_humor,31,0.28275885715359644,0.23932736048534994,0.47791377542119834,0.006213023854445877,0.013047050078204203,0.05809315842869241,0.0032613443432755076,0.0009130132990145696,0.08704764184714746,0.13896679082855343,0.1074453023329918,0.029363692434872652,0.2327736591574766,0.2993318423358423,0.09337449009199777,0.0987442278213078
RUSb33fzRdk,1957,dark_humor,31,0.2785008086282159,0.383974130235372,0.3375250544218767,0.01795231772261867,0.020975734074806584,0.04635810971235661,0.001365838304580745,0.0007579679119272999,0.14306407076148916,0.09668060425188273,0.08596461200279244,0.03571813270889012,0.2082268103221131,0.45279256263447387,0.03371239899687709,0.08690488339972592
Rex25oBz8NM,1962,regular_humor,31,0.1381155865026578,0.529959969282631,0.33192444230700213,0.0001885615990519704,0.0006197888400375603,0.0009630435890886151,0.00012666391863134659,0.00016635895900112848,0.021567884631710308,0.03458946097582098,0.02344098513675553,0.021749371373575303,0.12760068804416205,0.5557207868945214,0.040273430306584604,0.19662526303962355
RhtYmgj41gw,1965,not_humor,31,0.22429342089491267,0.40975883942578106,0.3659477409035448,0.00393778249065602,0.002988087645198609,0.002244160143985233,0.00025984200422704643,0.0009485479440040615,0.07890400147786544,0.11386461204083095,0.08437043412366972,0.061176462761772375,0.06610133880073385,0.5524925320379196,0.029149145090712175,0.092845466904222
RtnBaj015tk,1969,not_humor,13,0.03593009280470701,0.250856289640069,0.7132136122538493,0.0005505367701586622,0.0023532763779467833,0.003568458638395756,0.00019282482949515374,0.0004046858190961827,0.05568914437809816,0.04526161481268131,0.056938811348607905,0.014950201040706955,0.17697976959439424,0.42390192271425176,0.12024293338450101,0.1617247392781652
Rw_y9GyrCY8,1970,not_humor,31,0.232660589499339,0.34043617426387723,0.4269032413440366,0.00031069486501491476,0.00184931586197983,0.01285590676237799,0.00021840999538507013,0.00028433282756351776,0.043062257495964124,0.08008084594902973,0.052376825858147874,0.024734235824941986,0.19875439743120824,0.3657140180829071,0.07410634473537005,0.20423332435048877
XDuGBcv_R80,2,not_humor,7,0.02741442933412535,0.31232935815517393,0.6602562197617122,0.00021013799206619815,0.0003594044121980135,0.000466404008745615,0.00011480531559625109,0.00020244590788414435,0.007464737672957459,0.01448636335719909,0.009194325672329537,0.007165427045297942,0.5313643741288355,0.2065729315259627,0.06870378573824253,0.16251279819490655
XF5atSzGKRI,3,not_humor,31,0.09282152483900709,0.31569851775683705,0.5914799546402308,0.00042089709125819706,0.0037120647724687814,0.001724975408456709,0.00014815373100235217,0.00018251183158304963,0.038950909353462196,0.03733278273965322,0.03575896820233714,0.007666257715168138,0.2880099199246615,0.439675300442163,0.032191962837391806,0.15936479431336686
XPx_U-Gw5II,5,regular_humor,31,0.10217845277680505,0.5457127774735132,0.3521087736251854,0.0005338021822559137,0.0010580470364901326,0.0017915837215109458,0.00016579340210169432,0.0002501149072251733,0.029645551298369443,0.05638716603449035,0.029960337590666547,0.03221925006308142,0.18685240473508113,0.583439850278439,0.03886405189311312,0.07227694222162809
XXFAYUNfJy4,6,not_humor,31,0.18885585746818012,0.4590819802495741,0.3520621599689607,0.0003619136672744888,0.00151575775488445,0.0007893305530981911,0.0001331735951563103,0.00036088716649007233,0.02504476607446709,0.11583041524394386,0.04366257474307091,0.05326684432164315,0.10749673334160639,0.5541787024947905,0.033785729699077144,0.09177899796275361
XgMK__cSmho,7,regular_humor,31,0.20218469707235212,0.2731295472852165,0.5246857551317061,0.005025358654693851,0.012978345885658786,0.1014057106757161,0.0037283435831927964,0.0006738222988543942,0.15751131120768766,0.09567509424842653,0.10568724242283122,0.021149970258721302,0.29357247408704773,0.35463703155607706,0.03748985842591332,0.09178831842878173
XjsdnyYj4Gc,8,dark_humor,31,0.29772214562211546,0.4068949070248392,0.2953829496437984,0.02606099774927697,0.06441614181958064,0.08823437510891968,0.027685743370731812,0.013040355696096911,0.1336564155325534,0.15061517872457061,0.06275543585539825,0.0609370227940681,0.17346585152160016,0.4194820169547212,0.04531810746618336,0.08742637571037537
Xxgx-k5uJhc,9,not_humor,31,0.4277055398936594,0.4370456962816177,0.135248769780681,0.0009847929111621793,0.019559098065421436,0.00502452073757717,0.00027879703726108756,0.0010592330894019875,0.13914628176491767,0.10526291909627616,0.07751009585486064,0.0897087280097748,0.05074532116733251,0.433147398987785,0.12036437629121205,0.12326114716368818
XzeLupTvj5I,10,regular_humor,31,0.2759288017968497,0.38051982145876656,0.3435513838795164,0.0298841178145883,0.07231996670898591,0.06550727615925303,0.01127394395312407,0.0008683790794983056,0.17864540221560146,0.0905386011581868,0.10853791954897103,0.027761082079509395,0.08722419806121427,0.5963516157916596,0.05561512425511835,0.033971460759564635
Y-FJ7OJ8iaQ,11,dark_humor,31,0.27928240884155514,0.31010310225669413,0.410614486017655,0.006247369570173173,0.03242604998728981,0.09302191485344778,0.01011732235952701,0.010967387133625321,0.16266738030601352,0.09235251026468412,0.14863122045813548,0.01621640773655306,0.21370290689575935,0.40157275454651925,0.04486787987632617,0.08265631671454157
YD3QZk6n4QI,12,not_humor,31,0.15938597143958172,0.44563963684824204,0.394974397495389,0.0005165432793869366,0.005633022679830901,0.0041397414897801355,0.0001917038093632718,0.0002927367529463804,0.06311483584689878,0.044698949362481796,0.05832326142568021,0.013089100233158998,0.1514828489762881,0.47931885767367577,0.0949279627041711,0.15815900668742194
YXCeHPHpX4M,14,not_humor,15,0.35046460330486295,0.4348120684425036,0.2147233455752333,0.022879379556979985,0.06853447677373575,0.061529272791813125,0.0029750501203428333,0.0007634723947073023,0.18860734088423972,0.11230272720567883,0.17974785988529524,0.027359696904507777,0.028574388784666855,0.4971667122716705,0.1102860087218384,0.04456263110041618
YXRL02rUEDM,15,not_humor,31,0.2624108241533019,0.2554814842860064,0.48210768789173136,0.01364781569939242,0.04855730818892499,0.08513840190754572,0.002022978126103314,0.0006939929418524937,0.17601697989589266,0.08279772973694507,0.10715008405930994,0.012211771345802492,0.29458666172426856,0.31444520096204454,0.09903422604885793,0.08977432435213198
YgGlQHRBB-A,16,regular_humor,31,0.20560084106851248,0.3793213687716953,0.4150777663735132,0.00033243328394863997,0.00343392756316931,0.0015901692606876754,0.00014000204030326717,0.0002014403599464605,0.03753508883716178,0.0856591275998301,0.04744589246524077,0.014289262558093234,0.16696002162362059,0.45106957264004216,0.07472533720635599,0.15985078625981847
Yof-CSkxtYY,17,dark_humor,31,0.281942856062444,0.4303314242692244,0.28772571334435093,0.00478116350085099,0.01882840355345604,0.06311058512449474,0.008765195296408849,0.0009405154097851576,0.12943261965448338,0.1359460528248981,0.12844519418544106,0.019304964458569884,0.12550466446085803,0.4004088154122714,0.029912541755625317,0.16047776948600526
YqVYSFFG3dw,18,regular_humor,31,0.4392127336093014,0.391424537426041,0.1693627390890352,0.00082106705925863,0.015781762449712973,0.031858076513726116,0.0008024282426284176,0.0005954741049678095,0.10697472032963208,0.13988720384546585,0.08258041217472524,0.00928389940846471,0.05051878177290482,0.4365087032558457,0.22382002831586906,0.057400956276744124
ZN3Vh0wyQGQ,21,not_humor,31,0.26245544709625745,0.4193474228583997,0.31819713704528346,0.000431499688514328,0.012620018589058741,0.012180861790247651,0.000267470124761589,0.00021943277111389643,0.04589487449453783,0.10538280031253253,0.06503455345368674,0.043169534596193944,0.05497317189245575,0.5644099840353574,0.07208433783342762,0.0949456112369174
ZREjKEKxGhE,22,regular_humor,31,0.15783758447956173,0.47990186148954017,0.36226055583345795,0.0010503587545827031,0.045659958208899856,0.08100759631751346,0.007223705945145939,0.000362686435231984,0.10403098518239154,0.09578484866107183,0.05741084110172045,0.011560330644340044,0.18193116409313534,0.5002626562190633,0.053776369865743384,0.09927378452172683
ZSuCY7yPwrE,23,not_humor,31,0.4056464834589391,0.3910393794217417,0.20331412679966418,0.004027342046855108,0.06749629178422413,0.17640802765503572,0.04032934855551444,0.025490737299532478,0.25990908585240946,0.13947101757906738,0.17432573040376506,0.020510076635306882,0.1131866491548041,0.3809911225126275,0.039841076374174125,0.13167431054734474
ZTkP4Em9Q9s,24,not_humor,31,0.07266647807292399,0.26423812570470956,0.6630953934584414,0.0005316248749412837,0.003055602462301331,0.012382753112169373,0.0002580532630916775,0.0002739344732441579,0.058618967830684154,0.03901293489991898,0.08850424535452359,0.06842432425436264,0.20969657802713976,0.37290368508547544,0.04506893953188292,0.17638930103050604
ZbecKRGwOq0,25,regular_humor,31,0.44351195658166565,0.42427871171985904,0.13220933748168812,0.0015459085726404502,0.05298060553304235,0.09953558804127463,0.006452034028517383,0.01300408542057642,0.19860155127319176,0.21157730502947683,0.11028227218682127,0.06708252595947875,0.06516634784789095,0.2952157135361866,0.03252276789487129,0.21815307578071952
ZmDCD1sgqZo,26,not_humor,31,0.5849608740498943,0.35606349860468217,0.05897561313524362,0.019050441848042783,0.06690541669658776,0.07372985359735697,0.004731449264058498,0.0008891239863700203,0.2165888432946597,0.1600038886911446,0.2072666403386862,0.050029118609194075,0.027251676265751163,0.4110456752410579,0.09575003399063022,0.04865295267964323
ZzcEB0IOt7o,27,dark_humor,31,0.2757967509058935,0.24210401591394218,0.4820992292595967,0.002708009974148515,0.07966429328183539,0.14168994654638453,0.00961007712072798,0.0011501601813154506,0.1989866038314968,0.1031688098615456,0.09894930383551025,0.016001953489913213,0.23007347425370808,0.35722884698019874,0.04022818809420231,0.15434943599205825
_-MqPiWPp9E,1346,not_humor,31,0.27118607412182516,0.39615056279205507,0.3326633641676557,0.0006170009916287757,0.00120230384908932,0.001986891541521125,0.00033336837124455,0.005955416058807919,0.0552064195695904,0.1136349217155047,0.029373031425019427,0.023041116493386065,0.09265268336410724,0.5343734185857277,0.12151356546148177,0.08541126364106012
_-zGgqoBjOU,1347,not_humor,31,0.6047251384344793,0.27726652088665193,0.11800834858008931,0.015426754835531145,0.1744967855432356,0.16146390666272642,0.010345421706123518,0.0018229530509298428,0.3377093959810032,0.18551148149004626,0.20369684102103836,0.10137574590231863,0.049040913370610666,0.2683523945029705,0.06859456765795907,0.12342804304188898
_1_0WqGD00g,1348,not_humor,31,0.10627514832172423,0.41996645575930036,0.4737583886110975,0.0006595064271917386,0.001417714359817065,0.005414294296286009,0.0002792126505218837,0.0006212854202585145,0.03646928476425068,0.07241867298650886,0.0360771746491082,0.04578929960787777,0.08000109985380643,0.6355718954977009,0.043894725280904004,0.08624712687226073
_7kBWkggnE0,1349,dark_humor,31,0.5000470468489032,0.2163919752403613,0.2835609799461259,0.006228714039729488,0.12617703928610294,0.13057400492928742,0.005150338923305108,0.0009125320185933472,0.27613504263647504,0.10168310346442365,0.1672482888642398,0.0461345469436398,0.09575388040731571,0.31687410058633936,0.057443125263577505,0.21486295958710533
_8E1AB1Ho3E,1350,not_humor,31,0.3038401024776601,0.37171743383571026,0.32444245987121134,0.01777801101589801,0.02635631367898426,0.0611952480277039,0.006001785510659007,0.000664006780190844,0.08084565601987584,0.10356389164113469,0.07684693621441481,0.06628415325558895,0.17267501113876219,0.368346841014441,0.052237646826993556,0.1600455158209849
_9eileZ79BE,1351,not_humor,31,0.5759278886140354,0.32920244095786927,0.09486967415338562,0.009606842270342543,0.02195789467124644,0.005047887546806446,0.0007970527322838954,0.0025647527450459047,0.10596218930497285,0.21996116097415647,0.07429917365868366,0.06233649955116092,0.014182709994906138,0.5157990914378916,0.08706420494033204,0.02635716822283763
_Aq54FSah_g,1352,not_humor,31,0.17489161835082115,0.33257307825730215,0.4925353104068387,0.0004957780047627766,0.0010534554899242076,0.0007845211615447977,0.00019412548088791569,0.0026167651275529587,0.024235085698760924,0.07242618538739701,0.0378461527927298,0.0551434091251013,0.09824519337815864,0.47743287140263185,0.0666244208827735,0.19228176760577387
_DZAa2nVHBw,1353,regular_humor,31,0.31437931128687435,0.3087050951116027,0.37691559677102393,0.002205956036285047,0.014503200822453495,0.003831403262372459,0.00024391699022793722,0.0002489422390241206,0.08635779041721817,0.10913723624581771,0.15629692650550314,0.030903517576535384,0.0719882789107355,0.46795462755366196,0.04836913045766132,0.11535028370300067
_E4-pBcteMs,1354,regular_humor,31,0.4402137492302685,0.3305306270598404,0.22925563096519438,0.030184767615038813,0.10640881274969527,0.09169813737154923,0.022280501437395992,0.0035746588210684186,0.18504498634795327,0.07475028139719318,0.1703504046027158,0.01490504168830211,0.11596041923715553,0.4139851944731368,0.03450644252100779,0.17554222621519358
_GXU-I2ZSGk,1355,regular_humor,31,0.24843710247847822,0.38776279841699907,0.3638000895960196,0.000847457290341657,0.017200890397596653,0.03096962102778977,0.0009994758649789278,0.0002756955990691729,0.09663521048740574,0.1258176946712117,0.06532901422601313,0.022282013842355338,0.10846431805158875,0.5524067035125148,0.0746445409397805,0.051055709666181955
_HL7GdECMQM,1356,regular_humor,13,0.23863852204969868,0.3842042653033367,0.3771571967607507,0.0009290801345531901,0.0619729811218209,0.02508037522896372,0.0005018652764892278,0.00029365801534507994,0.13407471782277122,0.047984165676797814,0.06511420280618879,0.014813304368334893,0.19797130930237472,0.5598789055186969,0.025791207006057866,0.08844691060053614
_HPFZ2KXvAQ,1357,regular_humor,13,0.19063392637942272,0.4464713360827703,0.3628947177472023,0.0002637542347656563,0.0005072492987472707,0.0008671667623835114,0.00012890989903378516,0.00017732440532059767,0.014741115227270011,0.05315414276153136,0.016983663582672868,0.008332387391979305,0.22272146764533737,0.31840525517383444,0.021828796839914642,0.3585742812854453
_HlIelqBDkM,1358,not_humor,31,0.5438165473601511,0.3492386962377256,0.10694476089350158,0.004729814495564619,0.03249266727042625,0.024311984384116987,0.0022231891111474515,0.024379151451519705,0.12017464478717997,0.12875282555262768,0.08432002175944828,0.01476817165178457,0.11750360150190611,0.3931351656905345,0.06285170365815922,0.1986685098719693
_MbqsosIzoc,1360,dark_humor,24,0.2695221060615343,0.43984299145328504,0.2906349105760455,0.027968340003402165,0.015651974455977324,0.06440012575694709,0.004632939127077407,0.0006777145272280904,0.14114060883972948,0.12252255212903644,0.08214163992670365,0.08774628737107075,0.07748801245664556,0.5130556214911243,0.03672364500622886,0.08032225475471932
_OehPa-gGwQ,1362,dark_humor,31,0.24040391600330271,0.3330333004254968,0.426562774836296,0.0015044412627297965,0.006070506542586842,0.0013433697900073903,0.00017131773699563177,0.00023985935742178212,0.048097163765510965,0.13181578209473482,0.1339208180077314,0.017909478613986604,0.16168999620863506,0.39071878983128455,0.08067377395327052,0.08327136353229082
_R4HVauTxx4,1363,dark_humor,31,0.32855777077436926,0.38974604989972805,0.2816961830361716,0.0007865435562111557,0.021488721928870937,0.07029274382746793,0.0069347152710824665,0.0004965721208493285,0.13857706196440925,0.08016787858439549,0.12141439141405205,0.020583884512645104,0.1554675048157092,0.43100007566353005,0.023329016399539767,0.16803725672164752
_SZHvosNJjY,1364,not_humor,31,0.15763730968108342,0.46351932740259555,0.37884335712559764,0.0015416166049450817,0.0045652039956504235,0.003654971846469468,0.00022695927750206583,0.0007510162205078579,0.05892385455456773,0.1417843121584625,0.04397260924921401,0.040860033939562494,0.08229364478029311,0.5461561225595013,0.04665267886593938,0.09828059904412517
_VGAgISXPUA,1365,dark_humor,23,0.23670676310101282,0.5750998009158217,0.18819343904033303,0.0003768307430183758,0.0014816640734510577,0.0017639544397673528,0.0001776140204089208,0.0011555088994614578,0.03652923396515215,0.08779735814618028,0.11246586975175887,0.011875514619295363,0.07613142440601697,0.5022012418055016,0.0728925411771659,0.13663604802897442
_WCJxtGAR7Q,1366,not_humor,5,0.11028346102684736,0.5678220734000206,0.32189449816942217,0.0009754862810950726,0.006022890369058587,0.0012360634398646652,0.00015211866557365283,0.0002048492620815523,0.06356066364096477,0.05556291686370969,0.015564073994755744,0.008910855790600181,0.11787981651723385,0.4905934166163206,0.03024812927469611,0.2812407795339823
_YFuwimETCo,28,dark_humor,31,0.26741769901596973,0.42108618161611017,0.31149612407710764,0.02805730127006574,0.03333478915033817,0.032920047476504656,0.0017829986944918582,0.0014702231034583923,0.11780623280661061,0.07061939804829777,0.04104910250527844,0.03152716357726604,0.12964201484236024,0.6033554575255802,0.04039249416711109,0.0834143792068766
__Lmb-90ts8,1368,not_humor,31,0.459472845346036,0.37213886541224295,0.16838827080303623,0.003924186105347959,0.001850527279818761,0.0016774999502588124,0.00030057491042703813,0.0011577355182981269,0.05714364387583168,0.21131211562990962,0.05471246018480029,0.09316832146742532,0.036039524396220525,0.42546544183466223,0.13079657280186732,0.04850556571487217
__x1nTuo5B4,1369,not_humor,15,0.20095227683583897,0.46002554359535375,0.33902219105511905,0.0002888801944209263,0.0009234444577790175,0.0010228619658543417,0.00013506440542793524,0.00023272647716415424,0.02683707057343175,0.07909398957466086,0.09519862378947437,0.07797190869847934,0.10346001660606513,0.573528096328179,0.024956574601431688,0.0457907776037852
_dqFMUhOmqo,1370,regular_humor,31,0.25340355358897676,0.4727280024559267,0.27386844077057415,0.0017786666233610782,0.028750462059941775,0.03522025604568978,0.013021737977631405,0.0007286276062762725,0.09355963148071521,0.1451062567592148,0.04613183597252975,0.05242775347188956,0.030016094352298926,0.6182768030933314,0.029782232152478348,0.07825901982704958
_eOSchEiwrA,1371,not_humor,31,0.33699660637085477,0.4008971294087748,0.26210626480620236,0.017181148322115113,0.08781315354609696,0.11282891702496507,0.012070763159558297,0.0009977890506214012,0.27455185902410095,0.12493045799314015,0.1568612698165159,0.059283850586883,0.09362726103168942,0.44291315398990144,0.045700629279317874,0.07668337186858538
_fkCbMtRqQU,1372,regular_humor,31,0.4215474646658667,0.3907193345648627,0.1877332064623554,0.002183192276730082,0.02339342234688135,0.044923131867225526,0.0011590943432829885,0.0008235223574428669,0.14120334132213988,0.13181124002702774,0.11892554169941333,0.04433800189215089,0.05052643612537894,0.4418179007367261,0.09490468452173856,0.1176761876446225
_iRiMDzqVpc,1373,not_humor,31,0.3102071303874254,0.3826791848987341,0.307113679576545,0.0036403530121465483,0.01411742720407464,0.05026854495208095,0.0038749548989618497,0.002778572856773427,0.10647722864485977,0.05333143833183473,0.09339176440956973,0.12730058301765954,0.12253323562195405,0.348009146284312,0.10533184217919986,0.1501019918359816
_koX6AOBhtM,1374,dark_humor,3,0.09165464838345845,0.19814219698309898,0.7102031509081522,0.00020566783496178687,0.00034428719663992524,0.000307045202741089,0.00010889970872085541,0.00017293608107138425,0.005994295138710489,0.05576285739274075,0.03356314652288953,0.008394211394867549,0.3526848331093788,0.5133195982004205,0.01610611689587434,0.02016926638316363
_n2pVxC7IJI,1375,regular_humor,31,0.17440367756681818,0.3443173395109273,0.48127898276453057,0.0005279307463957418,0.011468839205917902,0.04151307983134287,0.002198170470130149,0.00026439789860066207,0.07000656494112205,0.07174952446498097,0.04739196461647929,0.006445957465574236,0.27389873740743964,0.4467400611273103,0.05532202218478966,0.09845174043889969
_r8eKK4Wmdk,1376,regular_humor,31,0.2324469465642206,0.3186648550833906,0.44888819219364273,0.001213430687541052,0.03784197842328614,0.08137884182008659,0.0066134920608977065,0.00038370645474529853,0.12124101463292215,0.11978229342569266,0.059025490575755436,0.01460895259984799,0.20803310224155505,0.22665914790817507,0.040652029396545504,0.3312389892075331
_ucNDdCJdz0,1377,not_humor,31,0.12715213676734316,0.40945848098565496,0.4633893999721735,0.00035562115484818574,0.0036232888721109877,0.0023073516546696002,0.00015421485553698374,0.0002099809465899823,0.04004017279986592,0.060743501980698875,0.06506456582686834,0.0646987889363851,0.12952673920775734,0.5776496013446201,0.04677915197586821,0.055537656625552524
_wZVQMNd_io,1378,not_humor,31,0.09065969291353418,0.26536162750374886,0.6439786754067867,0.0002838594171466426,0.000524218557045735,0.0008951935014920309,0.00013141853020398787,0.0001982412105726619,0.01887767573803543,0.0783743366238571,0.09190670174786882,0.10218942891843917,0.17982300397782255,0.41535102093832627,0.06230792409229663,0.07004756433138203
_wjlXh6_TRE,1379,regular_humor,31,0.33778953954817786,0.4706297486780151,0.1915807148381587,0.00035807973613226487,0.0043192317008957145,0.001032034830366742,0.0001350164335059573,0.00015711843039870502,0.030976698056028616,0.050951077640357036,0.09113946161232889,0.010632960445007248,0.06520537456737892,0.5875525622358245,0.09435971211191387,0.10015884738775992
_zE0hc9wAos,1380,regular_humor,31,0.2558217990106993,0.33147126992022796,0.412706934907023,0.01752857892443576,0.032973313386807396,0.06711999873063647,0.009363959868008555,0.0007428693246648406,0.12622984938300966,0.16082102823777183,0.08045926199279606,0.027199475734021455,0.1595449742350367,0.47246384299210004,0.032321204679206975,0.06719023228112248
a077OSdQAJY,1381,dark_humor,31,0.35617476897013767,0.3179937254096712,0.32583151170383057,0.00340345757215419,0.05072739595104189,0.06547929944034907,0.009809794829878581,0.0005908175014830645,0.18274849526313763,0.1145425582146873,0.12106574849495964,0.06160118251160208,0.19815702134773375,0.2859918036753492,0.07846972571250292,0.1401719719870016
a7Dv14zqhXk,1382,regular_humor,31,0.10646979994095501,0.27053669952757414,0.6229934918303643,0.00491046562749562,0.02122866855643224,0.07496699955992235,0.004574174124788824,0.002553725166381487,0.11924125895752842,0.04207740473981586,0.09366475537066318,0.009485885609812554,0.30527913291382813,0.3979103245261696,0.04113693238656607,0.11044555656131237
aAbY1mUDCz8,1383,regular_humor,31,0.3838219294444688,0.2925798717375484,0.32359818526874146,0.0005391054329529945,0.017998754984751765,0.03648170324712766,0.004682283238517195,0.00028316437894846465,0.06665048391685911,0.08452621318640248,0.09176885094794054,0.0781022904951486,0.12739146107266988,0.33913061070826744,0.09097278021245954,0.18810779553267262
aF4VJjoOQIU,1384,regular_humor,31,0.3790504900107701,0.3798055842879318,0.2411439250553808,0.004349885119271705,0.015101313576451503,0.016828580159081837,0.003652875339368268,0.028401387006940036,0.16749935649568215,0.1980619434860625,0.08530153056997206,0.01867665982178052,0.12643442114800094,0.4233852530859651,0.1044396264328351,0.04370056674064648
aFyVaOdDizk,1385,not_humor,31,0.09733075319579051,0.4740912283680612,0.4285780171292924,0.001962191577824283,0.003808512848580346,0.010163360631615374,0.0004215591027112227,0.000467804895907325,0.06777402449534425,0.04580232091698675,0.058833742765859974,0.02405117336855901,0.0990526037095415,0.6699274654590315,0.036541103911135464,0.0657915758840259
aKLHfm-A7Ws,1386,regular_humor,31,0.42144108431473853,0.3664519830396579,0.21210692855980126,0.006525138390227972,0.050043164075525,0.04051564515600236,0.0022431576315636538,0.00898740205992644,0.20460021621622745,0.0880173659628077,0.13425604318786832,0.05344415866232838,0.14713311474958074,0.366230973012505,0.09452370668370877,0.1163946416627075
aMWTF7RZRzU,1387,regular_humor,31,0.42914801146534665,0.22355023591268447,0.3473017412958847,0.004095607791602942,0.024877681295507617,0.00956451562618191,0.0004091933930589397,0.0005161211780843235,0.12639207718893886,0.08609553540666257,0.12060535344625672,0.013552741455515065,0.1981702466484069,0.42304595217349067,0.06467900213394914,0.09385118333082046
aNLfUdRkCdY,1388,not_humor,31,0.20557796204793116,0.29535735377501093,0.49906468244209407,0.0006426704255112957,0.03131696090642964,0.08017589781065321,0.0021092425449751318,0.00039404403111304066,0.1118106342562955,0.057255471313011744,0.03430764148041846,0.0937888060504901,0.23596052940364085,0.2649520184664476,0.0825705531864397,0.23116496675497583
aQSYudASEgM,1389,not_humor,31,0.3054160308167939,0.2483629010797989,0.4462210725422107,0.0005854563703084545,0.024778562488086943,0.10608799872317186,0.010419555537443939,0.0004240189087032641,0.1464165483766626,0.1413626034984425,0.061887868158068626,0.031367294289427056,0.14538362664320775,0.3931285303476597,0.0536690135486424,0.17320107202225876
aRiUlpXFW7s,1390,dark_humor,31,0.3862256977046209,0.3223597298586561,0.29141457273714966,0.06386986011151044,0.06500752374901617,0.05901834209479632,0.004209349049497471,0.0012040154444196473,0.23836926969834754,0.18119486649670907,0.22532389302092093,0.020346745086323108,0.07283455753443582,0.3223922630291312,0.0698450762297838,0.10806260072070384
aSDFN-mzgFE,1391,regular_humor,31,0.2159781904943708,0.5327162481844425,0.25130556250411656,0.0005302300626006458,0.029325057559030792,0.07988502093001208,0.002304207338085924,0.0002236773389966167,0.10236977072312467,0.1016742443936246,0.11746467484702025,0.037891318691113306,0.05829601303013342,0.38894337477282653,0.04446697278669284,0.25126341858788603
aTSSCQA9LB0,1392,regular_humor,31,0.2449409512863044,0.2776184908354715,0.47744056929443635,0.0015854070793026157,0.006175310492718352,0.02179324025459092,0.00035923045863690335,0.00032948832203175935,0.05621590909187592,0.08383625475389342,0.08372041094867934,0.024161853581561796,0.21120568589052005,0.478523438706273,0.0578126075917915,0.0607397509288163
aTuQOFM29Iw,1393,not_humor,31,0.5834042594557808,0.3136214201729144,0.10297432191850196,0.003342231706013873,0.07989630138552221,0.027846051868700962,0.0010505108725591262,0.0007530685961096277,0.185737110107326,0.2755897599122217,0.14959520891669295,0.05949564145186976,0.034625362107274876,0.300445826333617,0.08524183176397797,0.09500636882524216
aXnRov715BI,1394,regular_humor,31,0.3090449531051901,0.3800387135857055,0.31091634193134887,0.03070134586267804,0.05463122700495014,0.04795616062314836,0.008996218312653757,0.007765028268500652,0.1655489170506987,0.07060403354285706,0.14613462950763922,0.016501091271375997,0.17115920415193203,0.4525731973530304,0.054384391108948375,0.08864345761286395
aZVprpxxAEM,1395,dark_humor,31,0.34120315065487256,0.3169340650971618,0.34186278719214663,0.023212212365075584,0.0522276226782255,0.06515556019299003,0.010281882065042268,0.0017617624900829528,0.12827203785737737,0.08806272214579006,0.09018783322385242,0.02497571485582739,0.10924110663003259,0.4682346471254864,0.017940222462188574,0.20135774265133566
aZYsMdOobd0,1396,not_humor,31,0.1668952142804741,0.1568184018645796,0.6762863844032249,0.00026511195896854325,0.01234725974180976,0.031351087714879655,0.0017540928710068034,0.00020480122968306644,0.04702275208640663,0.030394490875844515,0.017645976487396946,0.014036359509543305,0.39682692055395175,0.22623797926691272,0.03315795888944018,0.2817003191148321
ab9_pHbxnRU,1397,regular_humor,3,0.25000670303901035,0.5986667772134145,0.15132652719815573,0.0014719731455746417,0.010082690316873292,0.051104783856620394,0.0008526757883373648,0.0005116488003598837,0.07622612748915951,0.06663770104448001,0.14653398841619492,0.016301499990125496,0.022593898077805836,0.44965051611264545,0.07392545168598492,0.22435697975258032
aboz-HW45KI,1398,not_humor,31,0.09715040110712571,0.4839997469717937,0.41884985770429334,0.001019320604222406,0.0022551920809482616,0.009555339694939434,0.0003469471921562217,0.0005045211082981569,0.08512207932184421,0.0793518379420763,0.04666734619757101,0.07098863688447783,0.08726052854270223,0.6264669760580985,0.057016082618746064,0.03224859652560084
adUSdFDJGTw,1399,not_humor,31,0.3897317300490554,0.4088774808952885,0.2013907882895681,0.010018848194909703,0.018324737166685444,0.02284926744299986,0.0006043281818781379,0.0003517879616288889,0.09315733189108752,0.11212891936602612,0.14598852440512047,0.048364693503601536,0.05227960456883715,0.42449254587653185,0.05936549863808097,0.15738022234290838
adWMjnuD2NU,1400,regular_humor,31,0.31983854499976,0.4576026490859447,0.22255880825762306,0.0005731328926612473,0.00467579965029032,0.03066264650964689,0.001553696366177211,0.0042919862093948455,0.05358375311310914,0.12149756587290715,0.06864160420035102,0.02613261638719949,0.08079712459396932,0.46558719708193697,0.04306378757070389,0.19428010411079852
aePRCHAml_o,1401,regular_humor,31,0.17835584506692906,0.3935851302418497,0.4280590311353726,0.002127442656332747,0.007382187142220866,0.0013641809871900946,0.0002278418628960818,0.0005964988362862759,0.04974863632777406,0.1178536603016959,0.06683112523188034,0.06315416612309374,0.1420369454201371,0.49296782715546505,0.05026062792392388,0.06689565455270631
aiFLs94e4e4,1402,not_humor,31,0.36744705488484714,0.44122675818301016,0.1913261925050568,0.0010302803618082357,0.0604304215333785,0.1214681543361005,0.011369607571161337,0.00045686320851429275,0.16099743289129448,0.20623569560777996,0.09930016237851833,0.034268475396768944,0.054987302789795064,0.40904880921176123,0.024487621368720167,0.17167193944295567
ajFQPY7IAXk,1403,not_humor,31,0.6604433229133007,0.2589046337431477,0.08065204920187112,0.0030919825592483846,0.04064695530659294,0.018317848141211266,0.0009152350337958083,0.008107584081083205,0.19964863690772966,0.14575829290814937,0.14507224159916082,0.09331535863044162,0.007962011538761398,0.3797177976417926,0.09900506315452437,0.1291692343375255
ak8PoDWv6P0,1404,not_humor,31,0.19207111799398496,0.46000269475963806,0.34792617759517125,0.0018294516766834404,0.0073646550064891455,0.012341867424941982,0.00133781810079874,0.023529778603856796,0.09660288712175022,0.038840678805905963,0.044291858576358326,0.021872243603631374,0.12058935782331373,0.5658026891610315,0.041194120331877665,0.16740905585127971
amqe2W3-lP0,1405,not_humor,31,0.47344403101071236,0.32187694743756323,0.20467902290364426,0.007787550911269782,0.04902659278858693,0.06839967635788789,0.005661300443593533,0.0006212503768995614,0.1327810525263269,0.11070304182207873,0.09399004443173087,0.06986930108283676,0.052112248474581825,0.3974635751857873,0.12396307170180784,0.15189872113537164
apnO2-wHK1M,1406,not_humor,31,0.12388148823482616,0.3890770524740219,0.48704146257331293,0.0002586217061992014,0.000882039730054056,0.0009127236806952785,0.00013265778022375138,0.00025005472824916306,0.020986412045350598,0.06561151974188585,0.013553138319102506,0.07292370575540248,0.2325935831308485,0.4059617499550504,0.08788899676273426,0.12146728665327593
aq3vMfeFLYM,1407,dark_humor,31,0.3073266982100904,0.2983627203521469,0.3943105913518417,0.015334688206841689,0.05217388777377745,0.05646169852022262,0.0013355950094034684,0.0006096629020307333,0.19098938266266016,0.10177232934567597,0.10924935829919583,0.04652466978539803,0.1491337946931561,0.3727768960393845,0.10638428228576818,0.11415866395879176
at3GD23vjFk,1408,not_humor,31,0.21400350509511848,0.45756361970017034,0.3284328714794209,0.003212562496980442,0.05200025521832773,0.04771179009384791,0.005617554078907555,0.0052199972544199665,0.1355944134186082,0.08319143627229478,0.05245738219274508,0.020858485204723453,0.15995016665152845,0.4737805378352923,0.06238655190569379,0.14737543738597342
avoMqCl8giM,1409,dark_humor,19,0.25386366630463225,0.3597009358437438,0.38643540892946093,0.07406467194117508,0.060472701713718525,0.052740756432237836,0.006214853313347129,0.0020584070260060558,0.2134632558384175,0.1746791655467333,0.096779298460062,0.01577289678511749,0.15402661318474106,0.40796661205393703,0.06296367636318073,0.08781173675762195
axdVSq0urLM,1410,not_humor,31,0.38582675723779586,0.3865766780030343,0.22759656412827392,0.0006635910174208543,0.007344359450320142,0.0026528429138594337,0.0005888511755807896,0.0072129396221791995,0.07142449204900092,0.0589272998322192,0.04953698892965012,0.33065453867968775,0.04431285204989235,0.2841383077714953,0.14889589963751215,0.08353411639672553
aytRS129_vU,1411,regular_humor,31,0.24274014205401462,0.3951914890879585,0.36206837138161063,0.0007517360373317535,0.006773228194722305,0.0037231679363626865,0.00018853345212729408,0.00021001375998528073,0.04740879900993839,0.07286996251317643,0.06337394114328368,0.021114420605778332,0.11357178900300735,0.479716734044374,0.08172488780767326,0.16762826151605095
azE8lPB5z58,1412,not_humor,3,0.7467911044756571,0.228356521576643,0.024852389469742775,0.26853618025779724,0.6461081951856613,0.478241890668869,0.031897829845547676,0.004216160547609131,0.9482695261637369,0.1652236902154982,0.45828103957076866,0.002863655526501437,0.0073542731697671115,0.3096875011300047,0.03206905575158695,0.024520717988101143
b-9gko2AtP0,1413,not_humor,31,0.3541421850602473,0.5219390094280243,0.12391881132498384,0.011799821441884214,0.03126905711119874,0.032821721043400164,0.019369179120516375,0.005681470534792395,0.05333451473064,0.0961415917056823,0.050815523110119803,0.05142387439451751,0.05022647460892556,0.45137651468957624,0.09825835994354659,0.20175765590712189
b1D-oyoArb8,1415,regular_humor,31,0.05788997180699822,0.14343940941316466,0.7986706292196628,0.00028084878501812775,0.0006030478942838888,0.0004773379867753735,0.000125557268714352,0.00020947176756547583,0.011385682568464789,0.025939838341136855,0.020511372285264153,0.025885198419282753,0.4081444491091515,0.34102820226502034,0.056439682856322296,0.12205126101241237
b1UK_GYJ3O8,1416,not_humor,31,0.6621690583565543,0.2733452457093423,0.06448570463145452,0.04044925220096634,0.12412717903029144,0.10211697065847881,0.019764902278820367,0.024535483139662837,0.22474881411049394,0.24571846028219066,0.1683541365350867,0.14463973238373234,0.01844066527161387,0.24619982767129137,0.11928975848000377,0.0573574016058457
b2-HxMIcR2g,1417,not_humor,31,0.3455461678395589,0.4441070892517605,0.21034674658890692,0.0012404840226442884,0.011768552011363358,0.02665386410033886,0.0005078858617531707,0.0027653524814541604,0.12298898012264661,0.12982795729241783,0.08857330629196498,0.05228977823524826,0.08385550761745582,0.38031745735075206,0.10040287976153195,0.16473310010417574
b38h-JlZnvo,1418,not_humor,31,0.256540569056186,0.2644471804941854,0.47901224984877533,0.00040891199774529424,0.0035843340719434163,0.0034467218980763947,0.0001957771544825406,0.00022869011586261614,0.06223758337681272,0.06287791441014458,0.09602001084074858,0.0239565972982335,0.16625082601733024,0.4495885149846154,0.06851340270030402,0.13279273750395665
b6_xbwff0Y4,1419,regular_humor,21,0.4501131513111648,0.43732658454350065,0.11256025551951357,0.003663854084498737,0.06708656617792301,0.137288924321183,0.007454916376445908,0.0004888449828805668,0.22210156680860868,0.18901176980164433,0.16612447294894428,0.016156406222199576,0.11756166286622396,0.23729429735491672,0.10707442630969342,0.16677696931929814
b71gOW78gbI,1420,not_humor,31,0.2060394858821265,0.5348793051896557,0.259081223739251,0.00025333078895440145,0.0005548656321949356,0.0005164314657562382,0.00012996522925658933,0.0002587891313821949,0.02216791671760861,0.07215647761815137,0.02477182527898901,0.08252422344089756,0.10294989468680034,0.5224241151985142,0.15102002993526478,0.04415343158442767
b78qJYJsy3Y,1421,dark_humor,31,0.2204878464220993,0.49316231026163987,0.2863498675456691,0.06644152578730662,0.06403306496729548,0.06059036379954177,0.0062205391988109406,0.001337955278887098,0.13800255103494913,0.12429993207596483,0.1101606506328549,0.024687689225820285,0.1045437709957872,0.48481459852548375,0.0318162786443868,0.11967708670248788
b8WP00XTSRo,1422,regular_humor,31,0.33303165934499235,0.4881339452920421,0.17883438848319552,0.001375405614981578,0.004221443092495563,0.0033439903148269703,0.00027510595593353615,0.0010162052954734873,0.08657494676111627,0.10611072386945447,0.03425795213890172,0.021970338529847082,0.023237954438363594,0.6045410382531343,0.14987605942353124,0.060005935866596
b92UIBNXDeg,1423,not_humor,31,0.3772160796929271,0.3988258273851487,0.22395810193472332,0.0009184965249826951,0.016895490409355732,0.2242953729967872,0.007491662399843335,0.006362205056516799,0.3009279287183627,0.12837924165726308,0.12871113091316674,0.015656437828100375,0.057597753051067554,0.4017935490776454,0.13791689251158987,0.12994500109925866
bA5u3i-YF_U,1424,regular_humor,31,0.3597839505621983,0.35521318327875867,0.2850028643264405,0.013832240359343198,0.07210211786197408,0.13344353866141906,0.007795507271845465,0.0007615871502146606,0.1845066129613007,0.14767192784065922,0.14325163013587194,0.03941657906210411,0.07629282704757286,0.39145970741106617,0.06409666635426542,0.13781065954976984
bAcdSUqHnDQ,1425,not_humor,31,0.11147589500122253,0.47922560767901523,0.4092984927758094,0.0006638326791993853,0.005005669500772661,0.002323923594949226,0.00017294347790377816,0.0003026345314743418,0.045091510885545326,0.04095276079756478,0.017277015892285554,0.016949210858588377,0.16890698825309594,0.5023521440584333,0.08524041824162967,0.16832146527726324
bBbFH-tqpJ0,1426,not_humor,31,0.26114384032365295,0.43125193710288695,0.3076042367986614,0.02248843726579986,0.05630732097169159,0.18258364318922582,0.016807638094882525,0.006451272160179102,0.28124015431498145,0.15666026184936205,0.11362736196737856,0.019649124490247378,0.12296194811877344,0.26771377417589387,0.08633273510983394,0.2330547847349437
bEhI7ppLkfs,1427,regular_humor,31,0.31841229392035353,0.31190673015531034,0.36968097601446415,0.0002102359468417783,0.00043362844265967365,0.0006471988693397913,0.00012183831178493077,0.0001581909330730747,0.011929872774353792,0.06628446139004682,0.09095459347478144,0.03925327428207252,0.1234807970411625,0.2747874715019979,0.21114844561464363,0.1940909472985133
bFQBuJHPjK0,1428,not_humor,31,0.28066901913693837,0.22281412374708923,0.49651686638413417,0.0030449200290135077,0.016859490315959368,0.01665655092614132,0.0007152408075090798,0.005698255279229113,0.08932016465827942,0.05263820949250892,0.0831799712294953,0.05463652285529421,0.2594057293946765,0.3559459712536585,0.06674964259183334,0.1274439531243256
bImK3gKK6KY,1429,not_humor,8,0.24186582933180034,0.42097142431885004,0.3371627451851964,0.0002464194367348682,0.0006726090814481722,0.0017793351325963158,0.00013840592873748392,0.00021884870511712506,0.02296482681413181,0.07625896180979908,0.035186391876777634,0.06180108856642619,0.09475228219525889,0.32107991678640246,0.12264565518125892,0.28827571391593665
bIrKxUD3vOE,1430,regular_humor,31,0.18832188133045188,0.403778578395084,0.40789954084903,0.0005145855891075166,0.0204263428205459,0.034887957090940024,0.003913635498329606,0.0002757841441874212,0.09572931343591923,0.06162100250742609,0.08680499834008515,0.023848315362908667,0.037896770860008415,0.5672395270798476,0.033231788202218955,0.18935759904824437
bNsD6loy6wc,1432,not_humor,31,0.28129248478029284,0.47051779739558697,0.2481897233294383,0.0006288895031414745,0.008286099497889799,0.05163824986600723,0.0018296471398864542,0.0005850115234235061,0.09382019834893365,0.0971441038493668,0.13173583143150375,0.013631054335424015,0.0518687016878938,0.5452687774874991,0.03448667899224787,0.12586486066931918
bRh_ym5bejA,1433,not_humor,31,0.501128651336917,0.29433442039355157,0.20453691674816993,0.04179075946130099,0.12421431556351543,0.1459338061920848,0.015262301693925815,0.003164036898881257,0.31322243755810986,0.147032285004013,0.16536546463049168,0.02271663657795157,0.10775525058758625,0.3647030062763201,0.06813658682268954,0.12429077809511294
bSvNCFL-h6w,1434,not_humor,31,0.10592858774227,0.29053878627957835,0.6035326261133436,0.00027565651943141053,0.0005851579978386121,0.0010979400131843923,0.00013908415313644876,0.00034373798623545874,0.019299086040606903,0.06318558769811305,0.06251313208016537,0.03312795773719347,0.22633509347665934,0.48563522892072797,0.0765343580560218,0.05266862867339965
bT2cCWYiFpw,1435,dark_humor,31,0.16088315375119208,0.30116828714287086,0.5379485505963525,0.0006350989537050707,0.009877761031196813,0.005218734156862352,0.00020820909436048579,0.00023326586538572765,0.05889633487189008,0.09723299175440785,0.04640877249485423,0.022569880692190642,0.18307037969240017,0.4802877300779425,0.057633509919528036,0.11279672101109979
bUFjWXFdWXg,1436,dark_humor,31,0.18619426309071,0.4211207600010018,0.39268498266896895,0.0005167510004661556,0.015844978833375798,0.008056792952101528,0.00023083156725812342,0.00019182169794916144,0.04598344884242021,0.09268377951136039,0.06553976719958647,0.03796090599479935,0.14656739967364457,0.49994086438129026,0.041958276978543686,0.11534901720381552
bV4zbKKMi-0,1437,not_humor,31,0.22056225663231266,0.5309733058055562,0.24846444558352232,0.0005436479771179297,0.021771606829603232,0.004058611414004718,0.00026579671835098715,0.0006446391858081634,0.07689185591504699,0.10319636604418198,0.03804359172711209,0.04747361692434718,0.06435769145008957,0.5336151367669264,0.030601891501235864,0.18271170674087178
bX2AIpj4nmU,1438,dark_humor,23,0.15534954086836913,0.48326653242111206,0.3613839303345784,0.0005209861948337082,0.005242199211194099,0.0347691545276852,0.00048400445065572455,0.00023896554193925112,0.07793783575660833,0.08099886621146099,0.0793546123592102,0.01752385568967008,0.07772885017987827,0.5346655679623717,0.02277612736772584,0.18695211065831877
bZmEI8P1qSU,1439,not_humor,18,0.20335550205264655,0.47786307107243275,0.31878141189614934,0.0004955723092684315,0.014031841800412318,0.05524525837326008,0.011396508601642886,0.00042892620169570565,0.07543798524744084,0.10554846773286247,0.043922049277979464,0.009789702107405497,0.10779735270706522,0.6088428817585938,0.021628935071122315,0.10247061430062684
bZv7ygWW36E,1440,dark_humor,31,0.10046097923130277,0.3348197072383858,0.5647193115324743,0.019421010529303232,0.014156546013715167,0.035349783194702,0.0016631998441880569,0.0007811990571715268,0.07142188882590422,0.1273498323956324,0.03975668762089504,0.017573575549308332,0.28563194826335436,0.4339217503945674,0.022979098537396037,0.07278711661215752
bb5Gk_ZRIVc,1441,not_humor,31,0.1833825376590774,0.4027981624127396,0.41381930788197824,0.00023467476045968192,0.0010714915378259556,0.0010299273440802109,0.00012830601964754264,0.0001770498065818702,0.02264665683633798,0.06817646967923088,0.04058208926383691,0.06250871887295356,0.16434223738859496,0.4938859135633515,0.05382621236100432,0.11667834594094705
blZDMhzxVqw,1443,not_humor,11,0.31061303429305553,0.39245385879820044,0.29693308912894945,0.0009610391610873525,0.0028053208807250485,0.002058082416293804,0.00017641870098569515,0.0003055483545970426,0.05357596688819202,0.04349241829053922,0.04183465975802392,0.036876641383225266,0.179265938275917,0.40825027193535457,0.12355447882278399,0.16672559979964385
blad_L_MBw8,1444,not_humor,31,0.28662547533730826,0.3431468976120795,0.3702276323531424,0.008835999954176405,0.031069887866314892,0.0319619492004295,0.00362288966636932,0.00043116472642718543,0.06105328275964806,0.13315059596131887,0.07075649270817878,0.05247246131541267,0.2330361437916215,0.3548949376319445,0.025882179180400505,0.12980717455878132
br9dVphoCVs,1445,not_humor,31,0.2398385757865805,0.48224973224944645,0.27791170532544773,0.017474245902943244,0.038907954355724333,0.06537333148251843,0.005221108237756491,0.0015113451553324627,0.17038724848797784,0.1161615823042549,0.08461982568898689,0.020542201014318234,0.12051933458180077,0.4417790050408052,0.06280248559966323,0.15357558049952552
bsUcMXZ_DuY,1446,regular_humor,31,0.19778810922927673,0.34641062933951616,0.455801262129699,0.010133504173755947,0.007239896365659191,0.00756450115671126,0.0005127689646249036,0.0004813843831558892,0.05722028439706792,0.0761294812414675,0.07002374560068993,0.017653658546717656,0.16338729636833793,0.4687672759436311,0.06053387600507948,0.1435046521195721
btbBWkZ2Y18,1447,regular_humor,31,0.23115256323569244,0.40024125900480056,0.3686061827465892,0.007394726521940151,0.026276827997794645,0.042466203184543,0.0008364956393638897,0.001661962575106431,0.12252899706588997,0.06970595681454025,0.121791290352121,0.02894647380772738,0.180607492502238,0.4652624273252103,0.05491135220584129,0.07877500275630624
bu1Aw8uH_-U,1448,not_humor,31,0.16442560462371236,0.4533638480690218,0.3822105349371991,0.0003343552657057561,0.000528017328413684,0.0005286809797736726,0.00011459880343247806,0.0001761308660441559,0.01661087769166296,0.08644860741051455,0.02412965015560809,0.02187492131751271,0.09209843381728616,0.5483438546859449,0.06180102050664925,0.1653035103884195
bymvBwl06e8,1449,not_humor,31,0.11553625754200883,0.4067271846917368,0.4777365635719992,0.003337661355016603,0.05157140642451498,0.018854574078314697,0.0006023454118422383,0.0004012672316973969,0.14480453462437576,0.05917146557100838,0.049432858829893504,0.034251354833794455,0.1889742266146406,0.5485799979313367,0.07945958356703481,0.04013050431686063
bzzWW50dvl0,1450,not_humor,17,0.33243790523642125,0.2820231470224612,0.3855389444814885,0.000801130453884766,0.010452170777545474,0.0626242145534728,0.007589259972840356,0.004585908852544997,0.14174457093330978,0.13637157340588815,0.08437802653882981,0.018506732858333957,0.14646412025424926,0.32555295833769965,0.06692885893725735,0.2217977274181869
c-kx6nlvc6k,1451,regular_humor,31,0.33489307519348877,0.43611252977843246,0.22899438539940503,0.00140509387851888,0.05420972685603755,0.11109536918792723,0.008402054726179959,0.0005385286851613332,0.15502076098252268,0.12524142654071893,0.06697817018721253,0.008623682670370345,0.06456500258965177,0.5031316280515203,0.07546504134041888,0.1559950357468258
c0MYabkH84s,1452,not_humor,31,0.235297211603592,0.4234897826888388,0.3412130028910695,0.042653748697991815,0.044237473079251244,0.012151246691862452,0.0014517672022902257,0.0005950918468090916,0.1230664852698664,0.04080561071544165,0.061767093983719185,0.02525566486949702,0.17282078114353241,0.45863661686739615,0.10411394073537761,0.13660028264782723
c1tQV2psdpM,1453,regular_humor,31,0.07454023758820709,0.1513541439367879,0.7741056186177077,0.0003571714060531268,0.0018254105764959427,0.0009735259809531271,0.00013343950183386164,0.0001702036212420001,0.02555550193233836,0.056129919575347055,0.04367172372557463,0.019437635219806144,0.29314706105017857,0.44985513015079404,0.03730886493764457,0.10044964559135898
c2ukL_zjFCk,1454,not_humor,31,0.13140042377034983,0.3993784278150528,0.46922115530938874,0.0004368539549402833,0.0010905328132550143,0.001704552891990921,0.0001837116818229157,0.0011043853613251309,0.033398948756286934,0.10127158521584445,0.04855081348139192,0.09463488727417443,0.02604375313591933,0.6158413576082357,0.06651135293706771,0.04714624513496434
c4hXljepVeY,1455,dark_humor,31,0.3149317955417979,0.4056194806771894,0.2794487197703171,0.05576128825534045,0.047028252985441096,0.12754261603197758,0.009762732952132806,0.0018799930053759336,0.21432213958225124,0.12097750903077183,0.14434611839392492,0.01681716530959332,0.1375001854668822,0.3974716470486695,0.07157432283425043,0.11131305928011576
c5KAo8m0sxM,1456,not_humor,31,0.29547606715782276,0.4059542044396362,0.29856972115474845,0.001057551940433651,0.014497051143177574,0.07354609076179669,0.0017328638587646456,0.004754730366027703,0.15895855874048487,0.08021939623980753,0.10264665799425735,0.04398763902680648,0.07005572818865578,0.4731937396009603,0.08070124315488483,0.14919559476566652
c5mtTrLtmyI,1457,not_humor,31,0.2382221750975136,0.2478523756107015,0.5139254441544894,0.0007964933681632242,0.023278388523800868,0.029779994365526363,0.0005206618182954469,0.000241878574137621,0.0878767407717063,0.10147546327883197,0.08643631516174684,0.013754283243249501,0.20115896012829315,0.39361511137817173,0.05303816177747062,0.15052172077459194
c60hB-Csthw,1458,dark_humor,31,0.273985214411251,0.49634257175268665,0.2296722125442278,0.004207607421126487,0.023333930515124644,0.06996909580184071,0.0012648874783941033,0.00042971362070661157,0.18197251628378347,0.08810223116269035,0.14826978749835923,0.02777133476845319,0.0588206218390335,0.4217807341126665,0.02049434969892665,0.23476093756635824
c6XVIIbZ_f0,1459,not_humor,31,0.3513941284749777,0.3793206326062641,0.26928522508411157,0.0016608877584428315,0.10835195353607677,0.06564449091937634,0.0014542741926326867,0.0002449457998380005,0.17936451349317306,0.13968482990598968,0.11145156875793491,0.036632331292850956,0.09448020697023059,0.45953550291878564,0.03438345039443624,0.12383210065684491
c9m8FrVDHYk,1460,not_humor,31,0.39228077383050997,0.2803184104061896,0.32740080122265125,0.0026261548017857657,0.008382786731442226,0.019875951939837017,0.0009066430061319543,0.014576682347978931,0.13867679338962322,0.22261042982309817,0.08722893478378894,0.0102871538594275,0.13621926445123408,0.35307749778392816,0.03970550165902222,0.15087119371239696
cAtVy4nVliE,1461,regular_humor,31,0.40789238573803055,0.3626772275254611,0.22943037799409322,0.0027089085638327824,0.1005478137165248,0.08801304828798052,0.0030611110975564035,0.0003692278051241902,0.19533401754527022,0.1606029515124617,0.18854882741241805,0.021843981200588808,0.08730573721620585,0.23698395604808484,0.091763510984639,0.21295104389860026
cDFaQgM1bUs,1462,not_humor,31,0.17182933896659844,0.2938043816135295,0.5343662826344371,0.000982080969298559,0.012517403087375926,0.0886027712873446,0.0023518701430387617,0.00033425473121760955,0.11514901535795821,0.07705584230021603,0.12701208651020762,0.03165157481975433,0.2511885889895981,0.2560564543931715,0.03260321562899457,0.2244322337285285
cDSvtX2qzqA,1463,not_humor,2,0.5600834488868713,0.37928708642721176,0.06062950938940048,0.002237508429971058,0.14618375850841403,0.08027895772829652,0.0014762545833946206,0.0007722150294284802,0.3681274501141161,0.12392215058207512,0.11745399609208107,0.0234266952611506,0.014251589309424162,0.5130900740623474,0.04008867498487234,0.16776686534285545
cE3KraZFHro,1464,not_humor,31,0.549247000171172,0.3533124795123454,0.09744051947528796,0.0029062412387218265,0.040760386110876776,0.01780421711925057,0.0007484885974272695,0.0005679678506567143,0.1536378056156419,0.13145102969100397,0.18783785459855873,0.07390760273612555,0.03847125111403124,0.4558628374530423,0.03358565495469638,0.07888376766312567
cEXWCWFXAh8,1465,dark_humor,31,0.21547219972877252,0.31203923107034737,0.4724885627266861,0.003508697814522161,0.012559435315309994,0.04537044844642702,0.0007675624954337705,0.0005617672493005352,0.11781753414693559,0.08870046238805498,0.0899949632735262,0.034238893292739145,0.19324626702244482,0.3880102961894966,0.038242859029842,0.16756626448383735
cH_4U-PLitY,1466,not_humor,31,0.4303391353647795,0.2885234445754078,0.28113742711983863,0.0011401040349981837,0.04662599078907196,0.04473512213547609,0.003349315223937494,0.0008587735569416245,0.11201466739951302,0.1139066027638863,0.10543109617015768,0.01242408955905346,0.11401159186179059,0.3957311414302357,0.08824047689596491,0.17025500145598105
cKGhtN6_BaU,1467,not_humor,31,0.18255668390362012,0.5640664719525845,0.253376844849798,0.0037444678826197503,0.020717820635670046,0.008520962147984744,0.00042700315562767846,0.0014758210217546402,0.11326766804221176,0.10308707358255502,0.03398696174131586,0.0221195753265713,0.0694857084252421,0.5233608412466222,0.06534574629228201,0.18261409756697475
cM8sDleh55g,1469,dark_humor,31,0.2523516219019169,0.3787918663733909,0.36885651185988416,0.003642298718219653,0.04100987871671321,0.06249343144666073,0.0013116017392847776,0.0004964815764856946,0.14192976305944724,0.13246833962658722,0.08609515992969635,0.05780286595578336,0.11600865889340639,0.4793078912827637,0.04842367665767069,0.07989340286040979
cOVg7i-ebGc,1470,dark_humor,31,0.5261835412332608,0.3244517987533923,0.14936467483940144,0.004300290532316261,0.10192522151919547,0.11582115388028474,0.009382243929599833,0.000582223609531103,0.2898625685521702,0.13176004632165836,0.14540831994776043,0.05134610510844317,0.09346730865898632,0.3782895601865265,0.05646870652544162,0.14325995602825237
cOydnhJZdwg,1471,not_humor,31,0.3057697609277262,0.4309317004536429,0.2632985308676237,0.004666601534418371,0.004167405084327554,0.008898142665613352,0.0010366048243726723,0.023441392347458824,0.1299823150151379,0.1448424716645311,0.04973659955055242,0.03321153101522566,0.1394395274973865,0.3685660231633172,0.05274076336213658,0.21146307269772213
cQs2CmUE3VQ,1472,not_humor,31,0.14491950624412106,0.4761011425646082,0.3789793657018773,0.0004485612195323131,0.001911626840029062,0.0033223898156598632,0.0003518562091724767,0.005343271760202404,0.05913704209360144,0.04572729612400214,0.016873460533397812,0.05320571340252495,0.1601309290591387,0.5271397586311063,0.03429672164812444,0.16262614102132858
cQxKoZaFTRY,1473,not_humor,31,0.23329186780498393,0.5541115595448401,0.2125965790642846,0.0003324885990643393,0.006438061741890476,0.0026390163482339574,0.0001594441357977508,0.00017194466941404125,0.043744939784970016,0.061391415870598244,0.05104144719324165,0.013841899761539553,0.05595996021668637,0.520897141807983,0.03885095025743208,0.25801718427288917
cUQMQ2NgAe8,1475,regular_humor,31,0.3034327215920653,0.44850376605867376,0.24806350878169459,0.00785180267543652,0.05444778960278904,0.04712988690598943,0.0014569333779358967,0.0004067158844273147,0.17789383163307643,0.1090412421842977,0.13406075971321232,0.014398264582268894,0.06608110352516955,0.5050676036025247,0.06003068357465729,0.11132033883158358
cdYCZlpktTs,1476,not_humor,31,0.3317512720673075,0.3082514468940996,0.3599972675794796,0.0052479416631432555,0.02832389285885579,0.0050452273093058815,0.00037465290980406044,0.0003940913804634024,0.11550330507546483,0.12395593127416026,0.17093875104065745,0.0633134540891455,0.05585976790696863,0.38315004960543686,0.07492629421364155,0.1278557572551372
ceWTbkSEt7U,1477,not_humor,31,0.5449627519344851,0.3257562257649918,0.12928102562023747,0.0004987510929500024,0.005382170646748085,0.00972120744981728,0.00025079792249016464,0.0006816290974271514,0.05537968125727569,0.1050924874706975,0.08118101288451843,0.16312442303094413,0.0651498029812149,0.39282483060754114,0.07291447426072292,0.11971297100817244
cfBv2Qv4JLo,1478,regular_humor,17,0.15395219929461532,0.2619709199951852,0.5840768872157616,0.0003736832441063598,0.0010142293125254048,0.000891703154432916,0.0001406081158647259,0.00017592595609398012,0.019702119971899426,0.043031535796163714,0.016074407475945705,0.053681236575357616,0.25905289637910967,0.4164060031009071,0.046864772913977504,0.16488916092716596
chBkNpS-UCY,1480,not_humor,5,0.3073175173252821,0.5246864825487136,0.16799598168581725,0.0001538257231004536,0.0002688529610168189,0.000387434140429832,0.00010435357835376635,0.0001129916199715808,0.00485134607879445,0.030403362587094307,0.01490370212122798,0.024599204096011816,0.1715779761550948,0.6164892345666886,0.03405555514618754,0.10797095373272896
chKx9xB1yZE,1481,not_humor,31,0.5760720488615334,0.25723094778556016,0.1666970013550693,0.03183132368834659,0.09369411880681817,0.0704994161914651,0.00515893420825089,0.0048478397136110995,0.22966428864334199,0.2741310690199175,0.13493020657727856,0.07001204149527175,0.03739125226744481,0.27063810642087655,0.05406915235723699,0.15882818045605335
chjVeawIbJA,1482,dark_humor,31,0.2487089746000786,0.3221844225340793,0.4291065940332989,0.0438533946745015,0.010558269643825629,0.007129810853756123,0.001570136048558784,0.0061924116497750455,0.07969974276174101,0.07574569348681477,0.07192650767261043,0.05088524268789878,0.2024012683147204,0.3704646786810049,0.10180718975231773,0.12676942324446094
chkxhgQykao,1483,not_humor,31,0.2923674621739455,0.2835290007773907,0.4241035323319656,0.019136826007349055,0.033327189401813576,0.04137655170427846,0.003225003758768341,0.0010447600333493264,0.12737242406940147,0.07527168481160075,0.15887335153491866,0.006332614932269338,0.17006677646197438,0.43223455235842734,0.012703750684346643,0.14451726652952213
cmqIuNjuUE0,1488,not_humor,31,0.2580311899073422,0.4969544757998759,0.2450143416832772,0.0007114424557995892,0.028371662403280366,0.08894037477570706,0.014303136794854166,0.0025771706233142814,0.10437643366880835,0.07564103916182273,0.050791546604746295,0.14643606039575272,0.03071832516786432,0.4845668499868724,0.07961557413105882,0.13223059932070394
cvUVNc0XGdE,1490,regular_humor,31,0.2628350279504253,0.37742460529590327,0.3597403633888931,0.024864925766803114,0.014286704023458784,0.031010328444197863,0.0029301693854992456,0.0007047581581695516,0.05269330289710553,0.10593273308909228,0.039745381545095194,0.03825688498815702,0.11143688552622352,0.4338225669437839,0.11691044029148837,0.15389510412370005
d-Ma2V6JIKg,1494,not_humor,31,0.45438690557925693,0.2718128017900932,0.2738002926231392,0.0005721714410502764,0.01446293893358445,0.06637295044633755,0.0013962125789652008,0.00029733176568462965,0.1152200000135288,0.10809792722800686,0.2489632204036048,0.01667076455909879,0.09242674626124602,0.3133450426882313,0.11965223588049412,0.10084407559535917
d1Mb74E-8Sg,1495,regular_humor,1,0.05948549509048462,0.31667113304138184,0.6238433718681335,0.00014787836698815227,0.00019385719497222453,0.00020159436098765582,0.00011518099927343428,0.0001033190346788615,0.0008572877268306911,0.04124617576599121,0.9363438487052917,0.003005889244377613,0.000930930720642209,0.008509427309036255,0.008894735015928745,0.0010691271163523197
d1S-Z6nD-fA,1496,not_humor,31,0.15102569953418307,0.5625612889566729,0.28641302000370716,0.00030218179041009035,0.0037536361736373136,0.016467562993995905,0.00023167798504038082,0.0001929486128163614,0.03629131251082365,0.0513127182475141,0.014655085535900246,0.009734976458393278,0.0713604795708952,0.44263987264205373,0.0523839428450071,0.35791292957841386
d6Mq6NohBDc,1499,dark_humor,31,0.40906610855111675,0.3933960792999114,0.19753781070692406,0.0018064816653232782,0.025633536138845937,0.025036132853147725,0.0006695872904064374,0.0005779060391491399,0.13152221475930645,0.15281782810005448,0.11685416328480407,0.18764504255546677,0.06432127203198991,0.35672381904817396,0.06889725284230325,0.05274060414352965
d7d_9oGvdoE,1500,dark_humor,31,0.4183867250328823,0.2731109059626056,0.3085023696954933,0.003685064825995435,0.07980059772718608,0.06193095790560267,0.0026530068322655653,0.0003458944185929854,0.15824400113647683,0.08021052926778793,0.1765617551469815,0.028112490683974277,0.12154387992866818,0.40675692281295217,0.09110463096670085,0.0957097892889813
dCM1U7PwTc4,1501,not_humor,31,0.6591957566148091,0.2545368215970455,0.08626742108214286,0.006154692544500464,0.07423036804633035,0.04140982067685634,0.002178765940639536,0.0005535606077530481,0.1508495486510407,0.17876426201884546,0.16773095195962778,0.05568377506513629,0.036987367626880444,0.38485393952578306,0.0738808816419013,0.10209882850458304
dIB2imRfklc,1502,regular_humor,31,0.16679262463003397,0.3741972472578768,0.45901011944478076,0.00030011859311226513,0.003757599357237679,0.002181263383282649,0.0001353836874665332,0.00015012550307625543,0.02278148929866391,0.11647369394138936,0.12616482530269893,0.06154030801037386,0.10095442203624595,0.4957734946041338,0.04506991345871,0.05402335137008659
dRS-IOJmRko,1504,not_humor,22,0.24753278838893908,0.3997768300839446,0.3526903794739734,0.000684300784169781,0.01263093997377754,0.03340993245232808,0.00051709199595445,0.00021935363805493,0.09630436649207365,0.08152526918671686,0.06223456603765953,0.052339667271801525,0.1827282511512749,0.3376271288249303,0.07498199779497967,0.20856311888730322
dTe8co6hKHc,1505,dark_humor,31,0.3685945471928966,0.48172232424539907,0.14968313804016478,0.009308274405362506,0.012099449912409087,0.0172655097046499,0.00042427792856957944,0.0003508762907116644,0.0962953515174318,0.1485753788973295,0.09503021300019275,0.04187270497242289,0.053461813837319856,0.4217540004681195,0.06386264729043169,0.17544324658510665
dV_wlg3X07g,1507,not_humor,31,0.6081186820182108,0.3478741625383977,0.044007139445673076,0.0013800418044763406,0.007207861722206637,0.009661309325770896,0.0002983082318209082,0.0003068629873356962,0.08135216708310068,0.0996552084782912,0.2821733304825161,0.018882869525001414,0.018487481839744555,0.4080993203866866,0.05415689440504197,0.11854489738376991
dWLdBvd_unQ,1508,regular_humor,31,0.4619826021183643,0.3927002676251915,0.1453171406662272,0.009371545432405847,0.044146513425549795,0.01883078519266189,0.0009318358098690007,0.0007858121694411121,0.1489436105926401,0.1488901721914449,0.07795942788042369,0.0330286311612825,0.04764767725681586,0.5598188172424993,0.042363616322437604,0.09029165137138578
dWpDeaEjMkI,1509,not_humor,31,0.4744922985292731,0.2992229457463949,0.2262847521342337,0.024045954964446625,0.022875040131170424,0.02408972438124399,0.0011093511094523204,0.0007603311915450069,0.11372442487176627,0.10091119184489211,0.33539215569955205,0.03637563885234657,0.06788301006646737,0.2688624191758854,0.03882953580544,0.15174604804750771
ddOti18SvVI,1510,not_humor,31,0.22399860859337833,0.3704642278232401,0.4055371693816156,0.0028316426905803382,0.00933864522132001,0.039083535265695725,0.0008062305177220203,0.00038110643377407426,0.05865229110819318,0.059471678154002276,0.057198825089501276,0.02650187426104,0.15375271904462529,0.5006119425017987,0.050359589873903224,0.15210336228952773
djBAfMxJAmQ,1512,not_humor,30,0.39763909749065834,0.29758228845894336,0.3047786087108155,0.0030231431063536245,0.0895633103903189,0.13969634989383242,0.003975033765649035,0.0005157950947856686,0.22627288240279692,0.17938949029582243,0.17052962518840406,0.014528289693407715,0.1759598339626488,0.2910580119428535,0.06102829647716135,0.107506457506679
dqSBSDXo1H0,1516,regular_humor,31,0.27369730526040636,0.4409963008196604,0.28530638726548324,0.0007654971939759449,0.00620828464396313,0.004467321935320093,0.00021560462553151734,0.0002507881156728423,0.0781834536408555,0.07471536082636204,0.11928137629142692,0.04264782662709964,0.08632957019032009,0.5983574874699116,0.03844529107934044,0.0402230909845281
dtGDv_LXF74,1519,not_humor,31,0.5555590001580816,0.20939222308656863,0.23504877991734013,0.008765636595442982,0.11736371947148244,0.03367463952106904,0.0011708246963661945,0.0010003144829346228,0.24524787314341315,0.18655938220645993,0.20511631003858882,0.06971403740857157,0.12239471944462087,0.3010321450119297,0.0704061509816036,0.04477724306014998
dtwwJO5YTvk,1520,dark_humor,31,0.3244881829427135,0.41167867033471983,0.2638331513040729,0.0024130355731974687,0.031172469385520315,0.0492357820208605,0.001116136927345407,0.0009024096824202477,0.11533940359274106,0.10455161131047193,0.06580729717238536,0.009907231555365386,0.16894304786898917,0.5117083897573813,0.03571270508015709,0.10336971608921885
e76mOqI5H2s,1527,regular_humor,31,0.10959100194515721,0.34694702532743255,0.5434619791565403,0.0008290983575035728,0.007894932378305032,0.004557857349526228,0.00023020227531707214,0.0006863863457129487,0.0767482225632956,0.06622567042828567,0.04902320385595123,0.013195946320681082,0.10810643639190183,0.5079729791820771,0.035553491741959604,0.2199222793757555
e84B-cwUJm8,1528,regular_humor,31,0.2051409013614419,0.25719047773389087,0.5376686171117809,0.003200948313479462,0.02157895777453368,0.09919987235503692,0.002481281801010482,0.0005328800630635551,0.16451215857805143,0.08527037010137592,0.07945708666868027,0.012210471221365995,0.22856759361081547,0.31156927139888846,0.10988453784657101,0.17304067729010938
e9iExg3mvv0,1529,dark_humor,31,0.20473805320779642,0.2636016974706323,0.5316602574481119,0.04429338437940685,0.03462963722338299,0.06427753713702963,0.0133964372334078,0.0011280598675159949,0.11742895951254233,0.09811613086100307,0.07620990943847104,0.04050841622595345,0.23553263344952174,0.42963435350646895,0.03907939220117705,0.08091917311802747
eDvkwRnTgnw,1534,regular_humor,31,0.3434241098321734,0.4381899177547424,0.21838596865775123,0.0011964561065636395,0.06377090415504251,0.1409937593965761,0.01114651830134643,0.0005551545201019655,0.15605546896075528,0.12617914881857653,0.07328269907063054,0.027589437052337153,0.030367288220253204,0.54777319242637,0.051118083253142335,0.14369014941997105
eIlXLZNorSA,1535,not_humor,31,0.38387567477841533,0.475513938694231,0.14061038011324503,0.0038245969715776044,0.0945487794289816,0.03423715487869847,0.0010689450453707737,0.0008179870931217597,0.2822597753876189,0.16075175031719188,0.12625275974372221,0.022662355202145032,0.059671177585128576,0.4212621599435806,0.0880742848910872,0.12132550172147251
eQ7yyTiVxVM,1538,not_humor,31,0.5557706618921892,0.29690957381840677,0.14731976697822252,0.013457942627757158,0.17030216100148768,0.10125317497764744,0.004783542757063368,0.001045517246482984,0.3315430101469129,0.20158512598173994,0.09021465627348892,0.027021871703196195,0.08806989018264558,0.3439123510353027,0.1419748811261548,0.10722121514094572
eWOp2tMPAMU,1541,not_humor,31,0.1607988496243413,0.4751487028214239,0.36405244661915687,0.0006177800129197778,0.02195175572095679,0.0052820976852672175,0.0002340866173448552,0.00020616079916268768,0.08561096914608272,0.07833563854106732,0.036665030274420016,0.0457917021948003,0.09815354042521288,0.5596636485368494,0.02791437134897757,0.1534760689546895
eh-yJAB0AVk,1546,dark_humor,31,0.5362578080516429,0.2780361743944307,0.1857060093072153,0.02260062171356572,0.09787703151889746,0.08982937360480954,0.0035323650135392053,0.001461512207536162,0.25912254421047926,0.15232885121968726,0.22021885127234722,0.13565442599957028,0.04817561302127527,0.27062223452113326,0.06327499806385246,0.10972502437840786
ehaOcSv2j10,1547,not_humor,31,0.20320955349973613,0.3575821932885916,0.4392082413898841,0.010792151644108667,0.011521301987569689,0.01796835629577418,0.0007295737058513858,0.0004979008916697855,0.0687663740095412,0.048627178605285384,0.043341918397814996,0.02330071731534366,0.182929910982268,0.4810866756034234,0.06508099141290351,0.15563260322631967
eincjq-0R3c,1548,not_humor,31,0.1930111652360328,0.4451052365043471,0.3618835980042575,0.0022668685076848395,0.05550745607169735,0.08950119293923865,0.0032222669767854257,0.0011124438709474258,0.16868333433446805,0.09665490013937797,0.10973960061317249,0.03622456021877306,0.10592822012521567,0.4565253437406594,0.05809929043114666,0.13682810939668166
eke1Dcw50rU,1550,not_humor,31,0.19131552687876166,0.4452742891866834,0.36341018527145347,0.0009210208142664464,0.001028887471259241,0.0010548013444584344,0.00037043353081718386,0.008265594193935319,0.04322320506382253,0.14618564968470543,0.07502498665370137,0.10272088619099269,0.025198408272943548,0.4438798911043353,0.08025163362523721,0.1267385299264964
el_wBe0d69w,1551,not_humor,31,0.3352731692815019,0.4393615201115608,0.2253652983645518,0.0008384544790099044,0.02105748233049282,0.0399559444579814,0.0011699418098414167,0.000573995256291387,0.1126779982174236,0.11270474148313364,0.12506824880537967,0.03224466742211653,0.09062700427227444,0.5014362654258167,0.05417997559772864,0.08373910362922377
ewRPvpRgGNo,1555,regular_humor,31,0.32606041771660166,0.2166826868610036,0.45725690376674455,0.005727661438398964,0.07463104847814858,0.03973884651420503,0.002515363687932897,0.018827962801996393,0.18755342979960504,0.14532055620539694,0.07456390749317623,0.053371428144953006,0.10080145997926593,0.36306942439818335,0.11308661579800348,0.1497866046772669
ez9IPd_9fLg,1557,regular_humor,31,0.37951148986335725,0.3510394337917528,0.269449082638828,0.0011548310797098243,0.020232104540956506,0.036659416130973,0.003636580723856065,0.000331743395720203,0.10706940393391697,0.10737337531041234,0.1463297024620847,0.010656699540108562,0.15837345935118896,0.4424145587028996,0.052881338979087526,0.08197086537256837
f-AdwUGeb54,1558,not_humor,31,0.6181368153061597,0.31841479890769525,0.06344839646631191,0.0033241867941180845,0.039747578121962085,0.02776967647913543,0.0015702335405231064,0.01828926518975359,0.10467494307874492,0.163313495780101,0.06384512903675768,0.08238144560844728,0.08260321433490683,0.4506947544380842,0.07422955904246098,0.0829323833290067
f0bgHQSWfpo,1560,not_humor,31,0.42669829449826674,0.3700595746237424,0.20324213874916877,0.0029877219748150018,0.019971475896572003,0.06301741699515391,0.0048796726294958424,0.006326839293544781,0.1570490502936375,0.20732373304875387,0.1635728515215188,0.0189244273933582,0.07501623316878273,0.3283472970511103,0.0990859767827656,0.10772948627991061
f1_h5y5udqI,1561,not_humor,31,0.25764150406804776,0.37034995696176926,0.3720085275389494,0.0006368832616698778,0.003748282992972001,0.029379572869548874,0.0009455325787477646,0.0010550105808145036,0.07622895499263259,0.028443941106689314,0.08762873970572987,0.11739131239723534,0.14872269749250863,0.41067000565629813,0.060086828217120664,0.1470564939306989
f2lqUBswAeY,1562,regular_humor,31,0.218472114290982,0.3094015064078473,0.47212637456194045,0.0013590835930494172,0.030977703185447854,0.046077980423316116,0.0015595214868118355,0.0005349545848026361,0.10502754948515024,0.08870565663692692,0.11368082845095365,0.013689004817992569,0.2235613923422211,0.2940244836011721,0.052034870886634436,0.21430377264492093
f31iYufuJWY,1564,not_humor,31,0.23721884928583617,0.5428713646627241,0.2199097828218533,0.0007836539058893498,0.004006471485838354,0.003909809043585894,0.00023105048181136108,0.0006860835633086672,0.07114491757801583,0.07204621144750666,0.0657985036434125,0.100210435297941,0.04380833503655008,0.36134636170801615,0.02744423852662646,0.3293459119215127
f4LsczpDJw8,1565,regular_humor,31,0.4876805906514487,0.31247764525394284,0.199841768646072,0.0018185789245293445,0.02989436994492632,0.036436009326397685,0.001089306072484056,0.0009659799043513504,0.14481756396238663,0.18915115336271665,0.1621846041431831,0.07632916732015269,0.024866715028521516,0.3915560704866244,0.04717243690374157,0.10873984501907422
f6PpXyYG7q0,1566,regular_humor,31,0.5434768202324067,0.391992422962381,0.06453075468720447,0.021344596450592602,0.054490582710469984,0.08027586500412004,0.010370760473080972,0.003266420781484715,0.179320327847475,0.0891955889491064,0.3032028162551503,0.017521487008179387,0.010616634123688263,0.39292185575581123,0.11443280486855656,0.07210880359015127
f8CVatqM4B8,1567,not_humor,31,0.5444620774998781,0.3572847744630229,0.09825313875391599,0.0020301646014089666,0.07470523020921034,0.11594971448686274,0.008338101925478587,0.021901872447943466,0.24968020603316085,0.17719517738348053,0.13492159213074634,0.02399949148117054,0.027728855930974766,0.3873267141321013,0.12510363864261778,0.12372451198978289
fBdApb0N704,1568,not_humor,31,0.5378652358007047,0.27994489056929467,0.18218987663426706,0.044856630863280095,0.08633564567407442,0.04103030301039032,0.0030600039784574973,0.0008673781602767356,0.22492639374010445,0.14981792682421305,0.10960671703346193,0.01868165628571484,0.16636493469535885,0.2736105734722749,0.04567701257239547,0.23624117042298517
fHbreEz7SRk,1569,not_humor,31,0.26698044731071396,0.48449311080959534,0.2485264447788077,0.004532812842479607,0.0017529316105684566,0.0008025527936443987,0.00018635444951453997,0.00018665648671993687,0.026932023597070046,0.056316895470503836,0.07841071658467333,0.034735464374534786,0.06541263009421527,0.6283234714740707,0.0315494769583306,0.10525134435644554
fKBniW3J0fA,1571,not_humor,31,0.1164722938330904,0.5513871076606935,0.3321405973195309,0.0005179383686833805,0.010559213718102735,0.001970301692528019,0.00018272812327092152,0.0007895661701989029,0.06984464862879607,0.07190901167210072,0.04964881096102838,0.019866704820625244,0.04467939253475878,0.6528708342342607,0.031702701550638,0.12932253998493956
fMI7x6HfQSk,1575,regular_humor,31,0.22202381354966952,0.28015359575229304,0.49782258978173616,0.0072242414927102564,0.022958826432342552,0.020063112505839295,0.0012933256035584264,0.0003650385037725491,0.059848300631969206,0.04973913901185076,0.10394938730995261,0.01822074501579928,0.26404572527615294,0.2926455529016112,0.07338170688449135,0.19801774274017062
fO3xE9-KykQ,1577,not_humor,6,0.6057137263317903,0.2730195317417383,0.12126672679247956,0.004615725313972992,0.020329733078445617,0.0242138827064385,0.0006897251817766422,0.0008712400425186692,0.2809323941085798,0.05718398288202783,0.3771559080729882,0.023429318331182003,0.14743803229066543,0.2759817147549863,0.04542593458124126,0.07338510643846045
fQk5maMJYI0,1578,not_humor,31,0.3937818967106362,0.32244897744948825,0.28376912857375797,0.0002664186608707232,0.001148176018051022,0.009882699268693555,0.00020524797723591028,0.00022775601457631695,0.03443553697528137,0.13784480846727326,0.14190185368211278,0.019798853847708915,0.12573166918985906,0.3167613027016482,0.06848815676846332,0.18947335425013256
fTilOo2WgRE,1579,not_humor,31,0.3710189575194231,0.23063886015405577,0.39834219540259047,0.025853011803607637,0.07667634284805372,0.1376836748799354,0.016762566365697798,0.008444364067409263,0.1893925951951514,0.14837061513155217,0.08674565269686882,0.0841009586696483,0.17144836968321714,0.3561775764270175,0.09033402183558792,0.062822796982683
fVVMVYHZq5A,1581,not_humor,31,0.20716143186174094,0.5749202230043949,0.2179183435265816,0.0008134980279494137,0.014250095851527858,0.027779246806242174,0.0006374296093370856,0.0023347700262092985,0.10513315922130019,0.0333973063463946,0.0497718209761285,0.007072187899123697,0.11087241088746176,0.47230946257590284,0.09050252925484412,0.23607428505596134
fWyfOICLMU8,1583,regular_humor,31,0.6489744331732753,0.2647168725248306,0.08630870368271586,0.16323886572847127,0.20071598989213066,0.18070050379854716,0.041293768937213184,0.01640192740207215,0.4704774408582448,0.23774784692232648,0.22520003851968795,0.032102227004455225,0.0888725811476639,0.28846261461055084,0.06082481923963754,0.066789869741056
fg1mCyiUo30,1585,regular_humor,31,0.32335464286828236,0.44599806616503385,0.23064728259980197,0.013138699852260611,0.030167176845415887,0.045312379269988365,0.0019785245327042385,0.0004227529063956031,0.08848389398471843,0.10095222525659107,0.04942536625951048,0.03099422604258683,0.08981890663985283,0.5501685079427496,0.06185732380817494,0.11678344027830227
fgQQECwB3OA,1586,not_humor,31,0.36741763689825613,0.4417662074969661,0.1908161669158407,0.012013332664331931,0.04592232525887554,0.10660026130696473,0.007917182053666517,0.002144564435565694,0.19116202997223986,0.09358888404864457,0.20749610537783272,0.03950954241407735,0.0392347201338834,0.50179552181714,0.05933950126411453,0.05903572413409429
fmuyVt8AetE,1589,not_humor,31,0.16863435731765122,0.3916049214200147,0.43976072662119425,0.0002330475530940138,0.0007329546215553437,0.00075073373802532,0.00011285382366153382,0.00015679437262494298,0.011547071964389855,0.03483954684117869,0.017599165894001,0.026063180367101826,0.20800702593048975,0.4076025260221814,0.1264769553071669,0.1794115843686966
fs5b3oFjWzM,1592,not_humor,31,0.41154129803180695,0.3405090689418777,0.24794963328167796,0.001638661063137284,0.12247320239933493,0.26010851009097324,0.017356711825414095,0.0008445135911554849,0.34983059090577184,0.18134569309111084,0.23804393446733874,0.08966078428596619,0.04078233656999204,0.2608687687785395,0.0658818734546883,0.12341660237120043
fsN3KYRYNOA,1593,not_humor,4,0.45341112092137337,0.4377720318734646,0.10881685325875878,0.053090239511220716,0.015442598873050883,0.012618872802704573,0.001852193445301964,0.0008851534985296894,0.0990652124164626,0.11592596583068371,0.12471142690628767,0.028539579128846526,0.008097351645119488,0.6727330833673477,0.029910330194979906,0.02008227980695665
fspAp8LIz_E,1594,not_humor,5,0.11281588450074195,0.4492526024580002,0.4379314959049225,0.00017145067977253348,0.0002816012129187584,0.00037949252873659134,0.00010386233043391258,0.00011249703675275669,0.00523069454357028,0.08304989561438561,0.022267109714448452,0.020945414993911983,0.10406253384426237,0.7316190838813782,0.027659148350358008,0.0103968215174973
fvwC1551lGc,1598,not_humor,31,0.5372392556840374,0.2721289317574232,0.19063180986972106,0.0066806143520572675,0.06365972500850237,0.05241171862965735,0.003631276619994277,0.023557449726907972,0.1672754586888327,0.21584976643263812,0.17895843854714785,0.09121746404261719,0.054830120091566875,0.3647041222861698,0.045378377225490346,0.049061724946143165
fzUS1JOWBeU,1599,not_humor,31,0.26452509474550046,0.34353521766681827,0.39193969610477647,0.0009931617772259238,0.024433663740637712,0.0961735020645128,0.007576324882862654,0.0038774136025289583,0.18163386762382522,0.0693131186586294,0.09711991914457851,0.009571268895430671,0.2623877647002378,0.35014275629674235,0.03317470828281535,0.17829046103983157
g3Xta6QVOOo,1600,regular_humor,31,0.1596979896327661,0.6987219374146192,0.14158008204052044,0.0011924171027907682,0.0025383700013926792,0.004888147580899268,0.00028551992046789475,0.0005089603887867152,0.08015426442650478,0.0487134238524783,0.037462897057975494,0.042840607424882514,0.1906576055222221,0.4645602831677083,0.08010442999582137,0.13566075295450225
gJ1qlXd5XAE,1605,regular_humor,31,0.5241188206259282,0.362158983104652,0.11372219379090014,0.017969146967046865,0.07691611965645044,0.12872080746925466,0.007919418163862334,0.018175879263811024,0.26763231727302134,0.2335590780712664,0.15433121061763697,0.018206454013594456,0.05372324724298631,0.3979723236163057,0.051966553058234916,0.09024113740381454
gQrRg4atQLA,1612,regular_humor,31,0.25375844387998503,0.47352598415267083,0.2727155693536324,0.001050873344103175,0.036011391144711524,0.08086457866809196,0.00592318084935898,0.000682743955563168,0.14985016748617072,0.1176520376616428,0.06608539167040538,0.053718228940851986,0.0946169960455248,0.539535966311251,0.051727730683201266,0.07666365459050622
gTnBvMJ52Z4,1613,regular_humor,31,0.2602527999889947,0.44509917713942065,0.2946480364508687,0.0006931546663362233,0.012175161460031485,0.03318373905353984,0.0007701174754108633,0.0021205893959455762,0.09037661875012301,0.08399542575822241,0.05772554450255308,0.01484920749076522,0.08810386522072217,0.583772290573125,0.10025864633386053,0.07129501740658475
gU8f57dnK0g,1614,not_humor,31,0.13950197985996643,0.6563538296088096,0.20414419754618598,0.0005965108693119198,0.005821547661569991,0.011919846148943649,0.00025422406812844375,0.0002894538098893639,0.05909499058297144,0.042408751451500484,0.06900697097561563,0.024474603481658343,0.06479931523602817,0.5396517861273981,0.06232234903220688,0.19733622437343
gWtnifeYc2Y,1616,not_humor,31,0.37057364652413993,0.4238125395270125,0.2056138093673414,0.010283006086190712,0.033753933459651775,0.08314466639187172,0.0023932225679257706,0.002389270193112503,0.21248464580933232,0.22229468720709725,0.10110906537269213,0.021955297230893085,0.05898829278603737,0.4153254226060404,0.09842240137438621,0.08190483364817355
gcMsvyk30R0,1617,not_humor,31,0.4972602966271581,0.226962695499101,0.27577701846377983,0.006140490117456553,0.0948505086238466,0.126138772913574,0.0058783332898465525,0.0006249080092417107,0.20256909948488278,0.18552097549001056,0.08048153633154148,0.0335990066392227,0.15113593020190996,0.375800873415785,0.039912734736478134,0.13354893746755778
gg8IoWCPK_U,1618,not_humor,31,0.1603942750389838,0.45541294285606954,0.38419278377606986,0.0009881192611740721,0.03804030809635973,0.0720398930115475,0.001817871882409353,0.0002778806174906241,0.09678420764694531,0.06649927373021661,0.07450963924038073,0.02173498022321221,0.14427665384080743,0.4368439766338035,0.0964583674250471,0.15967710582058756
gksqQWX5-qs,1619,not_humor,31,0.21042496245354414,0.46218010308521407,0.3273949269205332,0.0006737322175702561,0.014889066166248202,0.0624571128451686,0.000980865494526487,0.00033497058733877156,0.09896348014796874,0.11659567978894038,0.08532156071610629,0.009584442806249906,0.1295329846118787,0.44257176279901494,0.046600486985557986,0.16979306963302435
gqNiY0Pe1vo,1621,regular_humor,31,0.471022131281995,0.36219835089099023,0.1667795106768608,0.002827380754282668,0.016407909697943156,0.07106283200142395,0.0021524539073241966,0.0011883190062719458,0.15746396739831975,0.09968677564569178,0.23147068704823934,0.09675595388867922,0.029256903290403105,0.2921149009958871,0.1066799707440359,0.1440348357728292
gtkqnhN0VkU,1623,not_humor,31,0.0745025196773631,0.7041889214888215,0.2213085617028898,0.000291135452683985,0.00034444009642972944,0.00043601339829394656,0.00012394432504210742,0.0001578652440765572,0.006297523467501085,0.04456027108244598,0.049980332489095385,0.057540136171625025,0.04138841511561505,0.7160689455847586,0.03682329981858211,0.05363857651489877
guF62ONs6wI,1624,not_humor,31,0.22299908549194375,0.41613765090944305,0.3608632621115013,0.0004362619027585512,0.012947143344189822,0.032507024161825555,0.00676781766871441,0.00032158544678578994,0.05975622831535856,0.08581482910461002,0.035580420911672614,0.02544418046055662,0.19528546671743593,0.45222586417390453,0.06898917678383089,0.1366600659075043
h0HsiDJS5bU,1628,not_humor,31,0.10435175275309913,0.4700011630512534,0.42564708108623184,0.0004241263194407727,0.002537336769878053,0.0335164097820281,0.0007942847261156496,0.0003129394521707699,0.08008832813826419,0.06588237403681682,0.11825074409435113,0.060004409370688544,0.16884822813763975,0.4175029248299618,0.0496413758054616,0.11986993609236614
h2vXZNGIDJM,1629,not_humor,31,0.23411282662662766,0.3778923555848099,0.3879948157907253,0.0002447657776252937,0.0013495076442092296,0.002890263183695835,0.00014506551627663054,0.00015852387831170832,0.024117003968586365,0.04285387691455863,0.05163003000310592,0.00680030096649012,0.15424291764370976,0.5033671422711303,0.09162067456711684,0.14948505881963478
hUKKbiYgNfk,1634,dark_humor,31,0.23497094972539814,0.28827507403348723,0.4767539781488238,0.023770092425571245,0.012679939047947916,0.02537258386315267,0.0009118555077997547,0.0008479658624104734,0.07270113324123104,0.07541502231822139,0.06093778915049869,0.01893444413567082,0.20639173611397704,0.4472992309639531,0.0570996223588384,0.13392215094438964
hX3Mcjpu8Yo,1636,not_humor,31,0.2934729049147497,0.3924592365660975,0.3140678472756859,0.00153754118101431,0.04517514245197808,0.14606402537667176,0.016458311308768667,0.0007470846488309514,0.16004279823485582,0.13066172885573318,0.17819085090811695,0.01724186525098048,0.13714269514856559,0.35840945390443646,0.05508592188538563,0.12326746849313137
hXqlpfUzbNs,1637,not_humor,31,0.5001950627343068,0.3374739757348453,0.16233095296868874,0.036647581626311876,0.1364111560368685,0.19183656977181654,0.011249963111983943,0.0011768833001335752,0.2895998604944907,0.15142781092154403,0.2298812994342898,0.016117837077247038,0.08815558958092644,0.35904133569208846,0.020382866999434847,0.13499326714044135
hp4X0k9-9Sw,1641,not_humor,25,0.13496193505823612,0.7389580929279327,0.12607996970415114,0.001121114709530957,0.0038820432726060974,0.011252736980095506,0.00032954031747067347,0.0004449551590369083,0.07880635566543788,0.13668195094913244,0.1465983461611904,0.07293846175074577,0.15755328204482794,0.37600430339574814,0.0752692686766386,0.034954387408215555
hqENx3qOzPQ,1642,regular_humor,31,0.6114114151606637,0.2051890283943184,0.18339955480769277,0.010675073456725167,0.06826235365447393,0.0960517863422865,0.011304882362545017,0.0008966580773572318,0.18630645556690834,0.10198447160092333,0.2955711813715865,0.0447407029456489,0.14891608951297858,0.18610025131173671,0.055019574923320644,0.16766773112824246
hvglIbPSHtg,1643,not_humor,31,0.10010995983987325,0.32171236848338475,0.578177672194978,0.00024292295500110355,0.00035973200518187254,0.0004270970154809014,0.00011956674044936775,0.00020562091184171636,0.007628560888641063,0.03922156789039652,0.05000328800580915,0.016686153464815428,0.21248566432135,0.4979112340257533,0.05888952465818053,0.12480257298316687
hvptX9PKi9A,1644,dark_humor,31,0.43936198035014734,0.37951236599755866,0.18112566266509314,0.016075867500002197,0.04275833982213836,0.06237813116299109,0.0030892800805891203,0.0007286426499054107,0.1803390944466716,0.15014082191496966,0.14189888939126244,0.02233206638089952,0.057321026506307986,0.4403706674554175,0.05851917598216284,0.1294173499017263
hy7w8hA5sZc,1646,not_humor,31,0.25027600920669013,0.4164008611753102,0.3333231317360074,0.030577014122466228,0.01413170522972641,0.005886862210313519,0.001170926276714571,0.0004383800415164461,0.06073219301892565,0.029787221750725183,0.03251635907931374,0.04238074942165235,0.1503556649793961,0.4517881709841951,0.0888428034959361,0.20432902536084574
i5-A_q8Abmc,1649,not_humor,31,0.5452303724333404,0.2795921867533076,0.175177451087943,0.00021279007553183022,0.0005838773232103596,0.0005548060824719048,0.00011190267504125293,0.0001556939342633761,0.012941739183940714,0.08465903955361535,0.15106501767126423,0.03705211456361858,0.09235855217857827,0.3021056502982373,0.10776317330272568,0.22499644190951762
i7rG1Mz-Bm4,1651,not_humor,31,0.5111975411343719,0.2730771561543788,0.2157252971683779,0.024045406675506985,0.131457263736182,0.12211307473368041,0.01051724620629102,0.0010755167898042278,0.28858159791543,0.08818008788981505,0.11609462934786514,0.04042329694024257,0.12138278537707764,0.4353510170363851,0.08055955928660208,0.1180086305304881
i8B8qHeA8gI,1653,not_humor,31,0.2253778031125905,0.41516162370962484,0.35946057406404325,0.00020244926394474123,0.0006182429853886847,0.0006818017784333337,0.00011445839153302293,0.000136632215271088,0.012015794195430052,0.061466152531906,0.05174243224469284,0.058566360484673494,0.15122516354125354,0.5307320620143606,0.045923315101273114,0.10034452690442483
iIwqstOQ0vQ,1661,regular_humor,31,0.1770105576067562,0.44963678681562025,0.37335265725250205,0.00029501122715432315,0.0013644015787342082,0.0007311932427147704,0.0001243784457572826,0.00016774627335009075,0.023187397941646558,0.06879016048755617,0.045023067906919505,0.01340338583630059,0.1053311612772485,0.49454779844851265,0.08146652143688933,0.1914379157486462
iWacrb4TWUw,1665,regular_humor,31,0.19953272756820004,0.4337407099383493,0.36672655405897286,0.009264523906524354,0.011442885275051419,0.002809496727422811,0.0003172554209032246,0.0002689200292450316,0.05983394813994246,0.08705503419379614,0.1397748769170815,0.018593072158945425,0.12229120505282716,0.43707844984507366,0.027955075432997075,0.16725229718271764
iXTZR3YYgMI,1666,regular_humor,13,0.19000788362553486,0.44219734634344393,0.3677947824964157,0.008243283216590779,0.007311265383927653,0.046501840705437086,0.0010344755551509128,0.0007531406853768902,0.1216341542894952,0.11004433377932471,0.07832512119784951,0.007060602477465112,0.14626799288313264,0.3742014801201339,0.13979902057550275,0.14430146078722408
ihhr7pxthac,1669,regular_humor,31,0.425294472881022,0.3302470101043582,0.24445851600819057,0.012228317795351388,0.04331330307468306,0.0470195424774917,0.002395674545691544,0.022779985521112628,0.14455166193581517,0.19784675289185777,0.15505333440453414,0.06444518169718644,0.05412049199108996,0.3703224277724662,0.033431575404510146,0.1247802306973045
ilj1oFefg9E,1672,not_humor,23,0.1419206645400466,0.35134077576272515,0.5067385519328325,0.00039966322694216734,0.016442874577478506,0.0023078308162360413,0.00019071504009290314,0.0003830641751688824,0.05294375742137756,0.05481682881793898,0.04178877873093133,0.024675692573351705,0.1903315721201184,0.4377605199975812,0.0482198075371106,0.20240679909677609
insZDI9UKok,1674,regular_humor,31,0.3187004449597049,0.32154949036456887,0.35975005618867373,0.0008858469349610048,0.0377285816610956,0.07824703983609535,0.006077225969244366,0.0007323376130737034,0.1425453375240097,0.15052998524099107,0.10978282293334844,0.013097769595802791,0.06863848108708137,0.43863617484608003,0.06320787655309804,0.15610689569204564
j3c1fXJD91c,1680,not_humor,31,0.5752140280880755,0.3035342118011848,0.12125175437259098,0.011202745632955714,0.08274517001935296,0.0562760129537163,0.0014963285530909835,0.000861399007854127,0.2548738838691685,0.15488948712816403,0.26140285831981247,0.03539880862714903,0.03659631139993097,0.3280983755079609,0.054567650880574456,0.12904651939583522
j8TBRiV1gqw,1682,regular_humor,10,0.4094862266909331,0.3176770929247141,0.2728366849012673,0.10643134549318348,0.204534342129773,0.16239986724831396,0.01491045507864328,0.0022373502135451416,0.4581068033527117,0.09980344008654356,0.22890619430691003,0.03879104233346879,0.09821051101898774,0.4246373789384961,0.05369911696761846,0.055952293192967774
jEekNplJtSc,1685,not_humor,31,0.2705408276148861,0.5139220109389674,0.21553716204699971,0.0011896184014697228,0.012196868557141223,0.024425600424423936,0.00132077899592508,0.0015269788651024892,0.06915726125683455,0.07166174914868127,0.07437923380864724,0.07724925229183188,0.09144116900185303,0.4345710904848191,0.053440757809327014,0.19725674733279214
jGq1udkAwEs,1687,dark_humor,31,0.3331531298181583,0.332904685168497,0.33394218587707125,0.006731865943067767,0.03634301657251443,0.015860074564942248,0.0008169507216793605,0.003118276289774991,0.1412629145723317,0.14657859904541365,0.10212026144783463,0.015700404295667766,0.09666797241211057,0.4309332655712722,0.10078048247904066,0.10721901781676758
jKgQAFOdMA8,1689,not_humor,31,0.46724544808028207,0.40726330203394734,0.12549124294591527,0.009016287007984975,0.02037230217050115,0.008225778291929484,0.001116447041802589,0.006349431678949435,0.1264940371000839,0.21127006717987598,0.1169495663770865,0.05304500117387262,0.008875830410679261,0.4476243026794926,0.04485880394255923,0.11737641298602666
jPjib1CnlTo,1972,regular_humor,31,0.25391666286234416,0.4378164720030562,0.30826686298654926,0.0018400163155034065,0.0020009737213953368,0.002122693760376874,0.00019648316036534284,0.0002589461528846333,0.049152500850463944,0.07416688454067034,0.1132340804568582,0.07051483788452442,0.04294279531290334,0.49559334374123043,0.04212419166710348,0.16142386611505982
jU2Eyi3fIdE,1973,dark_humor,31,0.32628495445955663,0.41732889383790955,0.2563861545716082,0.04267918935417378,0.051302910465071155,0.1290156306316813,0.009232023982716078,0.008311662580508123,0.22342066531400046,0.14233383896099705,0.09231767326503271,0.08297866946386714,0.0931170032971779,0.4353337411528393,0.06613464633964243,0.08778441891322032
jaTiBYPwewk,1690,not_humor,31,0.40899146280641996,0.40632987923679814,0.18467864868862013,0.0006398813852537123,0.0019362528269524656,0.007523685700782094,0.0002157738082103371,0.00021920299379064913,0.04516353062917328,0.0626441402653713,0.0636056484180435,0.4408473514335891,0.04620786439514749,0.2623465851460013,0.059842863495671944,0.06450555233224746
jbgFAstjYc4,1691,not_humor,14,0.4540273076522031,0.34806645821247784,0.19790622385750925,0.021936247939135813,0.002050019288227694,0.0015739920355762088,0.0006577603016921785,0.0021269666041397223,0.059333858999057805,0.1581586602094051,0.10751153846753628,0.02567449607054836,0.1288646488350683,0.42782552101250204,0.05712574357832117,0.09483940929307469
jblRGZESi5Y,1692,not_humor,31,0.32222178495759446,0.3258657855612616,0.3519124198975342,0.0028114275745822178,0.003275742954311652,0.007678296959174106,0.0003273607766342109,0.0008343011488191664,0.05958353804289213,0.2502942836933559,0.0922971012881927,0.0595114826142127,0.05447491460044177,0.49865330596484486,0.02326269999086376,0.021506210554376123
jpO9RtS5qIY,1976,not_humor,31,0.6859723359136091,0.2220422873093236,0.0919853862555277,0.14693236344816885,0.1573180711519296,0.137179164510716,0.02122164383810389,0.010560515157844601,0.3931546114542852,0.19167489636569254,0.24560259969063825,0.035361980099321136,0.034600548224613795,0.4158980636557023,0.039937521300969586,0.03692438653782911
jpvuq1-Pk4k,1977,regular_humor,31,0.2692228126444764,0.25012832570580706,0.48064885118735895,0.0031137213537154058,0.06765604683248731,0.11291922316764437,0.017164024858380623,0.0007468406432552353,0.2007255308769433,0.0716046386646227,0.14314805376794068,0.022726617506592564,0.2622065736101039,0.37570071685120404,0.028955949271368162,0.09565743773184236
jzPbYVlhFvo,1981,dark_humor,31,0.4654861647906082,0.32646886559744037,0.20804497553035617,0.013100893168631311,0.07009431492676207,0.10338680390568991,0.003292706982803441,0.0006583528283367594,0.23468318067851565,0.14740483764739287,0.2500510861225907,0.030645525653756434,0.08649837156389689,0.28946313915413713,0.03183913956426324,0.16409790647336311
k8IMietUe8Q,1983,regular_humor,31,0.2828911769714567,0.5465372184351567,0.1705715888510308,0.009814636139180362,0.021073616750542104,0.03681953728429958,0.004733841975159463,0.0005591078938338005,0.08060650118897038,0.08762943001103497,0.14240277689250727,0.10598167704208003,0.03333780521361698,0.4989209734203835,0.038898029942966754,0.09282929061972085
kA_WARUX-yY,1985,not_humor,31,0.32380330410125036,0.2607196739183799,0.4154770101961349,0.015008073923977903,0.06375480273263454,0.07752756773909149,0.008969801557184602,0.000998244491535344,0.1704959130429122,0.07256406242959201,0.09957110524297721,0.02603107276785698,0.23060148031330638,0.3183503290262794,0.052267182783614245,0.20061478817895537
kK5uQcWFxgY,1987,regular_humor,31,0.6091778032000987,0.32112325223222854,0.06969894641529649,0.00524344899778014,0.05677051425042127,0.06707450099131693,0.009194115702778236,0.00040490497344909535,0.13385128607830754,0.1023922563725782,0.19104412966407835,0.0349730767887987,0.07745667419587862,0.4206771587562417,0.0717961661472556,0.10166052741659505
kOmp2zqNn5E,1995,not_humor,31,0.17930802471575238,0.45432688223738826,0.3663650886606305,0.0014223136099791455,0.02063209171061434,0.03433224244274184,0.0005163156203061883,0.0004896109502653651,0.12714539196402316,0.08827180048120359,0.06082311188501696,0.03532288516984291,0.10494889433105145,0.5445445498691932,0.0863292733162281,0.07975949194177144
kPa_S6jN9ls,1996,not_humor,31,0.05974362063552103,0.31504933593133766,0.6252070400383203,0.0004349739225994375,0.009828936462591012,0.003618821318189974,0.0001720537024553895,0.00013418783243152223,0.02764930456290923,0.03937950185800512,0.026236025334876633,0.05739200247016044,0.14675694522297672,0.5270696919591676,0.04208137704840591,0.16108446629838116
kQqvUxqGMBc,1997,regular_humor,31,0.2721611286603635,0.39387371451143294,0.33396516590108793,0.0009717740941860322,0.005575665399984216,0.05133156712268359,0.0005972298458800651,0.0003564850480723826,0.09521847543674672,0.04615096035864084,0.14335119091875612,0.05007410371270511,0.10975165870003102,0.4165693440384442,0.033497661367178924,0.20060507626452995
kUU1BMbCT1c,1998,regular_humor,31,0.07990105803905716,0.24378166636151652,0.6763172768236648,0.0002101025597620455,0.0006259551958083325,0.0006825003121423745,0.00012146712082716065,0.00015273499030304412,0.015016808172672867,0.06759917890773184,0.04450166371891335,0.016787037775371102,0.19733531001744972,0.5295789709254619,0.03683494195161808,0.10736288526846517
kV9ekSi8eOM,1999,not_humor,21,0.2244719638755279,0.4525632087939552,0.32296482823966516,0.0006876044693247726,0.0342161402188053,0.0451258432384791,0.0030533007520716637,0.0003247666297413941,0.0528153973226879,0.0814529483073524,0.0338698307584439,0.024964238999278417,0.14198586976687824,0.575878071110873,0.03296326817057672,0.1088857694662043
kkMnCgzfuaA,2003,not_humor,4,0.04757519927807152,0.8178547322750092,0.13457008451223373,0.0006549791905854363,0.0026502290238568094,0.0032497638640052173,0.0001811626243579667,0.00019788627650996204,0.051830992408213206,0.031971183605492115,0.013646906765643507,0.020040400442667305,0.03316493844613433,0.5515504442155361,0.1126931484322995,0.2369329696521163
kmJzfUejIlU,2005,not_humor,31,0.3013272035656677,0.20951825446419178,0.48915454854948387,0.015465946528204386,0.02107618074167535,0.044946989380179964,0.002378279732393792,0.0005928412919597429,0.10658008611438075,0.13064425583973888,0.047314553604190866,0.06811722312798543,0.1021824823579781,0.4761682836519134,0.08179583896191851,0.09377737597171817
kus_DZCrxhk,2010,not_humor,31,0.3328344805406467,0.44955070148552617,0.2176148209180082,0.0003992296504645398,0.015720620339702545,0.06997657059306925,0.005629530993539975,0.0003421286943898116,0.0943675723918263,0.08685995277107483,0.06910800242856625,0.10444759844329148,0.04803643156699235,0.44063388793579034,0.12424296592061798,0.12667116610663792
kx0LW5A5rUY,2012,dark_humor,31,0.4083706467081943,0.31003817119785854,0.2815911817334352,0.057902853623325486,0.07028751382594853,0.058084285627457224,0.009661663744238115,0.0014774251047187604,0.17515594245032257,0.1346680921757774,0.12876764777296734,0.025245228198341903,0.11967031876256148,0.4964397391003947,0.03329964737302714,0.0619093291837001
kxJ_aSyIWGw,2013,not_humor,31,0.1592998011563454,0.33948310122134223,0.5012170934388714,0.0017814642990068082,0.01369072966025992,0.03120943077749783,0.0015435966023717137,0.0005025000549897912,0.07183408266639398,0.13207427421284298,0.028424992552778174,0.015739970637725725,0.190616839805678,0.4341100147594848,0.07245043584806544,0.12658348524822824
l9RcbpMb8sg,2016,not_humor,31,0.06288514241215683,0.2562533260413235,0.6808615308855811,0.00038324440022059265,0.008940177674840896,0.0021615361620206386,0.0001599270368798546,0.00018579736652393495,0.04619203478608641,0.05155925788811498,0.04601364367971978,0.04717328386651652,0.20713440657803608,0.49804882395772204,0.03641606568388881,0.11365451713302924
lBvFJtdgIX4,2018,not_humor,31,0.46602163837111044,0.2926458966347479,0.24133246270338854,0.004605105977633127,0.19018520512280143,0.2862689349698954,0.028297285145174923,0.0008573197340029442,0.35713344902521177,0.1648407046562962,0.18868876858464173,0.01672553104318438,0.08595106515642856,0.3028333593880938,0.06738152403023935,0.17357904663790139
lDWsvCu4Ois,2019,not_humor,31,0.4278716964557046,0.28510181798088935,0.28702650106542055,0.0037229463379199225,0.02433562409245379,0.034335095034029726,0.0007528780235236721,0.0003939065807630428,0.11358855072326297,0.2539639199911166,0.21815535456182494,0.005867452505269959,0.1663939463023487,0.2896178953740145,0.035429696094304804,0.030571725919857743
lEfbT1bbDEY,2020,not_humor,31,0.2800769313959585,0.3133435164007448,0.40657954416688413,0.0005659189191646874,0.007294036762510997,0.003117158247116623,0.00018311480779366026,0.00036743551097442244,0.06292426548034494,0.11903355978879958,0.10522192842026631,0.07885885092565009,0.1354352103719007,0.37649978171553344,0.03291167517853601,0.15203900085461716
lQz5aqjZ3lQ,2025,not_humor,31,0.09120856821086377,0.34447218357555326,0.5643192464786191,0.000949855585443607,0.0058220660580592535,0.0034996629636284086,0.0002033775850694867,0.0002640132696533035,0.04244559700225269,0.06833102780904982,0.04169636031973266,0.035026639523435266,0.08814605480180152,0.6407507239210029,0.05205105575582673,0.07399812947598196
lS1Tc-YtgbQ,2026,regular_humor,31,0.3987341033625266,0.31099811382591724,0.2902677767579594,0.0007851917236562699,0.005916693985777636,0.009898342759228282,0.00029219443944560725,0.0006155187732093186,0.06696821259514939,0.09485445894683982,0.17066092854515919,0.026502064819778164,0.08154661897119254,0.34333397613297545,0.19509416210254835,0.08800776675719046
lX06r1zGfA8,2028,not_humor,31,0.5818193485479681,0.33800864123529,0.08017201011159247,0.0015051632095316064,0.05988707271265617,0.043198262178902366,0.002017777452091386,0.0004715174173695907,0.10035670142725951,0.12340737586360305,0.1417751247251046,0.017522809981939294,0.06553938073545484,0.48984201445484593,0.05603128801205105,0.10588200851775435
lqCFYDKTg9k,2031,not_humor,31,0.4734746294937307,0.4111602815889543,0.11536508173711839,0.0018231154747134555,0.006049765485635538,0.00266227260703266,0.0001951516997876517,0.00037943992731837375,0.05343161106875707,0.11642335641438202,0.1805533936036931,0.01491370913760376,0.03622204682324082,0.4547574105522325,0.08214919896225535,0.11498087100617047
lrJpL5jNb-Q,2032,regular_humor,31,0.48368711199521297,0.32416259936026987,0.1921503019909705,0.014214739461632205,0.02810624076453443,0.053511020859361685,0.0014717042882224514,0.0017423388318650636,0.14895646133264828,0.08597507818992581,0.15724940490608494,0.03013673329053657,0.1537549121233995,0.3881961888663711,0.09582846773217522,0.08885920237779858
ls4-F9ikbxw,2033,regular_humor,31,0.4887901383542245,0.3367130684275781,0.17449678183202783,0.023874992624417158,0.08370765096286402,0.09086407958989919,0.004818858500173872,0.010146279553150488,0.23143753966677091,0.2571277809179118,0.15869733553019263,0.07967756108959176,0.037190727284929205,0.34679197120450195,0.06757680704486707,0.05293780281358669
lsm_37mAPf0,2034,regular_humor,31,0.3183286285042883,0.3657299215875326,0.3159414500058178,0.0013692345758411853,0.004811538336892432,0.011791770843574927,0.00024271965958178043,0.00028535352260317473,0.07148125810706388,0.07931842513742947,0.07691045105832839,0.04906484639392265,0.1550087395965332,0.4313805657589147,0.029559000654356373,0.17875797818264655
ltUpNuefxwg,2036,not_humor,31,0.3981972894360942,0.47289427417901253,0.1289084351381227,0.0005195500130104201,0.008638989565248091,0.03329695788382988,0.004161195451865018,0.008702912990326783,0.07582675741662481,0.08083315847081042,0.11048989406234826,0.04035764852643854,0.05996790689025675,0.3170057046076944,0.16364888696660917,0.2276967958840091
m5Xw4TMfDX8,2038,not_humor,31,0.2547703448743109,0.286590545348102,0.45863911381832534,0.0014556607432408078,0.004475971826562478,0.00790254810764905,0.00027289735894995713,0.00031571082006614175,0.05100209705884599,0.0933416630479417,0.09027475604107754,0.014244391564129582,0.282854838747411,0.45325193004382236,0.014355310066152484,0.051677115486874696
m89qKcVYifQ,2040,dark_humor,31,0.22304338306909607,0.36378991564795854,0.4131666972271858,0.026433524859209183,0.015734208593306494,0.023543270844628192,0.0023820433080770946,0.0010735471601477794,0.09779531232291652,0.11738845593326035,0.1794534548741555,0.05103676278714932,0.16122158482340315,0.2867575965806722,0.052610463447748654,0.15153167379509297
mAbsDFe-e-c,2041,not_humor,31,0.1255913595143225,0.5616195678049999,0.31278907483623875,0.0004681791685852072,0.0034890974563876946,0.0018101907025406799,0.00015882809337551494,0.00018798319163784805,0.039611565305911485,0.07536224609300975,0.05282942830554901,0.041926755697556564,0.06090468799905671,0.6738056011738316,0.04714940730181913,0.04802186321467161
mF1CzHfDUc8,2042,dark_humor,31,0.48091104200049756,0.36891518028513076,0.15017378594606154,0.0024102828169669656,0.10928244212259268,0.10431399750016299,0.004995285032031637,0.0009963555834650423,0.2631293181761829,0.19915817870247748,0.07700546896986422,0.013413220574523533,0.1322632923068839,0.3746639441758875,0.04311617390222607,0.1603797129918671
mHVAelSeQG4,2043,dark_humor,31,0.5813939080633703,0.31151992803619755,0.10708615416660905,0.12753111709870638,0.11848322431755913,0.08023890663096081,0.008667192817571754,0.0020176849936814826,0.29347009306037497,0.14729033779698394,0.14413717967052495,0.010436873077490036,0.06876464946488399,0.45160808274522424,0.05667019584366391,0.12109267059901369
mHjVzZhLcA8,2044,regular_humor,31,0.3693611037226454,0.48338047246779164,0.14725842645331735,0.0015030637380644498,0.014038839299070289,0.04684341230735769,0.0007051561828590029,0.00034127601365100654,0.10426470251085478,0.12554210385367756,0.09380874824109336,0.05166714954670639,0.017669784014053162,0.39775410540882616,0.06689001697175685,0.24666809054812597
mIuUUbQVuO0,2046,regular_humor,31,0.4591120624118635,0.30733856342492566,0.2335493801041476,0.007820366759739456,0.04197175754421961,0.06770106436611499,0.005776593203218879,0.001011993711619007,0.13260784667480977,0.18916509378581278,0.12112281050142501,0.01917972332317262,0.0803923866553833,0.36328249540360225,0.07840479006089511,0.14845269959374902
mMz6dUHvQTY,2049,not_humor,3,0.4561430054406325,0.18500284478068352,0.35885412835826475,0.0003461196756688878,0.001474436993400256,0.0032174666169642783,0.00018665503739612177,0.00024491040433834616,0.05036996939452365,0.072284746915102,0.3418393150592844,0.0034148850245401263,0.30423766252351925,0.2573637125703196,0.015568242563555637,0.005291464932573338
mPF4Z9-t6jg,2050,regular_humor,31,0.23330840774841846,0.39552567009964296,0.3711659200189094,0.00022610423113820293,0.000750982764950623,0.0011449158050855922,0.0001234852130554857,0.000161902348589783,0.020281098995192516,0.08253353908507814,0.09613354624279084,0.03937577708594261,0.1783395345912375,0.434938232895107,0.03829199254452702,0.13038737506365344
mTj6JVLJ01E,2051,regular_humor,31,0.31869077312970356,0.3615880723922483,0.31972114810900343,0.004682148750890197,0.04117528076148442,0.042248578011734234,0.0018959577461036162,0.00041452487541039683,0.12445461342764658,0.07330537130004697,0.10053044073133459,0.11767527550804399,0.05405550539839051,0.3859888151918928,0.08290325947135928,0.18554132243227814
mVK6sPX3wY8,2053,not_humor,31,0.23402068388438033,0.41625965928899183,0.34971967736078846,0.0009765134882106776,0.008973950327227583,0.032786176884978736,0.005719892184236913,0.0004307214811917454,0.06731891850828223,0.03885206108679995,0.039328049880550095,0.012772459367800864,0.2766419337281296,0.39572831937262126,0.17548995045193982,0.06118723418143007
mkw6cfNGvX4,2057,regular_humor,31,0.3310922884772862,0.33663341469101365,0.33227430806765634,0.028931024627508444,0.06281632013081934,0.06987275062842414,0.020778980598298667,0.001290725818469054,0.11327301611891016,0.1047360681958737,0.1050589349488878,0.031148467257979415,0.15176440195007732,0.43997729455511414,0.053917761298737696,0.11339706715737138
mmWilF-2vaM,2058,dark_humor,31,0.3942267431411892,0.3735740459373882,0.2321992130619624,0.002095465273727783,0.031329481811788414,0.019812502408674316,0.0005846381754963659,0.0005796322753491451,0.12846639307944344,0.1461045147190171,0.12365956595467945,0.0599491105381129,0.0797042676187571,0.322423919389445,0.17709576409880914,0.09106287781539704
mzOgnT1_Qdk,2063,regular_humor,31,0.2175435770393139,0.4246551510727694,0.3578012703407195,0.0007660769756072231,0.011686040607709136,0.02806039908788197,0.000718990680217112,0.0006130729124115239,0.06354984375760861,0.06601677721201052,0.09649158787027362,0.046076018836409334,0.13067980851196953,0.3759281910400117,0.06520644924603403,0.2196011691046278
nDyDwJQWbwY,2070,regular_humor,31,0.160669005551045,0.31105480382158873,0.5282761771532316,0.006290633642610403,0.034104147428391324,0.056712571616498605,0.014972662046221235,0.0005246669055439622,0.09112881071820494,0.07772896655895296,0.1126241757620817,0.016840380921606876,0.17878596163204602,0.43619194575735637,0.0774969547656515,0.10033160392495413
nfObE69TtHM,2072,not_humor,31,0.3222780540855902,0.4492112122055504,0.22851074171522934,0.0008402831571724926,0.012963377979523953,0.05034966176965334,0.002952731794427945,0.005453404822131439,0.07768466060553046,0.052429147297516465,0.05022366311881812,0.10460842319861835,0.0873079388533839,0.4202739304802831,0.10429337861827545,0.18086351575930754
nfirJM7Qy6k,2074,regular_humor,31,0.20728481401719392,0.29053465063653644,0.502180548084359,0.0105423648093429,0.07110610640102683,0.03336961025976756,0.0015445862539514388,0.007419046717264029,0.1569326995579045,0.06671595147570535,0.07898567695801537,0.03608427192798005,0.2477239003337379,0.4387207663347644,0.031886593551344926,0.09988285051358323
niN8WFJHw5M,2075,regular_humor,31,0.40675970400503325,0.4038542375689553,0.1893860620987271,0.0035106093447182267,0.009772792124779025,0.015260588076818104,0.0028327634272206905,0.04734203842212258,0.15890291591189923,0.15086588918441726,0.06063646752567541,0.0758757630716108,0.06773239833813521,0.30314763234327397,0.10685933262650524,0.23488250724791038
nryCz2_mf0Q,2077,regular_humor,31,0.33010641612382907,0.3162807448797168,0.3536128437507056,0.0035213914140307854,0.09467560341844576,0.09716051707096819,0.00486776386946252,0.0006164353647862651,0.22838726656834385,0.11092877089075985,0.22829890996217728,0.010224230074879503,0.13971367230143159,0.3277763343536325,0.038645998544750676,0.14441208753569593
ns931Pz9JfU,2078,not_humor,31,0.4281042808246228,0.3823902724731353,0.18950543992762123,0.0033560592926204984,0.019625273219125737,0.052896748402065805,0.0018446257555267713,0.0025145823028945033,0.11156796327709491,0.08169955435404254,0.13136150549548947,0.043324890816884655,0.16417316729653506,0.4007269676489335,0.06980411615222692,0.10890979566160709
nshOzf2KsW0,2080,regular_humor,31,0.2509494072292,0.5010087193861124,0.24804187526986485,0.0018311399340276576,0.0336238047311781,0.08179878499903416,0.008815266970721554,0.001043718203765175,0.11605626807525574,0.11413326533511281,0.08001908627826901,0.02797622688306165,0.09435751158068137,0.4089602832044024,0.08440353933181013,0.19015008772933675
nwezy-P6oWo,2082,not_humor,31,0.1689329712065838,0.40979766773600734,0.4212693638138233,0.003992104779406931,0.010194340184229546,0.031560897646892454,0.0007458809761315465,0.0007649221466459905,0.10335089291085399,0.05936751088067409,0.08937489603375716,0.018753978395609244,0.14311394723500276,0.5106225664457006,0.0722199377468637,0.10654717467109402
o0VgB9NoGz0,2084,not_humor,31,0.4413121572034734,0.3861325492541636,0.17255529190503782,0.09817882805392371,0.09187757227646803,0.11119235669555623,0.029326215368552854,0.006308682909988302,0.2958381706773634,0.10180155859298763,0.15943191983857222,0.04613484902450094,0.08914276661591665,0.45245363055578164,0.06333625179174687,0.08769904128125598
o5B4epiF2VY,2086,regular_humor,31,0.30052202688379875,0.2417898449385839,0.4576881292065786,0.002002341620203468,0.05592592249693905,0.07389472687857286,0.008904332255159745,0.0005673671856188335,0.1314384492786391,0.10537071419774645,0.12229223769052976,0.040500428571718775,0.23680672171382955,0.33730848509097294,0.04076155953319563,0.11695985770934532
oAP2bTWeEmc,2087,regular_humor,31,0.057964556219597015,0.42803840375235,0.5139970384958771,0.0004269298036477619,0.0008741268440292427,0.0018709095358292783,0.00016293897469069868,0.00027086898837531465,0.03258039006745563,0.047166294898957975,0.04890766320750117,0.09428133742673503,0.04553284489309355,0.6545167257708888,0.03588457087114934,0.0737105693307615
oL5t4LQpmUM,2090,not_humor,2,0.20965726301074028,0.5772238522768021,0.21311886049807072,0.022109307057689875,0.009090561274206266,0.003285709593910724,0.000515868938236963,0.0006737668518326245,0.12950004916638136,0.05048169940710068,0.017643360886722803,0.003496568533591926,0.28965072706341743,0.2289036363363266,0.0037293911445885897,0.40609462559223175
oWcJ0FFTov4,2092,not_humor,31,0.18528025941322407,0.44057955707032836,0.37414018028686125,0.014476032043720836,0.012583938959118489,0.006683886645459419,0.0008299753932195956,0.0006514739241890399,0.04564320416032006,0.0819925760564905,0.10044594694890323,0.0654239084763122,0.13335416380376106,0.3662818691903545,0.058032775793464914,0.1944687478619838
oY7tjh8RGXY,2094,dark_humor,31,0.34273280756878516,0.3787329157874469,0.2785342849430538,0.0007237132409617545,0.027911444644785427,0.07470092329106504,0.006025241110042008,0.0004908594104739266,0.09979985324823629,0.09440975854804198,0.04894518893167016,0.03628707881416044,0.10180215529286332,0.546268533314428,0.06496706496803992,0.1073202192257609
oYUYymsU-qs,2095,not_humor,31,0.2684496877369501,0.3060161219909787,0.42553419103064843,0.0019325031227650001,0.026927900469144655,0.12674804635659506,0.013353547767638379,0.0071257257330862266,0.2087089716036233,0.1547186213936056,0.14332919656449267,0.026138042010584724,0.1524639610828261,0.30507539110558646,0.05637527504304965,0.1618995162237796
ocJzXK3tMQM,2097,dark_humor,31,0.20790219920191674,0.2048746954890028,0.5872231127183524,0.0030029735879056278,0.022707389980261665,0.0592862900676048,0.00607924799354101,0.0004116179658130052,0.10178654120048328,0.05373133709203572,0.06220987912515299,0.03825403566682531,0.325392208052724,0.30750181851908565,0.04432697492020746,0.1685837566788729
of3KbcNPGh8,2098,dark_humor,31,0.5196751503934783,0.3544026984562797,0.1259221491824475,0.0025711654081767904,0.03962148136633914,0.0840345496079892,0.004096060771130837,0.034862532105293095,0.24317801138761663,0.16801116827334608,0.20766494939884833,0.033719293536588306,0.08005788174435316,0.39480882276210094,0.045497973164122914,0.0702399157190455
oiZvK6MY7tI,2099,not_humor,31,0.06455480930725893,0.3942681637502486,0.5411770286098603,0.00033197697484865785,0.0004853075947574971,0.0008641806587899825,0.0001243826146462872,0.0001639747976197771,0.011436917884801064,0.04561655649975423,0.039345686141807105,0.043383826888466794,0.07938478900600345,0.6853255170487589,0.042678723231919354,0.06426490707352998
osh1v6FqUhc,2102,regular_humor,31,0.6355170757179299,0.27314212569786656,0.09134079434818798,0.043135848842681415,0.13423897989935452,0.09455632892410992,0.009536495748175038,0.0022000553219714354,0.23006407866787706,0.13764701445677108,0.15285152961469947,0.10794479077336408,0.0602303262548371,0.42724353895192185,0.0461344926227485,0.06794831241601176
otRGvN0n6Jg,2103,dark_humor,13,0.12621327118876463,0.18713058531284332,0.6866561458087884,0.00036432240897109016,0.0011962809020098155,0.0012422442254879011,0.00013988229777449026,0.00017138337940335847,0.02913234687786406,0.022465345861676794,0.023845246728832044,0.050323651890861444,0.3396583729996704,0.38870390257439935,0.1293263306053212,0.04567715421748849
p-S5-mvGqfM,2106,regular_humor,31,0.4540693236424798,0.2998764608055353,0.24605422091460036,0.015286183446615694,0.12104022778258959,0.12600071842344704,0.006337737861735326,0.0005040045129604668,0.23474694223278353,0.08763674220761224,0.15230733651157108,0.018160946838062016,0.09849160606972873,0.5264978594477138,0.05232116525932666,0.06458434732180209
p1IG4hFWwtI,2107,dark_humor,31,0.4869397250454753,0.2928597154546409,0.22020055678102277,0.10471002087644828,0.09430568621516408,0.11839297050262816,0.008398859075368232,0.0024100338839249864,0.2888999711083729,0.12720489694226172,0.2011767984367907,0.042553911413696986,0.08502407551314982,0.41635870981600975,0.04786848826634307,0.07981314079745883
p643s3YfCxA,2111,regular_humor,24,0.19974585842768042,0.5038091481352845,0.29644497371433925,0.0017873671640700195,0.012561264001609137,0.03289581496392202,0.0006684157157602991,0.00022117936471962216,0.06566604116233066,0.05636651589884423,0.09557230419401701,0.052847546564104654,0.1186453192155265,0.5400883968298634,0.05156637549710771,0.0849135435031106
p8riRqfGdwY,2113,not_humor,31,0.3836475612385379,0.48779205749592475,0.12856037096090375,0.0021698716384801835,0.030948122484504334,0.06123595114050043,0.0014296662313075016,0.0009077701470232569,0.1556274417840365,0.0823580798272404,0.06948989492488064,0.01674711815036473,0.09144664199031409,0.4306052579514442,0.1215913312194208,0.18776166678646639
pFqc491jewM,2115,regular_humor,31,0.4683665214707294,0.36942619950540606,0.16220727146813466,0.003690218392875977,0.04293646356804417,0.013108693785221887,0.0010883441995716684,0.009162327450007245,0.1670326711591183,0.22486381805802305,0.06681306556903667,0.06236470707752291,0.024682572524574016,0.49097803877967017,0.036902447358795235,0.09339536139891753
pGd7J96-3a0,2116,regular_humor,31,0.5913621723772057,0.2794904766544219,0.1291473454405223,0.007503771668604215,0.02048892651134426,0.09909773003610392,0.007578857723508976,0.0027013553718138756,0.21895247942865675,0.1381076145091004,0.18855463657077523,0.12323674343286022,0.04546343476038366,0.2488018963110423,0.13214024969737134,0.12369542339846733
pI3HzJI_01A,2117,regular_humor,31,0.15968478053447702,0.30800274549232376,0.5323124931704614,0.0007293569492063516,0.004361809121497396,0.009413230154501845,0.0002821332201429252,0.0005333376170564143,0.06599335756242997,0.06593937135391659,0.05529007680654045,0.0528366883029981,0.1868837577245769,0.40693349681133706,0.09946673937262066,0.1326498612686391
pI_NfmgDB_Y,2118,dark_humor,31,0.09086560460949136,0.6059299819171429,0.30320440280822014,0.0021364766988910796,0.006152042522913807,0.015417302010445706,0.0005436796686075057,0.0007317117173618997,0.12576679286411813,0.08999135051553528,0.0320848808924277,0.11187432643266455,0.08724441159997255,0.5334143547281143,0.06288280165303618,0.08250786682530757
pK9X0fo2Q0g,2120,dark_humor,31,0.3242375691301159,0.38940500371879144,0.2863574374407049,0.0009796904637515845,0.027255540728219785,0.027920625447633587,0.0007255210472184474,0.00021272624965809706,0.06966156668720706,0.07305558446434236,0.08578220869023953,0.04709061003109861,0.07339038719393072,0.4947368073607645,0.05144536569564333,0.1744990277164165
pUFn8fU0d0c,2122,not_humor,31,0.13413483690800926,0.3925370445715324,0.4733281204957635,0.0004254914139540145,0.0008657539311248149,0.000863068885425286,0.00014811298399675457,0.0002117043876487221,0.030010517930702096,0.038021743485343554,0.05655651318750555,0.07368410172902289,0.07811653202178047,0.64273134274258,0.02891258367397372,0.08197717357148987
pVPGbbEOJDg,2123,regular_humor,31,0.4134486572396371,0.3950913784004027,0.19145997304229007,0.007887450141659487,0.07295330512128965,0.09380082292444704,0.015375696854466842,0.0008557712339567051,0.2111202840197591,0.1169879950673109,0.12793850713980295,0.038584475446822905,0.02176566144090987,0.4545536925415358,0.1414414049997445,0.09872826141485523
pZu8rjGI39s,2125,dark_humor,31,0.3638533892470502,0.3839387066902653,0.2522079040326418,0.0026782382943389576,0.03464160276991841,0.041934555515669464,0.007956221792189735,0.0004408451476915469,0.116005840067256,0.13228760108411794,0.108380981585792,0.011532886580924594,0.11692638961680894,0.3605675146945061,0.09241270842856818,0.17789191833787388
paFv5OJgXWE,2126,not_humor,31,0.30779182316825515,0.426706398687055,0.26550177809211517,0.0021381240179424266,0.09696238531849362,0.12969415353079733,0.03240929127881123,0.010696456379411112,0.17053985761876608,0.14580033798401634,0.10637026323351048,0.022269268400005756,0.13048408844418102,0.4923972981651464,0.051241786504584934,0.05143696548146827
pbgTRab0ffk,2127,regular_humor,31,0.1926242726359276,0.3084430840587424,0.4989326449651872,0.0008200044394470751,0.03344403557909367,0.09427050414594687,0.008196607190315732,0.0005148745389775404,0.16691434237309882,0.07655662029320674,0.10870415139746206,0.052704999535044116,0.14626881157633878,0.30913603655062616,0.08033159104055695,0.22629777317671407
pcYA9RfiEKw,2128,regular_humor,31,0.24168679488432263,0.26560042498092495,0.4927127785500019,0.001234949708657129,0.03458292333779091,0.08070009071455006,0.0012550258069231564,0.0004757066527681966,0.15521446674604028,0.12313432513826317,0.08094601403741587,0.03815082361501071,0.17839340040189844,0.43191087077702245,0.08314111017652097,0.06432346278621305
pck3xkL6tmQ,2129,regular_humor,31,0.1135233849917929,0.29809528592252926,0.5883813284397605,0.0003140586960662697,0.004411395806293454,0.036555468013243476,0.0010066911976713117,0.00023238295632895204,0.05180537283247817,0.0478197707899756,0.035028598325762654,0.038050867590842946,0.41574746352665487,0.33229099677485086,0.011983036172516164,0.11907924446202214
pqNFOJWFVQQ,2133,regular_humor,31,0.30215710547241953,0.2762097241657396,0.4216331634970923,0.0066820187268838765,0.07124093265203203,0.04918478826350052,0.0014287482896883552,0.0010971242936061425,0.1979855435671315,0.1187022408590682,0.1654905405256056,0.017931379321511957,0.17142392909004084,0.27706415359411507,0.02830576816303355,0.2210819756334287
psjv_z4E-sQ,2134,not_humor,31,0.25777441916626787,0.38819412730874553,0.35403145864726077,0.02427222560847088,0.02369788255506841,0.07307012598950326,0.008588442280597519,0.003164519423021815,0.13026742812719255,0.06591356558454854,0.048531082693502425,0.048239697158644575,0.12176370203134514,0.3843229926311441,0.12752481775298233,0.20370413734757853
qDdqMm00Mw4,2138,not_humor,31,0.15039921446042437,0.42020421976884526,0.42939656756577954,0.00039962658775039017,0.016911779858938027,0.03426971933156658,0.006001555234580601,0.0006111328175099897,0.07025971286554611,0.056315415446841786,0.05235078843824956,0.04716120644908158,0.2153608318560967,0.44959048318090816,0.039154668143319506,0.14006661269212922
qGN5fNRWuHE,2139,regular_humor,31,0.18720558996222192,0.36777695698002655,0.4450174517058317,0.0004185171663618436,0.010160541063786725,0.058535407931495066,0.001899670784393581,0.0003265155906011651,0.0749173725151547,0.09987552240941554,0.08125583412906816,0.05200348544730655,0.11528581570300664,0.5798947996940584,0.030991874695304903,0.04069267001168261
qHCjUk3XrVE,2140,not_humor,31,0.6176389851156743,0.2968371862605695,0.08552381765818404,0.005967053643900961,0.04102331970775155,0.042168802839437226,0.0015891246045113452,0.003445193732454021,0.15488382802540135,0.29208060391547697,0.14993362051374728,0.07633794294933098,0.03484370078395812,0.2862064501330737,0.09026770602400985,0.07032998685815162
qJCKF8NDs9E,2141,not_humor,31,0.5800754468242127,0.2553543500121563,0.1645702013836032,0.07037506098511644,0.07865041659040857,0.08009819683033012,0.017339920810275456,0.0018923802182994663,0.22787681793148118,0.22282346022585708,0.1253840385770966,0.013450237400379152,0.0782592724069893,0.3280517135656649,0.07155931439445985,0.16047196784206935
qKWUkR3R-aU,2142,regular_humor,31,0.3813156823237096,0.29877051954428036,0.3199137950826797,0.018058923497935007,0.031495423267422724,0.09656629843295612,0.007036786031676456,0.001543329253176888,0.18572963710926893,0.13117473515411537,0.10574838079722418,0.09051924676544243,0.19735413291416462,0.2907476876862347,0.08430848701391369,0.10014735268534071
qKbb-1UqH00,2144,regular_humor,31,0.3260018728793629,0.41663617232153494,0.25736195977116305,0.0017366566875528905,0.007707013319539387,0.007900835495092906,0.00032684591414797453,0.00041820710001986536,0.1005452707909318,0.13918963698069414,0.07235384928137664,0.024851568625308573,0.10456673612803101,0.48278075053296504,0.06484217075030169,0.11141528219224946
qQlXYlUJr5Q,2146,not_humor,2,0.22127234935760498,0.7015167772769928,0.07721089944243431,0.00015625866944901645,0.00022012210683897138,0.00021775364439236,9.596574091119692e-05,0.00010388657392468303,0.002248222997877747,0.024774198420345783,0.008919157786294818,0.03148926701396704,0.0036412555491551757,0.8323294520378113,0.059552150778472424,0.03929447382688522
qUFEkxNP6fc,2147,regular_humor,31,0.4091278269526459,0.399441291848498,0.1914308867417276,0.0004828709863959962,0.0035984286120266562,0.026674658289149163,0.0005925264129238654,0.0015225370868480945,0.07636770780100638,0.11051351709231254,0.12820854326409678,0.0370544531615451,0.040378317798322606,0.3651629515412834,0.11822809570378834,0.2004541279034569
qUqFHUklWHU,2149,regular_humor,31,0.19851833969099267,0.30849858757949644,0.49298306686743615,0.0004699245966490238,0.004132951729491564,0.046747957111708066,0.0007242132158998791,0.00032970417903984084,0.08761698688613251,0.0479296303932525,0.10000735713589576,0.029792702323081153,0.2576952868313979,0.24461083150198382,0.0962480635517427,0.22371612326993096
qb5H5asmjts,2152,regular_humor,31,0.12456500075096565,0.44373422146083846,0.43170078098773956,0.00017546794392288693,0.0002965572193422685,0.0004600478052687381,0.0001079299331796656,0.00012555618858670875,0.006391904690498186,0.11349968348569688,0.0346572651967196,0.023662391175035265,0.14233694266107294,0.6323088162368343,0.03302635922427139,0.02050853169132625
ql5v9dfohB0,2155,not_humor,31,0.42935921726447923,0.4462720299920728,0.12436876925189168,0.003328941697198447,0.06736739417735202,0.17499822413599525,0.010775215898672374,0.004058847567648627,0.28609509412725004,0.15441151393667585,0.08127920947323043,0.10210288621507765,0.13363728734604532,0.36417501852396994,0.0838276369181732,0.08056644658227602
qmTUAHpXAyQ,2157,not_humor,31,0.5988040319493702,0.3353102967864083,0.06588567590581314,0.008140847953918931,0.1922739853785794,0.16912557127615135,0.011250497100615663,0.009439679898693407,0.3463865982935644,0.21683250965490455,0.1717826872613401,0.02511543764041797,0.00843354254104798,0.37444701799822433,0.03928292798809707,0.1641058818354542
qp0IgnjaLRY,2159,regular_humor,31,0.6393585034886435,0.2677023581439449,0.0929391338459907,0.003304461094704757,0.08197742438783133,0.06166323203022682,0.0012153682025288412,0.0024083514365502785,0.22018149823153152,0.12686590361033356,0.30844070956922104,0.06814742350440112,0.04766229580291697,0.3066034274356019,0.060991580102352366,0.08128865347844699
qqJmlryhgiU,2161,not_humor,12,0.26415947017570335,0.3331883701806267,0.40265215281397104,0.0010801598825006902,0.020382156640456135,0.021628829004233314,0.00040730646045024815,0.0018151320503723885,0.13212494234903716,0.03865960026935985,0.19211893419075446,0.08314239430668142,0.07889659686285692,0.3895280336340268,0.026114252968303237,0.19154020969290286
qrBOQuS9JL8,2162,not_humor,31,0.14612049540324556,0.4003915798459803,0.45348793116488284,0.0009895097821079675,0.03101974277289569,0.014202591343482415,0.0004888064781440452,0.00018626068565701586,0.0612283025834439,0.04571311692932561,0.03539766982993892,0.047843785160371376,0.11715180596577064,0.4248582227005353,0.03859428044468645,0.29044112185346743
qsuz2bPMSlk,2163,regular_humor,19,0.1559152105872176,0.4298100814125256,0.4142747061131032,0.005574440990274429,0.024022783732538012,0.00605405906083577,0.000408498914207724,0.00036151769056328033,0.06281134486811138,0.05283007422756208,0.02531860555571161,0.09819641393168192,0.14022701899030884,0.563257619346443,0.04492124682292342,0.07524900858927715
qv34Ge4-Sao,2165,not_humor,31,0.31239283220812436,0.339771140517006,0.34783602118371953,0.002253158068689968,0.013728419671327086,0.014324657453295414,0.001441529537494775,0.01748217973245999,0.0933028100539119,0.07736123503456192,0.12868563169350608,0.04490741415065713,0.16602257070987816,0.4191475046663395,0.053378219851442886,0.11049742340635989
r0dp6quOn9k,2169,dark_humor,31,0.06987045975702424,0.6706459949453992,0.25948355419020497,0.00016514333049511356,0.0002771315851151162,0.0002795337594204372,0.00011337685094575488,0.00015198828107038993,0.003445026996139918,0.05277274768694394,0.028495288814508146,0.12697178105102672,0.1157899818593456,0.41866325785315806,0.19390392019563624,0.06340301956140226
r95jLiAJtaA,2174,not_humor,31,0.261635847344634,0.2743023924169041,0.4640617613199978,0.0030893024062782887,0.049855763256463466,0.021962547267790913,0.0028433689146749523,0.02313173645938326,0.12775093139592378,0.08352733734664658,0.10236601763209628,0.019275662444171407,0.2270087140871422,0.3062734353025594,0.06405203806747112,0.19749680458898505
rAd0okZKDtw,2176,regular_humor,31,0.3468361970998587,0.48707288707936963,0.16609091158475606,0.006446044416553641,0.021122383286109974,0.05565736682535404,0.002199683663240003,0.0008563408332373647,0.11916123808834762,0.12045625221705245,0.0491285496166036,0.05945252123544173,0.10138859016249978,0.5792975959277922,0.043468774724451285,0.04680771642785159
rBtAdrY7ubs,2177,regular_humor,31,0.5563005157596161,0.2533920617143233,0.19030741153044567,0.005738520651169482,0.12636645859005982,0.086943922447972,0.005711531200851765,0.0005485546141919199,0.20726297532899246,0.1635418078832088,0.15968728079009922,0.06402244990796692,0.05566976580303162,0.40842367511903566,0.04394610718854012,0.10470890535432245
rGqc08VihOI,2179,regular_humor,31,0.40189763208130197,0.2789224296688072,0.31917993112977955,0.018623721883012614,0.03544590539334627,0.015714020098394323,0.002761482545587745,0.03382096138610054,0.18035856817826448,0.11862465648371126,0.09075667392162065,0.06960282923706297,0.1300167127948014,0.4089473265884144,0.08425011117792418,0.09780168983965151
rLWKXXb6Uac,2181,not_humor,31,0.3801716542652538,0.42092695748133047,0.19890138654098397,0.002399303352332584,0.07294570130855596,0.13035804417825514,0.006209877216127596,0.0014510448604743297,0.23039314420255383,0.14923684919373162,0.14621216033570347,0.041786521812149834,0.09577150462052575,0.40204354582895196,0.05970287509262562,0.10524653632103675
rLypLxxslaI,2182,regular_humor,31,0.4333301777876313,0.2657245509326458,0.3009452597208081,0.0032545938560243457,0.024843414060136813,0.008418522227833408,0.00039443704571890374,0.00032345945651139765,0.11170646296100571,0.22726065817198926,0.1077081956412463,0.03759541255872576,0.035945797831030385,0.4115846523594472,0.09330137451029112,0.08660391341864822
rSiY6SZTaJc,2186,dark_humor,31,0.2470899646606056,0.4223497808580437,0.33056025405324274,0.005697486707152078,0.0036758767462508274,0.018567657768031612,0.0004237580606939211,0.0010272919232281106,0.08973727795490695,0.07857898257732872,0.046403599298378874,0.021303106326564784,0.19446721440181136,0.4523672460307998,0.0945348160701894,0.1123450371406732
raCEzmYcL2g,2188,regular_humor,31,0.21377731264088182,0.3589178914985349,0.42730478385102844,0.00026083638846513725,0.002154000051837835,0.02579097393449516,0.0004896668432329241,0.00019106603107385097,0.036321038967974846,0.07043304094188516,0.06919497845979829,0.025785049972792847,0.20262718164820165,0.5244882097167354,0.041203195574663336,0.06626835116185248
rjou6-OISP4,2190,not_humor,31,0.24846782629197883,0.4921637641926927,0.25936841745410233,0.012128954112995416,0.013951772151725186,0.03505848439489191,0.002592502215608669,0.0004373993839591651,0.08611746398063617,0.05770187864019986,0.05517562763622751,0.024487735564640213,0.11504864252938499,0.43812537899300935,0.10395638809178866,0.20550434723226052
rlr6JyITzHM,2191,not_humor,31,0.7258481371306604,0.20465369378366777,0.06949817004703707,0.02482046438672114,0.13794990404060245,0.11206271386782324,0.004683145907972263,0.0009222157114568437,0.30629328018309726,0.17700175717172603,0.2516688604298378,0.015210524892374393,0.015127252542316132,0.35808382036855385,0.1268039240591949,0.056103862609879505
roEtfSJZ7Ys,2192,not_humor,31,0.3801830015445669,0.3540172671238261,0.2657997328938255,0.0005470302496706286,0.016754038960977095,0.06517708654780197,0.001882814595216675,0.0005374223584376816,0.1573799590170834,0.12589920695210177,0.05757263482683488,0.21073157003810328,0.057744160072968134,0.3490661911050519,0.0445687576955665,0.15441748760114873
xDH9siLF8u0,29,dark_humor,31,0.20342267723754048,0.5183152828005052,0.27826204050272224,0.006288088890047924,0.03221491491656765,0.03785702085259536,0.0013392001036986439,0.0003336547630287016,0.06442646385215584,0.09182170571218576,0.0448544500433209,0.02709042370289324,0.0998577545772517,0.5840780637677638,0.03245941312202523,0.11983817895393699
xPi5CgUB8Zw,30,not_humor,31,0.116187154833648,0.4526052285706805,0.4312076203284725,0.0008929247091028599,0.0031546145642829698,0.003176798108935116,0.0006633009285114015,0.01750213088446124,0.06389986949920233,0.0383463021397831,0.030802694183113353,0.024236806650503328,0.23815333265660993,0.51586073663296,0.024188205209230224,0.12841192210814165
xTmRY5L7wT0,31,dark_humor,31,0.5247651128503945,0.2866791786115256,0.18855570253705786,0.012166262978421254,0.13322921352030995,0.06262424246655897,0.003266221348190635,0.0027520720076638335,0.2122577074896394,0.2253141714440238,0.14654917773910828,0.03123423186010651,0.10054036297069321,0.3683265455127243,0.03665455971514025,0.09138094955274174
xUrrguHV5SI,32,regular_humor,31,0.4027784615830188,0.32115435708434353,0.27606717896677796,0.01756100708500467,0.03884871410404993,0.05389093569829129,0.0011479257253438023,0.0014841014614625414,0.16791727235953835,0.09779926828078685,0.1042811670152831,0.02479596970783126,0.13423373371798306,0.4001439103496171,0.06158122003844549,0.1771647203563442
xgbjTu_qiJk,33,regular_humor,31,0.04643100185409909,0.3387716637714015,0.6147973288691813,0.0002588766543457525,0.0005464326339631131,0.0011082208079789134,0.00012850837975424985,0.00018442280528571217,0.01704834556139465,0.07106789508684268,0.05179102475860066,0.03956621992608322,0.2032569274832044,0.4815078566842262,0.03747017011647263,0.11533989851182748
xqvkHLatvE8,34,not_humor,31,0.31544278704771594,0.34537328503304915,0.33918392886557885,0.008304768917432445,0.03351114139114807,0.10722403843641176,0.0040721845617818254,0.0005354221516867138,0.16991759699979617,0.07757438584080627,0.06303233089537601,0.034847729887265054,0.24233136750614992,0.30833690685610615,0.09472846444846401,0.17914881622568973
xsuQF59QhuE,35,not_humor,31,0.1715060434259114,0.525774821098293,0.30271913135244,0.0002703893645253453,0.0012765276699229294,0.0006260813341566152,0.00011738879566696743,0.00015784360443977938,0.0148380009322277,0.06451430487927169,0.03803739479119559,0.019212823449408695,0.14204580501292743,0.5967068428759493,0.05423899942768678,0.0852438484979493
xuSJ_zQ_xvk,36,regular_humor,31,0.29079762611898685,0.280921989300799,0.4282803898977657,0.0018871163103481635,0.01931779595531313,0.0031966658819827343,0.00023789916327410948,0.00026236635617791647,0.07396911637249193,0.07109534489216222,0.06412529008793494,0.04870157097391183,0.25375126514043056,0.3332825282047833,0.0771508434667222,0.15189316086546187
y91-2ITboys,37,not_humor,31,0.18191653522362392,0.38963105556585137,0.42845241824585584,0.013355573008847122,0.009165632062978412,0.004381481921882369,0.0005767413552553814,0.0004879415329572024,0.06230798301534848,0.07824934554106046,0.06447672875477903,0.01702910918749929,0.22704650256632558,0.38054990433456914,0.028862508997741725,0.20378590196431165
y9TRCHqR6uw,38,dark_humor,31,0.39380728152220046,0.3134213354919226,0.29277136576392,0.010329934532262174,0.053783324329302676,0.1046715133927665,0.005089067409214969,0.01193709790517929,0.24837782631079935,0.20891627335860843,0.21494879351267893,0.03572999661593067,0.0864645473268484,0.29670729904225274,0.06658325754406472,0.0906498231324217
yR2L3JrG6GA,40,regular_humor,31,0.19612544852369015,0.4491010556418088,0.3547734867691273,0.000943527553669898,0.019584860522187345,0.009842364829138762,0.00033197793856097927,0.0002905292166096549,0.09169672873066438,0.03767772652434125,0.10243001288073438,0.017778850212174978,0.12768317213574906,0.5190956663235181,0.06881495877619713,0.12651961806207715
yRFeTgwx5lA,41,regular_humor,31,0.2260417118293023,0.37515655607585946,0.3988017481150887,0.00026741590690723953,0.006746204508911638,0.029381974721834393,0.0011554412300146424,0.0001919779040749305,0.034368722294006615,0.0640222903250927,0.0673392488425898,0.009255222501158114,0.18446959568668278,0.49135173953348593,0.07962324335840681,0.10393864794393941
yUO2TxF5uh8,42,regular_humor,31,0.21443883210961376,0.3476863479421985,0.4378748157422148,0.03143048987323944,0.041395652923740506,0.01617527108840389,0.0019786714854548807,0.0030195896984115543,0.13870708863326017,0.08406662263516937,0.116089605853983,0.012857891540343483,0.09845607548261122,0.4373863149854925,0.04938785148964774,0.20175563867744659
yiWbBC9rUMM,43,dark_humor,31,0.33960097923784727,0.3334423251329891,0.32695669426973306,0.0007306464418258158,0.004096419473024716,0.006513343021299901,0.0002584616755015187,0.0022533166906683736,0.06129914313374508,0.06013965615702252,0.07632095795481526,0.10877310076443057,0.13172529416624457,0.40062222317341833,0.09372662786664741,0.1286921227621215
yjdxNsuJk2o,44,regular_humor,31,0.14652768823678694,0.3896155753623574,0.46385673169166813,0.0008260494768394217,0.01772203426733012,0.020436271579162547,0.0003940491313246199,0.0003033196058353379,0.09545937401708215,0.06929322347165115,0.10546103330899871,0.02492821822881759,0.14954656735438132,0.4908454573803371,0.05291000223388114,0.10701550749100504
ypYyHMH0n4M,45,regular_humor,31,0.3227074135004753,0.36568902967677963,0.3116035508592763,0.0015278233617972282,0.007228847413282511,0.004645964616605441,0.0013085852990644203,0.020938865308820706,0.080859532189225,0.13137174401462318,0.06476406534033406,0.027898617336646683,0.12900979795132675,0.49936468924035227,0.061167311253807234,0.0864237800706178
zfvw_vnmRYQ,46,regular_humor,31,0.3714212398345192,0.2771561538289872,0.35142260001251296,0.02382884912836861,0.04519869559660419,0.04620450231173421,0.0041251346636037795,0.0006042621251019168,0.12729330132940725,0.11596068439464416,0.15297409418159194,0.02980465841509642,0.16159184794730297,0.37604317321412023,0.06637645084711333,0.09724906362938665
znT63TRyKHs,47,dark_humor,31,0.22875577196358673,0.3971665755154625,0.37407765916037944,0.003436337366433544,0.029789386973378337,0.056459618718250684,0.0026436834032797524,0.02054459724088027,0.13228393810793698,0.1464593852494633,0.058090657829457236,0.054061885592677904,0.1241479616522068,0.5137522810649487,0.031717023038635814,0.07177080415309436
znUF-QobGGY,48,dark_humor,31,0.21942935377779987,0.5354121565938957,0.24515847794170822,0.0011864817769814944,0.03038521995767951,0.02424271365499965,0.0005276692703069609,0.0008531618401438238,0.08620565688245059,0.12634541280567646,0.10476489632480568,0.011922084148071947,0.04791816135102342,0.4474628886748706,0.07376157185964045,0.18782499300376063
zvBXpoBegwE,49,regular_humor,31,0.14204739721777337,0.38518776284951356,0.4727648482507756,0.00043583641320677294,0.0009198797657342268,0.001881322595328393,0.00016020483669689707,0.00023158366140353705,0.02014901604308116,0.05858118103576764,0.03266175177827057,0.08611484105518509,0.10690818632757591,0.6000672160016913,0.05415745553440384,0.06150937851728691
