id,mean_disagreement,n_fields_used
697,0.75,4
812,0.75,4
795,0.6666666666666666,5
800,0.6666666666666666,4
837,0.6666666666666666,4
727,0.6,5
733,0.6,5
752,0.6,5
765,0.6,5
779,0.6,5
810,0.5833333333333333,4
839,0.5833333333333333,4
3,0.5333333333333333,5
39,0.5333333333333333,5
749,0.5333333333333333,5
792,0.5333333333333333,5
793,0.5333333333333333,5
743,0.5,6
41,0.5,4
699,0.5,4
